loan_id,original_balance,interest_rate,credit_score_band,ltv_band,dti_band,state,loan_purpose,occupancy_type,property_type,servicer_name,origination_month,term_months
LOAN_00000000,294228,0.05519326087764719,660-699,80-90%,>50%,TN,Cash-out Refinance,Primary,SFR,Servicer_E,2020-04,180
LOAN_00000001,161518,0.05453617385930698,660-699,<60%,20-30%,OH,Purchase,Primary,SFR,Servicer_E,2022-04,360
LOAN_00000002,272417,0.052769687574109686,660-699,70-80%,30-36%,MO,Purchase,Primary,SFR,Servicer_A,2021-12,360
LOAN_00000003,185627,0.04349641929195178,740-779,60-70%,43-50%,NC,Purchase,Investment,SFR,Servicer_E,2021-04,360
LOAN_00000004,258150,0.06938381907822266,<620,70-80%,30-36%,PA,Purchase,Investment,SFR,Servicer_C,2021-04,360
LOAN_00000005,82457,0.05064595359239815,700-739,<60%,43-50%,IL,Purchase,Primary,SFR,Servicer_B,2022-07,180
LOAN_00000006,168720,0.07211293746655219,<620,<60%,20-30%,PA,Refinance,Primary,SFR,Servicer_A,2020-04,360
LOAN_00000007,616592,0.0551529203824487,660-699,>100%,<20%,VA,Purchase,Primary,SFR,Servicer_D,2022-02,360
LOAN_00000008,449188,0.06278114716976854,620-659,90-100%,36-43%,IL,Purchase,Primary,SFR,Servicer_B,2020-08,360
LOAN_00000009,573503,0.061692515715564195,620-659,>100%,30-36%,GA,Purchase,Primary,2-4 Unit,Servicer_D,2020-04,360
LOAN_00000010,593540,0.045108703115789774,740-779,>100%,>50%,MA,Refinance,Investment,SFR,Servicer_C,2021-07,360
LOAN_00000011,415190,0.059406435058629865,620-659,90-100%,30-36%,MO,Cash-out Refinance,Primary,SFR,Servicer_E,2022-12,360
LOAN_00000012,236467,0.07813999533360527,<620,70-80%,<20%,AZ,Purchase,Primary,SFR,Servicer_D,2022-03,180
LOAN_00000013,176552,0.05801934703720428,620-659,60-70%,20-30%,NJ,Refinance,Primary,Condo,Servicer_D,2022-04,180
LOAN_00000014,526166,0.0658153208747161,<620,90-100%,30-36%,AZ,Cash-out Refinance,Primary,SFR,Servicer_C,2022-02,240
LOAN_00000015,306288,0.06331926213510622,620-659,80-90%,36-43%,NC,Refinance,Second Home,SFR,Servicer_C,2022-05,360
LOAN_00000016,1032002,0.058684595900379846,620-659,>100%,20-30%,PA,Refinance,Primary,SFR,Servicer_A,2021-07,180
LOAN_00000017,247075,0.057237744612696956,620-659,70-80%,36-43%,MA,Refinance,Primary,SFR,Servicer_D,2020-05,240
LOAN_00000018,795278,0.061567786709455605,620-659,>100%,>50%,FL,Cash-out Refinance,Primary,SFR,Servicer_D,2022-07,360
LOAN_00000019,274197,0.06415939055770735,<620,70-80%,30-36%,MD,Purchase,Second Home,Condo,Servicer_B,2021-05,240
LOAN_00000020,578401,0.03877403131538713,780+,>100%,36-43%,NC,Refinance,Primary,SFR,Servicer_A,2021-07,240
LOAN_00000021,692695,0.057967634669157456,620-659,>100%,20-30%,IN,Purchase,Primary,SFR,Servicer_D,2021-02,360
LOAN_00000022,177819,0.052791065431032194,660-699,60-70%,43-50%,TX,Purchase,Primary,SFR,Servicer_D,2020-07,360
LOAN_00000023,232698,0.0503016778761795,700-739,70-80%,20-30%,MI,Refinance,Primary,SFR,Servicer_D,2022-10,360
LOAN_00000024,176930,0.07055157254834288,<620,60-70%,36-43%,NC,Cash-out Refinance,Primary,SFR,Servicer_A,2022-05,360
LOAN_00000025,160336,0.04620224502323376,740-779,<60%,20-30%,GA,Cash-out Refinance,Primary,SFR,Servicer_E,2021-12,240
LOAN_00000026,413963,0.03826277127627998,780+,90-100%,<20%,NJ,Cash-out Refinance,Primary,SFR,Servicer_B,2021-03,360
LOAN_00000027,268790,0.06454859470463026,<620,70-80%,20-30%,AZ,Refinance,Primary,SFR,Servicer_B,2022-06,360
LOAN_00000028,304425,0.03795527372135333,780+,80-90%,20-30%,MD,Refinance,Primary,SFR,Servicer_C,2021-08,360
LOAN_00000029,391648,0.03186468306449724,780+,90-100%,43-50%,IN,Cash-out Refinance,Primary,SFR,Servicer_E,2021-04,360
LOAN_00000030,117161,0.06589921227987959,<620,<60%,20-30%,IL,Purchase,Second Home,SFR,Servicer_E,2021-05,360
LOAN_00000031,564323,0.05690466700674986,620-659,>100%,>50%,WI,Purchase,Primary,Condo,Servicer_A,2020-09,360
LOAN_00000032,249060,0.06067263552842531,620-659,70-80%,30-36%,MI,Purchase,Primary,SFR,Servicer_E,2020-04,360
LOAN_00000033,387008,0.04969086910264454,700-739,90-100%,20-30%,MI,Refinance,Primary,SFR,Servicer_D,2021-08,180
LOAN_00000034,404479,0.03838712642069177,780+,90-100%,30-36%,CA,Refinance,Primary,SFR,Servicer_E,2022-08,360
LOAN_00000035,588538,0.04077055343658799,740-779,>100%,20-30%,AZ,Cash-out Refinance,Primary,2-4 Unit,Servicer_E,2020-03,360
LOAN_00000036,281410,0.051733733206824596,700-739,70-80%,43-50%,MO,Purchase,Primary,SFR,Servicer_C,2022-07,360
LOAN_00000037,102557,0.0397311657049835,780+,<60%,<20%,PA,Cash-out Refinance,Primary,SFR,Servicer_A,2022-06,360
LOAN_00000038,305151,0.05868463488454784,620-659,80-90%,43-50%,MO,Refinance,Primary,SFR,Servicer_A,2020-10,180
LOAN_00000039,327863,0.049450504743586976,700-739,80-90%,<20%,TX,Cash-out Refinance,Primary,Condo,Servicer_D,2021-11,360
LOAN_00000040,176816,0.05722043256838367,620-659,60-70%,20-30%,WI,Purchase,Primary,2-4 Unit,Servicer_A,2020-06,360
LOAN_00000041,319254,0.05686177753871717,620-659,80-90%,<20%,PA,Refinance,Primary,SFR,Servicer_D,2022-04,360
LOAN_00000042,247580,0.05964159465309432,620-659,70-80%,36-43%,MI,Refinance,Investment,Manufactured,Servicer_A,2022-02,360
LOAN_00000043,151542,0.06099379032746798,620-659,<60%,30-36%,CA,Refinance,Primary,SFR,Servicer_E,2021-01,240
LOAN_00000044,414879,0.05087319291064906,700-739,90-100%,>50%,MO,Purchase,Primary,Condo,Servicer_B,2020-03,360
LOAN_00000045,223717,0.057207631199605966,620-659,60-70%,30-36%,NJ,Purchase,Primary,SFR,Servicer_A,2022-11,360
LOAN_00000046,242028,0.05783209754104209,620-659,70-80%,<20%,WI,Purchase,Second Home,2-4 Unit,Servicer_B,2021-05,360
LOAN_00000047,235322,0.025853316290879617,780+,70-80%,43-50%,GA,Purchase,Primary,2-4 Unit,Servicer_E,2022-09,240
LOAN_00000048,550036,0.06275830895031388,620-659,90-100%,36-43%,TX,Refinance,Investment,Condo,Servicer_C,2022-01,360
LOAN_00000049,290553,0.05679930635464302,620-659,80-90%,43-50%,AZ,Refinance,Primary,SFR,Servicer_E,2022-05,360
LOAN_00000050,308522,0.06176858638292285,620-659,80-90%,30-36%,NY,Refinance,Primary,SFR,Servicer_B,2022-04,360
LOAN_00000051,237918,0.03955787685463285,780+,70-80%,36-43%,WA,Purchase,Primary,SFR,Servicer_D,2020-08,360
LOAN_00000052,373784,0.05121072189805128,700-739,80-90%,20-30%,CA,Purchase,Primary,SFR,Servicer_A,2021-02,360
LOAN_00000053,582252,0.04190164652121303,740-779,>100%,>50%,NY,Refinance,Primary,Condo,Servicer_C,2021-05,360
LOAN_00000054,410007,0.0639352165145545,<620,90-100%,20-30%,WA,Refinance,Investment,SFR,Servicer_B,2021-06,360
LOAN_00000055,418082,0.03813860149517807,780+,90-100%,43-50%,AZ,Refinance,Primary,SFR,Servicer_D,2020-02,360
LOAN_00000056,401561,0.04385614261693215,740-779,90-100%,20-30%,NY,Refinance,Primary,SFR,Servicer_D,2021-08,180
LOAN_00000057,148728,0.06141176953926378,620-659,<60%,43-50%,NY,Cash-out Refinance,Primary,Condo,Servicer_A,2020-06,360
LOAN_00000058,191365,0.047447505612673024,700-739,60-70%,43-50%,MO,Cash-out Refinance,Primary,SFR,Servicer_D,2022-03,360
LOAN_00000059,267668,0.04385931211853129,740-779,70-80%,43-50%,CA,Refinance,Primary,SFR,Servicer_D,2022-01,180
LOAN_00000060,206296,0.0658806331544822,<620,60-70%,30-36%,IL,Purchase,Primary,SFR,Servicer_B,2022-10,360
LOAN_00000061,174160,0.06637254107910241,<620,60-70%,30-36%,WI,Purchase,Primary,SFR,Servicer_A,2022-03,360
LOAN_00000062,116298,0.06366485431049199,<620,<60%,43-50%,NJ,Refinance,Primary,SFR,Servicer_C,2021-02,360
LOAN_00000063,151256,0.06518451608728353,<620,<60%,36-43%,CA,Purchase,Investment,SFR,Servicer_B,2022-11,360
LOAN_00000064,260859,0.052221048652743324,660-699,70-80%,36-43%,MO,Purchase,Primary,SFR,Servicer_D,2021-03,360
LOAN_00000065,286440,0.05254488430436061,660-699,70-80%,20-30%,OH,Purchase,Primary,SFR,Servicer_A,2020-12,360
LOAN_00000066,199480,0.04722302465759677,700-739,60-70%,30-36%,MA,Cash-out Refinance,Investment,Manufactured,Servicer_B,2022-09,180
LOAN_00000067,308495,0.05701275001259173,620-659,80-90%,30-36%,WA,Purchase,Primary,SFR,Servicer_D,2021-02,180
LOAN_00000068,238728,0.04866522007208982,700-739,70-80%,36-43%,GA,Refinance,Primary,SFR,Servicer_E,2020-03,360
LOAN_00000069,511594,0.04980320552887627,700-739,90-100%,20-30%,GA,Cash-out Refinance,Second Home,2-4 Unit,Servicer_C,2021-05,360
LOAN_00000070,273535,0.0621988052077948,620-659,70-80%,30-36%,VA,Refinance,Primary,2-4 Unit,Servicer_A,2022-05,180
LOAN_00000071,420065,0.06921447094617256,<620,90-100%,43-50%,GA,Purchase,Primary,SFR,Servicer_D,2020-07,360
LOAN_00000072,328274,0.05977912305124114,620-659,80-90%,30-36%,NY,Cash-out Refinance,Primary,SFR,Servicer_A,2021-05,360
LOAN_00000073,147114,0.07653179038291082,<620,<60%,43-50%,MA,Refinance,Primary,SFR,Servicer_A,2020-05,360
LOAN_00000074,283415,0.04653381313560702,740-779,70-80%,20-30%,AZ,Purchase,Primary,SFR,Servicer_D,2022-01,360
LOAN_00000075,159881,0.032944304329488895,780+,<60%,30-36%,WA,Refinance,Primary,SFR,Servicer_B,2021-06,360
LOAN_00000076,280952,0.06357553467507465,<620,70-80%,30-36%,MA,Purchase,Primary,SFR,Servicer_A,2020-12,360
LOAN_00000077,204318,0.04573799736823922,740-779,60-70%,30-36%,NJ,Refinance,Primary,SFR,Servicer_C,2020-09,360
LOAN_00000078,358965,0.051715693098695635,700-739,80-90%,36-43%,MD,Cash-out Refinance,Primary,SFR,Servicer_B,2021-09,180
LOAN_00000079,151573,0.03376244187854652,780+,<60%,<20%,MO,Refinance,Primary,2-4 Unit,Servicer_D,2022-01,360
LOAN_00000080,298746,0.04420947703185008,740-779,80-90%,30-36%,WI,Cash-out Refinance,Primary,SFR,Servicer_E,2022-10,180
LOAN_00000081,394828,0.03697327100104916,780+,90-100%,<20%,FL,Purchase,Primary,Manufactured,Servicer_A,2021-04,360
LOAN_00000082,466866,0.04978836083895636,700-739,90-100%,36-43%,FL,Cash-out Refinance,Primary,SFR,Servicer_D,2020-06,180
LOAN_00000083,202382,0.0502653820734046,700-739,60-70%,43-50%,MI,Refinance,Investment,Manufactured,Servicer_D,2022-06,240
LOAN_00000084,299202,0.056079524938578505,660-699,80-90%,<20%,AZ,Purchase,Second Home,Condo,Servicer_E,2021-11,180
LOAN_00000085,325160,0.0698766755722621,<620,80-90%,30-36%,IL,Cash-out Refinance,Primary,SFR,Servicer_B,2022-02,360
LOAN_00000086,642783,0.06312287517877382,620-659,>100%,30-36%,FL,Cash-out Refinance,Primary,SFR,Servicer_A,2020-04,360
LOAN_00000087,141398,0.03553396436547423,780+,<60%,36-43%,CA,Purchase,Primary,SFR,Servicer_E,2020-12,240
LOAN_00000088,188047,0.06229618522735428,620-659,60-70%,<20%,VA,Refinance,Investment,Condo,Servicer_A,2022-04,360
LOAN_00000089,1205290,0.05634105636929752,660-699,>100%,30-36%,WI,Purchase,Primary,SFR,Servicer_C,2022-06,360
LOAN_00000090,258706,0.05382608281556683,660-699,70-80%,43-50%,MI,Purchase,Primary,Condo,Servicer_D,2021-04,360
LOAN_00000091,115208,0.05472760564075329,660-699,<60%,30-36%,MA,Purchase,Primary,2-4 Unit,Servicer_A,2022-05,360
LOAN_00000092,221621,0.05745462913703506,620-659,60-70%,36-43%,TX,Purchase,Second Home,SFR,Servicer_B,2022-07,360
LOAN_00000093,74277,0.04669735850783722,740-779,<60%,30-36%,IL,Purchase,Primary,SFR,Servicer_A,2021-02,180
LOAN_00000094,334522,0.05281178970970431,660-699,80-90%,>50%,AZ,Purchase,Primary,2-4 Unit,Servicer_E,2022-09,360
LOAN_00000095,444583,0.06920726948670201,<620,90-100%,<20%,NC,Cash-out Refinance,Investment,Condo,Servicer_B,2020-11,360
LOAN_00000096,187994,0.0465531305868936,740-779,60-70%,<20%,CA,Purchase,Primary,SFR,Servicer_D,2020-09,180
LOAN_00000097,234365,0.04264134428589886,740-779,70-80%,30-36%,IL,Cash-out Refinance,Primary,SFR,Servicer_B,2022-01,360
LOAN_00000098,470629,0.05425951182551379,660-699,90-100%,30-36%,TN,Purchase,Primary,SFR,Servicer_D,2021-11,360
LOAN_00000099,123610,0.04143320251892383,740-779,<60%,36-43%,AZ,Purchase,Primary,SFR,Servicer_D,2020-06,360
LOAN_00000100,153156,0.034326602542547935,780+,<60%,20-30%,IN,Refinance,Primary,SFR,Servicer_A,2022-06,360
LOAN_00000101,264591,0.0508663938751022,700-739,70-80%,20-30%,GA,Purchase,Primary,Manufactured,Servicer_D,2020-08,360
LOAN_00000102,203583,0.07238346261476708,<620,60-70%,36-43%,MD,Purchase,Primary,SFR,Servicer_D,2022-05,360
LOAN_00000103,256034,0.05453675084947728,660-699,70-80%,20-30%,MD,Cash-out Refinance,Primary,SFR,Servicer_A,2020-01,360
LOAN_00000104,157648,0.05714292513337856,620-659,<60%,36-43%,GA,Purchase,Primary,SFR,Servicer_B,2022-05,180
LOAN_00000105,330101,0.029438219702186495,780+,80-90%,36-43%,IL,Purchase,Primary,2-4 Unit,Servicer_E,2022-05,180
LOAN_00000106,275235,0.06025750590929137,620-659,70-80%,<20%,WI,Refinance,Primary,SFR,Servicer_C,2022-05,360
LOAN_00000107,390270,0.0561203903357175,660-699,90-100%,36-43%,OH,Purchase,Second Home,SFR,Servicer_A,2021-12,240
LOAN_00000108,327813,0.04702102206352775,740-779,80-90%,43-50%,MI,Refinance,Primary,SFR,Servicer_D,2021-05,360
LOAN_00000109,328846,0.05716060565682849,620-659,80-90%,43-50%,MD,Purchase,Primary,SFR,Servicer_D,2022-02,360
LOAN_00000110,143896,0.05704145940589552,620-659,<60%,<20%,PA,Purchase,Primary,SFR,Servicer_C,2020-10,360
LOAN_00000111,379380,0.04228614485970478,740-779,80-90%,30-36%,MO,Purchase,Primary,SFR,Servicer_A,2022-05,360
LOAN_00000112,251341,0.05898224472135891,620-659,70-80%,>50%,NY,Purchase,Primary,SFR,Servicer_A,2021-09,360
LOAN_00000113,272856,0.06936562507032586,<620,70-80%,36-43%,PA,Refinance,Primary,SFR,Servicer_B,2021-05,360
LOAN_00000114,500885,0.0522647022943178,660-699,90-100%,20-30%,GA,Cash-out Refinance,Primary,SFR,Servicer_C,2021-07,360
LOAN_00000115,206960,0.044588869570754704,740-779,60-70%,20-30%,MI,Refinance,Primary,Condo,Servicer_D,2021-09,360
LOAN_00000116,582795,0.05286903916237926,660-699,>100%,36-43%,IL,Purchase,Second Home,SFR,Servicer_D,2020-02,240
LOAN_00000117,610624,0.06525535834077315,<620,>100%,43-50%,MO,Cash-out Refinance,Primary,Manufactured,Servicer_B,2020-06,360
LOAN_00000118,432091,0.04028417392843273,740-779,90-100%,>50%,AZ,Refinance,Primary,SFR,Servicer_D,2020-09,360
LOAN_00000119,181623,0.06194269910541017,620-659,60-70%,>50%,AZ,Purchase,Primary,SFR,Servicer_A,2020-05,360
LOAN_00000120,99394,0.04686382649775423,740-779,<60%,20-30%,MA,Purchase,Primary,SFR,Servicer_A,2021-04,360
LOAN_00000121,508600,0.05790475697655685,620-659,90-100%,36-43%,WA,Purchase,Second Home,SFR,Servicer_D,2022-01,360
LOAN_00000122,313543,0.04822802469945324,700-739,80-90%,<20%,WA,Purchase,Primary,SFR,Servicer_E,2021-12,240
LOAN_00000123,204311,0.04819579653902127,700-739,60-70%,<20%,AZ,Purchase,Primary,SFR,Servicer_D,2021-05,360
LOAN_00000124,533268,0.07327713899482058,<620,90-100%,<20%,MA,Purchase,Primary,Manufactured,Servicer_C,2022-07,360
LOAN_00000125,192763,0.0380909609135981,780+,60-70%,>50%,MD,Cash-out Refinance,Investment,SFR,Servicer_E,2021-09,360
LOAN_00000126,239886,0.06082439413054653,620-659,70-80%,20-30%,NY,Purchase,Primary,SFR,Servicer_B,2020-03,360
LOAN_00000127,385557,0.07577589293105544,<620,90-100%,30-36%,NJ,Purchase,Second Home,SFR,Servicer_D,2022-04,360
LOAN_00000128,169939,0.06322626311767388,620-659,<60%,30-36%,NY,Cash-out Refinance,Primary,SFR,Servicer_D,2021-09,360
LOAN_00000129,280761,0.039026835771529815,780+,70-80%,20-30%,NY,Refinance,Second Home,SFR,Servicer_A,2021-11,240
LOAN_00000130,511226,0.039621033893015134,780+,90-100%,30-36%,MD,Purchase,Second Home,Condo,Servicer_E,2021-09,180
LOAN_00000131,329573,0.04598049548024318,740-779,80-90%,<20%,MI,Purchase,Primary,Manufactured,Servicer_D,2021-08,360
LOAN_00000132,553331,0.056894894938238495,620-659,90-100%,30-36%,MA,Refinance,Investment,2-4 Unit,Servicer_B,2020-04,360
LOAN_00000133,522719,0.05771131232906863,620-659,90-100%,30-36%,MA,Purchase,Investment,SFR,Servicer_E,2021-09,360
LOAN_00000134,297708,0.03973964134840369,780+,80-90%,43-50%,CA,Refinance,Investment,SFR,Servicer_B,2022-05,360
LOAN_00000135,92192,0.0445269104986364,740-779,<60%,36-43%,MI,Cash-out Refinance,Primary,SFR,Servicer_A,2020-11,360
LOAN_00000136,170606,0.045262210156239754,740-779,<60%,43-50%,NY,Refinance,Primary,SFR,Servicer_D,2021-10,360
LOAN_00000137,434376,0.052831038302621286,660-699,90-100%,30-36%,OH,Cash-out Refinance,Primary,SFR,Servicer_A,2020-02,240
LOAN_00000138,136608,0.07881634548749289,<620,<60%,<20%,NY,Refinance,Primary,SFR,Servicer_C,2021-01,360
LOAN_00000139,251866,0.043801755212518625,740-779,70-80%,30-36%,AZ,Refinance,Primary,SFR,Servicer_D,2021-04,240
LOAN_00000140,351245,0.04327650600237054,740-779,80-90%,>50%,FL,Purchase,Primary,Condo,Servicer_A,2022-12,360
LOAN_00000141,618334,0.04140231645827387,740-779,>100%,20-30%,MI,Purchase,Investment,Condo,Servicer_D,2020-08,360
LOAN_00000142,222457,0.06262653485490678,620-659,60-70%,20-30%,OH,Purchase,Primary,2-4 Unit,Servicer_C,2020-10,360
LOAN_00000143,214970,0.054503900843738774,660-699,60-70%,>50%,WI,Refinance,Primary,SFR,Servicer_B,2021-03,360
LOAN_00000144,288883,0.0442452814219605,740-779,70-80%,>50%,TN,Purchase,Primary,2-4 Unit,Servicer_A,2022-12,360
LOAN_00000145,353435,0.050646452994660016,700-739,80-90%,<20%,GA,Refinance,Primary,SFR,Servicer_D,2022-07,360
LOAN_00000146,274546,0.045501876388507584,740-779,70-80%,43-50%,PA,Purchase,Primary,SFR,Servicer_A,2020-02,360
LOAN_00000147,501136,0.05855069537427095,620-659,90-100%,30-36%,MA,Refinance,Primary,SFR,Servicer_A,2020-09,360
LOAN_00000148,198874,0.08721251928155603,<620,60-70%,30-36%,WA,Purchase,Primary,SFR,Servicer_B,2022-06,360
LOAN_00000149,314922,0.06161037286830684,620-659,80-90%,30-36%,VA,Cash-out Refinance,Second Home,SFR,Servicer_C,2020-03,360
LOAN_00000150,370499,0.05388413781871164,660-699,80-90%,>50%,TX,Purchase,Primary,Condo,Servicer_E,2022-07,360
LOAN_00000151,242773,0.04702029415014457,740-779,70-80%,20-30%,TX,Refinance,Primary,SFR,Servicer_D,2020-11,360
LOAN_00000152,451285,0.03887919901738181,780+,90-100%,43-50%,WA,Refinance,Primary,2-4 Unit,Servicer_D,2022-10,360
LOAN_00000153,319489,0.06380427677683642,<620,80-90%,<20%,MI,Purchase,Primary,SFR,Servicer_A,2020-11,360
LOAN_00000154,439952,0.06315225014039584,620-659,90-100%,36-43%,IN,Cash-out Refinance,Primary,Condo,Servicer_D,2021-04,360
LOAN_00000155,326783,0.049406788039710325,700-739,80-90%,36-43%,CA,Cash-out Refinance,Second Home,2-4 Unit,Servicer_B,2021-12,360
LOAN_00000156,357969,0.06956000779531142,<620,80-90%,43-50%,NY,Refinance,Primary,SFR,Servicer_C,2020-05,360
LOAN_00000157,216166,0.05525328326662102,660-699,60-70%,>50%,TN,Cash-out Refinance,Primary,2-4 Unit,Servicer_D,2021-09,360
LOAN_00000158,216341,0.06429712882474162,<620,60-70%,43-50%,WI,Purchase,Primary,SFR,Servicer_A,2021-07,180
LOAN_00000159,546996,0.058554364024396136,620-659,90-100%,36-43%,MA,Cash-out Refinance,Primary,SFR,Servicer_B,2022-05,240
LOAN_00000160,407483,0.05287436944146834,660-699,90-100%,20-30%,CA,Cash-out Refinance,Primary,SFR,Servicer_B,2022-12,360
LOAN_00000161,177818,0.04354138466431016,740-779,60-70%,>50%,TX,Refinance,Primary,SFR,Servicer_E,2021-12,360
LOAN_00000162,324626,0.05325356089164794,660-699,80-90%,30-36%,MO,Cash-out Refinance,Primary,SFR,Servicer_E,2021-03,360
LOAN_00000163,90500,0.06510460802673816,<620,<60%,30-36%,MI,Refinance,Primary,SFR,Servicer_E,2021-03,240
LOAN_00000164,222577,0.048902378657206876,700-739,60-70%,30-36%,MI,Refinance,Primary,SFR,Servicer_C,2021-04,360
LOAN_00000165,479507,0.06027689674723814,620-659,90-100%,30-36%,WI,Refinance,Primary,SFR,Servicer_D,2022-06,360
LOAN_00000166,278570,0.04200716941571196,740-779,70-80%,36-43%,IL,Purchase,Primary,Manufactured,Servicer_D,2020-12,360
LOAN_00000167,314568,0.0643607000335643,<620,80-90%,20-30%,PA,Refinance,Primary,2-4 Unit,Servicer_D,2020-07,180
LOAN_00000168,65631,0.05875529603787954,620-659,<60%,20-30%,AZ,Purchase,Primary,SFR,Servicer_D,2021-01,360
LOAN_00000169,243743,0.04057467089396199,740-779,70-80%,>50%,MD,Refinance,Second Home,SFR,Servicer_E,2020-01,360
LOAN_00000170,351208,0.05231182571774065,660-699,80-90%,>50%,GA,Refinance,Primary,SFR,Servicer_B,2020-04,360
LOAN_00000171,374237,0.06617729091182044,<620,80-90%,30-36%,NY,Purchase,Primary,SFR,Servicer_D,2020-04,360
LOAN_00000172,479825,0.03989160951216131,740-779,90-100%,>50%,TX,Purchase,Primary,SFR,Servicer_D,2022-04,360
LOAN_00000173,266964,0.042148597136500786,740-779,70-80%,30-36%,CA,Purchase,Primary,Condo,Servicer_D,2022-03,360
LOAN_00000174,272984,0.05416603654256208,660-699,70-80%,30-36%,GA,Refinance,Second Home,SFR,Servicer_E,2022-02,360
LOAN_00000175,152350,0.08059996876518633,<620,<60%,>50%,NJ,Purchase,Primary,SFR,Servicer_A,2021-05,360
LOAN_00000176,267731,0.04692906299152602,740-779,70-80%,36-43%,MI,Purchase,Second Home,SFR,Servicer_E,2022-02,360
LOAN_00000177,157820,0.06094328799502595,620-659,<60%,43-50%,IL,Purchase,Primary,2-4 Unit,Servicer_E,2020-06,360
LOAN_00000178,117720,0.058121624891216216,620-659,<60%,30-36%,AZ,Purchase,Primary,SFR,Servicer_E,2022-09,360
LOAN_00000179,172372,0.04792576119681347,700-739,60-70%,30-36%,MO,Purchase,Primary,SFR,Servicer_B,2021-07,360
LOAN_00000180,630546,0.0569336002214185,620-659,>100%,<20%,IL,Purchase,Primary,SFR,Servicer_C,2022-10,360
LOAN_00000181,259035,0.04962598405486054,700-739,70-80%,>50%,AZ,Refinance,Primary,SFR,Servicer_A,2020-06,360
LOAN_00000182,331021,0.05070634251860186,700-739,80-90%,20-30%,NJ,Refinance,Primary,SFR,Servicer_A,2021-06,240
LOAN_00000183,229406,0.0350647371667224,780+,70-80%,30-36%,AZ,Cash-out Refinance,Primary,SFR,Servicer_C,2022-02,360
LOAN_00000184,121142,0.05470676518160414,660-699,<60%,<20%,CA,Purchase,Investment,SFR,Servicer_E,2021-06,360
LOAN_00000185,473570,0.0657891220794706,<620,90-100%,36-43%,AZ,Purchase,Primary,SFR,Servicer_B,2021-05,360
LOAN_00000186,100097,0.055689109297356224,660-699,<60%,30-36%,MA,Purchase,Primary,Manufactured,Servicer_D,2020-06,240
LOAN_00000187,224718,0.06808609312986916,<620,60-70%,43-50%,AZ,Refinance,Investment,Condo,Servicer_A,2021-02,360
LOAN_00000188,288569,0.06196392935134021,620-659,70-80%,30-36%,IN,Purchase,Primary,2-4 Unit,Servicer_A,2020-09,360
LOAN_00000189,332782,0.05428550432403736,660-699,80-90%,<20%,MA,Purchase,Primary,SFR,Servicer_D,2020-11,360
LOAN_00000190,206233,0.047464893363918174,700-739,60-70%,<20%,WI,Refinance,Primary,2-4 Unit,Servicer_B,2022-01,360
LOAN_00000191,118304,0.049164835415663154,700-739,<60%,20-30%,AZ,Purchase,Primary,Condo,Servicer_A,2021-11,360
LOAN_00000192,198680,0.03735387431275454,780+,60-70%,36-43%,NC,Refinance,Investment,SFR,Servicer_E,2021-10,360
LOAN_00000193,203948,0.05179505331882009,700-739,60-70%,43-50%,IN,Refinance,Investment,SFR,Servicer_E,2021-02,360
LOAN_00000194,201481,0.056751985102769846,620-659,60-70%,20-30%,AZ,Cash-out Refinance,Primary,SFR,Servicer_A,2022-11,360
LOAN_00000195,481677,0.0755850531735908,<620,90-100%,30-36%,VA,Purchase,Investment,Condo,Servicer_E,2020-04,240
LOAN_00000196,161651,0.06133984387934652,620-659,<60%,20-30%,VA,Purchase,Primary,SFR,Servicer_A,2021-01,360
LOAN_00000197,344720,0.044621752238344276,740-779,80-90%,43-50%,GA,Refinance,Primary,SFR,Servicer_D,2020-05,180
LOAN_00000198,320984,0.037727580693774326,780+,80-90%,>50%,WA,Purchase,Primary,Condo,Servicer_D,2021-01,360
LOAN_00000199,479369,0.05252137495354513,660-699,90-100%,43-50%,MI,Purchase,Primary,Condo,Servicer_B,2022-11,360
LOAN_00000200,277460,0.064741173361933,<620,70-80%,<20%,FL,Purchase,Primary,SFR,Servicer_A,2021-02,360
LOAN_00000201,440455,0.05235260395966734,660-699,90-100%,30-36%,NC,Purchase,Primary,2-4 Unit,Servicer_C,2022-09,360
LOAN_00000202,272090,0.06150381010006715,620-659,70-80%,>50%,MD,Purchase,Investment,SFR,Servicer_E,2021-06,360
LOAN_00000203,368500,0.05282649460897374,660-699,80-90%,20-30%,OH,Refinance,Primary,Condo,Servicer_A,2022-02,360
LOAN_00000204,139878,0.06360400521658718,<620,<60%,36-43%,AZ,Cash-out Refinance,Second Home,SFR,Servicer_E,2021-05,360
LOAN_00000205,79289,0.03583290372753206,780+,<60%,>50%,NC,Purchase,Primary,SFR,Servicer_D,2020-10,360
LOAN_00000206,358173,0.07425018544175321,<620,80-90%,43-50%,PA,Refinance,Primary,SFR,Servicer_E,2022-04,360
LOAN_00000207,367909,0.04165019862131547,740-779,80-90%,36-43%,GA,Cash-out Refinance,Primary,Condo,Servicer_B,2022-11,240
LOAN_00000208,376152,0.06452478795675733,<620,80-90%,30-36%,WI,Purchase,Primary,SFR,Servicer_D,2020-10,240
LOAN_00000209,228098,0.051733792063972536,700-739,70-80%,>50%,FL,Refinance,Second Home,SFR,Servicer_C,2022-05,360
LOAN_00000210,624596,0.05361006519559719,660-699,>100%,30-36%,AZ,Purchase,Primary,SFR,Servicer_D,2020-10,360
LOAN_00000211,235640,0.05210677712835822,660-699,70-80%,>50%,IN,Cash-out Refinance,Primary,SFR,Servicer_A,2022-02,240
LOAN_00000212,366018,0.05806725502061792,620-659,80-90%,30-36%,NY,Purchase,Primary,SFR,Servicer_C,2022-05,240
LOAN_00000213,399240,0.06049029451937074,620-659,90-100%,43-50%,TN,Purchase,Primary,SFR,Servicer_E,2021-05,180
LOAN_00000214,700374,0.06770033814187681,<620,>100%,>50%,WA,Cash-out Refinance,Primary,Condo,Servicer_E,2022-03,360
LOAN_00000215,253086,0.07189538659116854,<620,70-80%,36-43%,OH,Refinance,Second Home,SFR,Servicer_B,2020-10,240
LOAN_00000216,213929,0.05898185856132043,620-659,60-70%,20-30%,NY,Purchase,Primary,SFR,Servicer_A,2020-03,360
LOAN_00000217,140214,0.07556409087001965,<620,<60%,<20%,MD,Refinance,Primary,SFR,Servicer_C,2020-04,360
LOAN_00000218,644469,0.05611567051386974,660-699,>100%,43-50%,NY,Cash-out Refinance,Primary,SFR,Servicer_B,2021-05,180
LOAN_00000219,366115,0.06792928434703509,<620,80-90%,36-43%,MD,Purchase,Investment,SFR,Servicer_B,2022-09,360
LOAN_00000220,371955,0.06014463607487377,620-659,80-90%,20-30%,WA,Purchase,Primary,SFR,Servicer_A,2020-05,360
LOAN_00000221,1408945,0.04840954442289561,700-739,>100%,43-50%,MO,Purchase,Primary,SFR,Servicer_C,2021-05,360
LOAN_00000222,348893,0.05717480985255812,620-659,80-90%,>50%,PA,Cash-out Refinance,Primary,SFR,Servicer_A,2022-02,360
LOAN_00000223,154637,0.0610380625301095,620-659,<60%,43-50%,CA,Purchase,Primary,SFR,Servicer_E,2020-08,360
LOAN_00000224,268887,0.054613622423168716,660-699,70-80%,36-43%,AZ,Purchase,Primary,SFR,Servicer_A,2022-02,240
LOAN_00000225,182154,0.05995427821597068,620-659,60-70%,>50%,GA,Purchase,Primary,SFR,Servicer_A,2020-12,360
LOAN_00000226,243303,0.06538435551192273,<620,70-80%,43-50%,VA,Purchase,Primary,SFR,Servicer_C,2022-06,360
LOAN_00000227,242487,0.05471952229604929,660-699,70-80%,<20%,MI,Refinance,Primary,SFR,Servicer_A,2021-09,180
LOAN_00000228,221125,0.02,780+,60-70%,>50%,OH,Purchase,Primary,Manufactured,Servicer_C,2021-08,360
LOAN_00000229,147762,0.07513924181792045,<620,<60%,30-36%,MA,Purchase,Primary,Manufactured,Servicer_A,2020-07,360
LOAN_00000230,657533,0.05142890283735606,700-739,>100%,>50%,NJ,Purchase,Primary,SFR,Servicer_E,2021-05,180
LOAN_00000231,344353,0.04512063735001243,740-779,80-90%,43-50%,WA,Purchase,Primary,SFR,Servicer_C,2022-07,360
LOAN_00000232,264941,0.04151067645216619,740-779,70-80%,36-43%,AZ,Purchase,Primary,SFR,Servicer_B,2020-01,360
LOAN_00000233,433141,0.05096264917199626,700-739,90-100%,20-30%,AZ,Purchase,Primary,SFR,Servicer_D,2022-04,360
LOAN_00000234,375319,0.04824702602419621,700-739,80-90%,<20%,OH,Refinance,Primary,SFR,Servicer_C,2021-06,360
LOAN_00000235,340389,0.046155886433383704,740-779,80-90%,20-30%,TN,Purchase,Investment,Manufactured,Servicer_E,2022-02,360
LOAN_00000236,417691,0.04681448476186512,740-779,90-100%,36-43%,IL,Purchase,Primary,SFR,Servicer_D,2021-12,240
LOAN_00000237,317098,0.06135691388871787,620-659,80-90%,43-50%,MD,Refinance,Primary,SFR,Servicer_E,2021-04,360
LOAN_00000238,414617,0.07936436129203722,<620,90-100%,<20%,IN,Refinance,Primary,SFR,Servicer_E,2020-12,360
LOAN_00000239,432162,0.06484685917617881,<620,90-100%,20-30%,VA,Refinance,Primary,SFR,Servicer_A,2021-11,360
LOAN_00000240,321695,0.06847117821705484,<620,80-90%,36-43%,NY,Cash-out Refinance,Second Home,SFR,Servicer_D,2020-06,180
LOAN_00000241,265614,0.05047107962263913,700-739,70-80%,20-30%,MD,Purchase,Investment,2-4 Unit,Servicer_E,2021-10,360
LOAN_00000242,637429,0.056255984386606936,660-699,>100%,<20%,VA,Purchase,Primary,SFR,Servicer_A,2020-04,240
LOAN_00000243,233526,0.060117788850763444,620-659,70-80%,<20%,IN,Purchase,Primary,SFR,Servicer_E,2021-12,360
LOAN_00000244,360647,0.04708530527628676,700-739,80-90%,36-43%,CA,Purchase,Primary,SFR,Servicer_D,2021-11,360
LOAN_00000245,364745,0.049891239153410594,700-739,80-90%,36-43%,OH,Cash-out Refinance,Primary,Condo,Servicer_D,2020-04,360
LOAN_00000246,218648,0.06525462349999692,<620,60-70%,43-50%,PA,Refinance,Primary,SFR,Servicer_D,2022-04,240
LOAN_00000247,198013,0.0680835130612013,<620,60-70%,20-30%,IN,Refinance,Primary,SFR,Servicer_B,2021-03,240
LOAN_00000248,248469,0.05580892323418309,660-699,70-80%,<20%,MI,Cash-out Refinance,Primary,Condo,Servicer_E,2022-05,360
LOAN_00000249,231860,0.04065811383065528,740-779,70-80%,43-50%,FL,Cash-out Refinance,Primary,Manufactured,Servicer_D,2020-02,180
LOAN_00000250,143047,0.051452896201388106,700-739,<60%,>50%,WA,Purchase,Primary,SFR,Servicer_C,2020-07,240
LOAN_00000251,214111,0.03770402638592954,780+,60-70%,30-36%,NY,Cash-out Refinance,Primary,Condo,Servicer_D,2021-06,360
LOAN_00000252,338781,0.05590242891801672,660-699,80-90%,43-50%,NC,Purchase,Primary,SFR,Servicer_E,2020-07,360
LOAN_00000253,558478,0.058064837335257025,620-659,90-100%,43-50%,WI,Purchase,Primary,SFR,Servicer_B,2020-12,180
LOAN_00000254,391286,0.051751474947546686,700-739,90-100%,>50%,NC,Refinance,Primary,SFR,Servicer_E,2021-12,360
LOAN_00000255,80840,0.05790053466859846,620-659,<60%,30-36%,NC,Cash-out Refinance,Primary,SFR,Servicer_A,2020-06,360
LOAN_00000256,408665,0.06000281486900607,620-659,90-100%,<20%,CA,Refinance,Primary,2-4 Unit,Servicer_D,2022-01,360
LOAN_00000257,224341,0.05808234451488549,620-659,60-70%,<20%,MI,Purchase,Primary,SFR,Servicer_C,2020-04,360
LOAN_00000258,371959,0.040581636492436846,740-779,80-90%,43-50%,WI,Cash-out Refinance,Primary,SFR,Servicer_D,2020-07,360
LOAN_00000259,294469,0.051960828093847666,700-739,80-90%,43-50%,WI,Purchase,Primary,SFR,Servicer_C,2021-10,360
LOAN_00000260,269320,0.05991811573919521,620-659,70-80%,30-36%,WI,Refinance,Second Home,SFR,Servicer_C,2022-05,360
LOAN_00000261,281780,0.073944541255672,<620,70-80%,<20%,GA,Purchase,Second Home,2-4 Unit,Servicer_A,2020-07,360
LOAN_00000262,293252,0.05173689099713563,700-739,80-90%,<20%,TX,Purchase,Primary,Condo,Servicer_B,2020-11,180
LOAN_00000263,580823,0.06161008240537732,620-659,>100%,36-43%,IL,Purchase,Primary,SFR,Servicer_E,2022-10,360
LOAN_00000264,293657,0.06553782294308588,<620,80-90%,>50%,IL,Cash-out Refinance,Primary,SFR,Servicer_C,2022-12,180
LOAN_00000265,510307,0.052640467619529285,660-699,90-100%,30-36%,TX,Cash-out Refinance,Primary,SFR,Servicer_A,2021-09,360
LOAN_00000266,474469,0.06878089296984809,<620,90-100%,36-43%,MA,Purchase,Primary,Manufactured,Servicer_A,2021-05,360
LOAN_00000267,413959,0.06942608597717076,<620,90-100%,30-36%,NJ,Purchase,Primary,SFR,Servicer_B,2021-01,360
LOAN_00000268,121381,0.07156461680873429,<620,<60%,43-50%,MA,Purchase,Primary,SFR,Servicer_D,2021-11,360
LOAN_00000269,518303,0.060501186027826385,620-659,90-100%,43-50%,NY,Refinance,Second Home,SFR,Servicer_B,2021-10,360
LOAN_00000270,235873,0.08332164699589042,<620,70-80%,20-30%,AZ,Refinance,Primary,2-4 Unit,Servicer_C,2020-11,240
LOAN_00000271,424158,0.047616602646827905,700-739,90-100%,36-43%,TX,Refinance,Investment,SFR,Servicer_D,2020-01,360
LOAN_00000272,182359,0.08048893103414728,<620,60-70%,43-50%,MA,Purchase,Primary,Condo,Servicer_D,2020-06,360
LOAN_00000273,163973,0.06421959386390119,<620,<60%,>50%,IN,Purchase,Primary,SFR,Servicer_A,2022-11,180
LOAN_00000274,796668,0.07108464799632062,<620,>100%,36-43%,PA,Cash-out Refinance,Primary,SFR,Servicer_B,2021-04,360
LOAN_00000275,183782,0.051159546945499464,700-739,60-70%,20-30%,OH,Refinance,Second Home,SFR,Servicer_D,2021-06,360
LOAN_00000276,525998,0.06513369643556516,<620,90-100%,36-43%,NC,Purchase,Second Home,2-4 Unit,Servicer_D,2021-05,360
LOAN_00000277,314648,0.07212368996397235,<620,80-90%,36-43%,VA,Purchase,Primary,Condo,Servicer_C,2022-05,360
LOAN_00000278,240371,0.04195169627531353,740-779,70-80%,20-30%,NJ,Purchase,Investment,Manufactured,Servicer_B,2020-03,360
LOAN_00000279,289985,0.05304008461821497,660-699,70-80%,>50%,FL,Purchase,Investment,SFR,Servicer_A,2020-03,180
LOAN_00000280,154732,0.029304967741225745,780+,<60%,20-30%,GA,Purchase,Investment,2-4 Unit,Servicer_A,2020-10,180
LOAN_00000281,294526,0.05286000427781012,660-699,80-90%,>50%,NJ,Refinance,Primary,SFR,Servicer_A,2021-06,180
LOAN_00000282,172582,0.04520790167847896,740-779,60-70%,30-36%,WA,Purchase,Second Home,SFR,Servicer_E,2022-01,360
LOAN_00000283,243355,0.05238678774439918,660-699,70-80%,<20%,WA,Purchase,Primary,SFR,Servicer_C,2021-06,360
LOAN_00000284,471017,0.09008372029125591,<620,90-100%,30-36%,AZ,Refinance,Primary,Condo,Servicer_B,2021-04,240
LOAN_00000285,336749,0.07561364208156639,<620,80-90%,36-43%,NC,Purchase,Primary,SFR,Servicer_C,2022-10,360
LOAN_00000286,141338,0.03772662955959241,780+,<60%,43-50%,NJ,Purchase,Primary,SFR,Servicer_C,2020-06,360
LOAN_00000287,453950,0.061668859619192856,620-659,90-100%,30-36%,OH,Cash-out Refinance,Investment,SFR,Servicer_A,2021-09,360
LOAN_00000288,295507,0.06458717304471086,<620,80-90%,<20%,PA,Purchase,Primary,Condo,Servicer_E,2021-08,360
LOAN_00000289,226139,0.05094523495954492,700-739,60-70%,>50%,OH,Refinance,Primary,SFR,Servicer_C,2021-06,360
LOAN_00000290,430773,0.05713969123790259,620-659,90-100%,36-43%,NC,Purchase,Primary,SFR,Servicer_C,2022-06,360
LOAN_00000291,272773,0.05831178648897998,620-659,70-80%,20-30%,FL,Purchase,Primary,SFR,Servicer_C,2020-10,180
LOAN_00000292,165573,0.03884066352565768,780+,<60%,43-50%,IL,Purchase,Primary,SFR,Servicer_E,2022-11,360
LOAN_00000293,747063,0.042624047750966225,740-779,>100%,<20%,FL,Refinance,Primary,SFR,Servicer_E,2020-12,360
LOAN_00000294,294006,0.05706756062129188,620-659,80-90%,<20%,NC,Purchase,Primary,Condo,Servicer_A,2021-08,360
LOAN_00000295,284733,0.05619283033578121,660-699,70-80%,30-36%,MI,Refinance,Primary,Condo,Servicer_D,2021-07,360
LOAN_00000296,242182,0.04649724741499277,740-779,70-80%,36-43%,NY,Purchase,Second Home,SFR,Servicer_A,2022-07,360
LOAN_00000297,534979,0.04546748632175386,740-779,90-100%,30-36%,FL,Refinance,Primary,SFR,Servicer_A,2021-04,360
LOAN_00000298,228104,0.05392264900394553,660-699,70-80%,>50%,NJ,Purchase,Primary,SFR,Servicer_C,2020-11,360
LOAN_00000299,136969,0.06563381143579927,<620,<60%,20-30%,IL,Purchase,Primary,Condo,Servicer_C,2020-01,360
LOAN_00000300,211221,0.05408217074863756,660-699,60-70%,>50%,MO,Refinance,Investment,2-4 Unit,Servicer_C,2021-02,360
LOAN_00000301,575726,0.07447276996762779,<620,>100%,<20%,NY,Purchase,Primary,SFR,Servicer_A,2022-06,360
LOAN_00000302,449578,0.04665015342804927,740-779,90-100%,<20%,MI,Purchase,Second Home,2-4 Unit,Servicer_D,2020-01,180
LOAN_00000303,261056,0.05731731761745791,620-659,70-80%,20-30%,IN,Refinance,Primary,SFR,Servicer_C,2022-09,360
LOAN_00000304,589262,0.050748454850751926,700-739,>100%,<20%,FL,Refinance,Primary,2-4 Unit,Servicer_A,2021-08,180
LOAN_00000305,431046,0.06205553135695732,620-659,90-100%,30-36%,NC,Refinance,Primary,2-4 Unit,Servicer_B,2020-06,240
LOAN_00000306,259550,0.04562094541329764,740-779,70-80%,43-50%,MI,Purchase,Primary,SFR,Servicer_A,2020-11,360
LOAN_00000307,272950,0.07812877304792507,<620,70-80%,43-50%,VA,Purchase,Primary,Manufactured,Servicer_E,2021-08,360
LOAN_00000308,349639,0.03471265116308793,780+,80-90%,36-43%,MO,Purchase,Primary,SFR,Servicer_D,2020-12,240
LOAN_00000309,195644,0.07558576287616295,<620,60-70%,<20%,VA,Purchase,Primary,SFR,Servicer_C,2020-04,240
LOAN_00000310,297227,0.05607986162930599,660-699,80-90%,43-50%,GA,Purchase,Primary,Condo,Servicer_A,2021-12,180
LOAN_00000311,346021,0.06162909498096296,620-659,80-90%,30-36%,GA,Purchase,Primary,SFR,Servicer_E,2022-01,360
LOAN_00000312,127582,0.0710142988371035,<620,<60%,36-43%,WA,Purchase,Primary,SFR,Servicer_B,2020-05,360
LOAN_00000313,269773,0.06529193794199284,<620,70-80%,36-43%,PA,Refinance,Primary,SFR,Servicer_C,2020-11,180
LOAN_00000314,254860,0.046239677346483266,740-779,70-80%,20-30%,AZ,Purchase,Second Home,SFR,Servicer_D,2020-09,180
LOAN_00000315,495852,0.06220107466315122,620-659,90-100%,30-36%,GA,Purchase,Investment,Condo,Servicer_B,2021-12,360
LOAN_00000316,117918,0.07740968767161541,<620,<60%,>50%,TX,Purchase,Primary,Condo,Servicer_E,2022-03,360
LOAN_00000317,245057,0.04435249945407013,740-779,70-80%,20-30%,NJ,Purchase,Primary,2-4 Unit,Servicer_B,2022-03,360
LOAN_00000318,233076,0.08042114213432773,<620,70-80%,36-43%,PA,Refinance,Investment,2-4 Unit,Servicer_B,2022-10,360
LOAN_00000319,479277,0.05962842983162277,620-659,90-100%,>50%,GA,Purchase,Second Home,SFR,Servicer_A,2022-04,360
LOAN_00000320,290171,0.04980126673695691,700-739,70-80%,30-36%,OH,Purchase,Primary,2-4 Unit,Servicer_B,2020-12,360
LOAN_00000321,727993,0.04428052738470095,740-779,>100%,30-36%,FL,Cash-out Refinance,Primary,SFR,Servicer_D,2020-04,360
LOAN_00000322,412960,0.0523205551071007,660-699,90-100%,30-36%,PA,Purchase,Primary,Condo,Servicer_C,2021-11,180
LOAN_00000323,241563,0.03153666002715405,780+,70-80%,43-50%,MD,Purchase,Primary,SFR,Servicer_E,2022-09,360
LOAN_00000324,334311,0.05001706637129455,700-739,80-90%,30-36%,OH,Refinance,Primary,SFR,Servicer_E,2022-12,360
LOAN_00000325,248442,0.05184487307373266,700-739,70-80%,30-36%,MA,Refinance,Primary,SFR,Servicer_B,2020-09,360
LOAN_00000326,455749,0.04210703621065096,740-779,90-100%,20-30%,NC,Cash-out Refinance,Primary,SFR,Servicer_D,2020-09,360
LOAN_00000327,152344,0.06397414233885232,<620,<60%,>50%,TX,Cash-out Refinance,Primary,Manufactured,Servicer_C,2020-02,240
LOAN_00000328,196447,0.052374804546527355,660-699,60-70%,43-50%,IN,Refinance,Primary,SFR,Servicer_C,2020-06,360
LOAN_00000329,372445,0.047370465464626865,700-739,80-90%,36-43%,MD,Purchase,Primary,2-4 Unit,Servicer_B,2021-08,360
LOAN_00000330,547368,0.05109599277917748,700-739,90-100%,>50%,IL,Purchase,Primary,SFR,Servicer_A,2021-08,240
LOAN_00000331,98618,0.05926128967979016,620-659,<60%,36-43%,NY,Purchase,Primary,SFR,Servicer_C,2021-02,360
LOAN_00000332,589621,0.05587865452560393,660-699,>100%,>50%,MD,Refinance,Investment,SFR,Servicer_D,2020-12,360
LOAN_00000333,276490,0.046588298942949066,740-779,70-80%,20-30%,TX,Cash-out Refinance,Primary,Manufactured,Servicer_E,2022-06,360
LOAN_00000334,115619,0.05650784168848533,660-699,<60%,20-30%,MO,Purchase,Primary,SFR,Servicer_C,2021-05,360
LOAN_00000335,66114,0.054391888509204914,660-699,<60%,43-50%,NY,Cash-out Refinance,Primary,SFR,Servicer_A,2022-06,360
LOAN_00000336,138041,0.04132642932221425,740-779,<60%,30-36%,MO,Refinance,Primary,Manufactured,Servicer_C,2022-11,360
LOAN_00000337,293651,0.051537943677912874,700-739,80-90%,30-36%,MD,Purchase,Second Home,Condo,Servicer_B,2020-12,360
LOAN_00000338,286946,0.06195205924505066,620-659,70-80%,43-50%,IL,Cash-out Refinance,Investment,Condo,Servicer_E,2020-08,360
LOAN_00000339,407012,0.0618656591187581,620-659,90-100%,36-43%,IL,Refinance,Primary,SFR,Servicer_D,2022-11,180
LOAN_00000340,225315,0.05224042801115927,660-699,60-70%,20-30%,FL,Purchase,Primary,SFR,Servicer_E,2021-11,360
LOAN_00000341,170412,0.06312127353743172,620-659,<60%,30-36%,TN,Purchase,Primary,SFR,Servicer_B,2020-11,360
LOAN_00000342,241218,0.04324053403618454,740-779,70-80%,30-36%,OH,Purchase,Primary,SFR,Servicer_C,2021-11,360
LOAN_00000343,301584,0.043612145941680086,740-779,80-90%,<20%,WA,Purchase,Primary,SFR,Servicer_A,2021-07,240
LOAN_00000344,332829,0.05198494044047583,700-739,80-90%,20-30%,WA,Refinance,Primary,Condo,Servicer_A,2022-09,240
LOAN_00000345,199869,0.07297079363304562,<620,60-70%,30-36%,NJ,Cash-out Refinance,Primary,Manufactured,Servicer_B,2020-10,360
LOAN_00000346,465432,0.05695901951845847,620-659,90-100%,43-50%,IL,Refinance,Primary,Condo,Servicer_B,2022-12,240
LOAN_00000347,217358,0.051695610284010735,700-739,60-70%,30-36%,GA,Cash-out Refinance,Investment,Condo,Servicer_D,2022-10,180
LOAN_00000348,191979,0.07352965601447976,<620,60-70%,30-36%,NJ,Cash-out Refinance,Primary,SFR,Servicer_B,2020-07,360
LOAN_00000349,226116,0.05155673877755754,700-739,60-70%,36-43%,TX,Purchase,Primary,SFR,Servicer_E,2020-06,360
LOAN_00000350,507585,0.08181679884743193,<620,90-100%,20-30%,NC,Refinance,Second Home,Condo,Servicer_D,2021-08,360
LOAN_00000351,277507,0.04886460251655105,700-739,70-80%,30-36%,MA,Refinance,Primary,SFR,Servicer_E,2020-02,360
LOAN_00000352,209555,0.04285925524898439,740-779,60-70%,20-30%,NC,Purchase,Investment,SFR,Servicer_B,2020-11,360
LOAN_00000353,471207,0.053003656301777495,660-699,90-100%,36-43%,GA,Purchase,Primary,2-4 Unit,Servicer_C,2021-04,360
LOAN_00000354,865769,0.052010988869955796,700-739,>100%,<20%,IN,Refinance,Primary,SFR,Servicer_C,2022-11,360
LOAN_00000355,329338,0.045307360283808606,740-779,80-90%,30-36%,NJ,Cash-out Refinance,Primary,SFR,Servicer_D,2022-12,360
LOAN_00000356,549586,0.08622368893790125,<620,90-100%,36-43%,MA,Cash-out Refinance,Primary,SFR,Servicer_E,2020-06,360
LOAN_00000357,497842,0.058823518813662996,620-659,90-100%,43-50%,TX,Purchase,Primary,Condo,Servicer_C,2022-09,360
LOAN_00000358,219077,0.060570994884059,620-659,60-70%,36-43%,MD,Refinance,Primary,SFR,Servicer_E,2020-04,360
LOAN_00000359,300534,0.04945744879435694,700-739,80-90%,>50%,TN,Purchase,Primary,SFR,Servicer_C,2022-03,360
LOAN_00000360,156174,0.04806796738305844,700-739,<60%,36-43%,IN,Cash-out Refinance,Investment,SFR,Servicer_B,2022-07,360
LOAN_00000361,267675,0.06730670026861241,<620,70-80%,20-30%,AZ,Refinance,Primary,Condo,Servicer_A,2022-09,360
LOAN_00000362,216837,0.03488989872892287,780+,60-70%,20-30%,NJ,Cash-out Refinance,Primary,2-4 Unit,Servicer_B,2020-09,360
LOAN_00000363,242451,0.04128562632651558,740-779,70-80%,<20%,NJ,Cash-out Refinance,Primary,SFR,Servicer_B,2022-09,180
LOAN_00000364,203832,0.052032297932709345,700-739,60-70%,20-30%,WA,Purchase,Investment,Condo,Servicer_B,2020-05,360
LOAN_00000365,256902,0.07121256766761175,<620,70-80%,<20%,MI,Cash-out Refinance,Primary,SFR,Servicer_C,2021-07,180
LOAN_00000366,386975,0.05050579632436632,700-739,90-100%,30-36%,MA,Refinance,Investment,SFR,Servicer_B,2021-05,360
LOAN_00000367,279359,0.059993818687290354,620-659,70-80%,36-43%,OH,Purchase,Primary,SFR,Servicer_E,2020-12,360
LOAN_00000368,116752,0.0553327441526571,660-699,<60%,36-43%,TN,Purchase,Primary,SFR,Servicer_B,2020-01,360
LOAN_00000369,204217,0.0705551009552417,<620,60-70%,20-30%,OH,Refinance,Primary,Manufactured,Servicer_D,2022-04,180
LOAN_00000370,138732,0.03598332378144495,780+,<60%,30-36%,MI,Purchase,Primary,Condo,Servicer_D,2021-01,360
LOAN_00000371,335048,0.06383155844467332,<620,80-90%,20-30%,TX,Purchase,Primary,2-4 Unit,Servicer_E,2021-12,360
LOAN_00000372,381420,0.052613212843088834,660-699,90-100%,30-36%,MD,Refinance,Investment,SFR,Servicer_D,2021-03,180
LOAN_00000373,337146,0.0660986103270329,<620,80-90%,30-36%,AZ,Purchase,Primary,Condo,Servicer_B,2021-02,240
LOAN_00000374,200045,0.045168614726796216,740-779,60-70%,20-30%,IL,Purchase,Primary,SFR,Servicer_C,2022-08,180
LOAN_00000375,335516,0.05529271683835406,660-699,80-90%,20-30%,CA,Refinance,Primary,SFR,Servicer_A,2020-04,240
LOAN_00000376,234437,0.05376991946904779,660-699,70-80%,>50%,MO,Purchase,Primary,Condo,Servicer_B,2022-03,360
LOAN_00000377,167860,0.04297077434415505,740-779,<60%,30-36%,CA,Refinance,Primary,2-4 Unit,Servicer_E,2022-03,360
LOAN_00000378,429752,0.03963504384463644,780+,90-100%,36-43%,MI,Purchase,Primary,2-4 Unit,Servicer_A,2021-02,360
LOAN_00000379,446419,0.04803506365764229,700-739,90-100%,<20%,CA,Cash-out Refinance,Investment,2-4 Unit,Servicer_B,2020-10,180
LOAN_00000380,476607,0.056559173547939996,660-699,90-100%,20-30%,AZ,Purchase,Primary,SFR,Servicer_A,2020-01,240
LOAN_00000381,218780,0.045917053308346084,740-779,60-70%,30-36%,IL,Cash-out Refinance,Primary,2-4 Unit,Servicer_C,2022-10,180
LOAN_00000382,534817,0.051039117243666186,700-739,90-100%,>50%,NC,Refinance,Primary,2-4 Unit,Servicer_D,2022-11,360
LOAN_00000383,231702,0.03237043174619715,780+,70-80%,20-30%,VA,Cash-out Refinance,Primary,SFR,Servicer_A,2020-09,360
LOAN_00000384,411165,0.05055220095419524,700-739,90-100%,20-30%,GA,Refinance,Primary,SFR,Servicer_A,2020-02,360
LOAN_00000385,229703,0.06728303975950008,<620,70-80%,>50%,AZ,Purchase,Primary,SFR,Servicer_E,2020-05,240
LOAN_00000386,265138,0.063462163911641,<620,70-80%,30-36%,NJ,Purchase,Primary,SFR,Servicer_B,2020-03,180
LOAN_00000387,88380,0.05395693675567428,660-699,<60%,20-30%,NC,Refinance,Investment,SFR,Servicer_A,2022-06,360
LOAN_00000388,255006,0.05792383270016996,620-659,70-80%,36-43%,OH,Refinance,Investment,2-4 Unit,Servicer_A,2022-09,180
LOAN_00000389,310377,0.045060875252870114,740-779,80-90%,30-36%,NC,Refinance,Primary,Manufactured,Servicer_E,2020-06,180
LOAN_00000390,241584,0.07449326419949681,<620,70-80%,>50%,OH,Purchase,Investment,2-4 Unit,Servicer_E,2022-03,180
LOAN_00000391,713611,0.07981315007816686,<620,>100%,<20%,VA,Refinance,Primary,SFR,Servicer_A,2020-07,360
LOAN_00000392,165838,0.056977883568471686,620-659,<60%,43-50%,TN,Purchase,Primary,SFR,Servicer_B,2021-02,360
LOAN_00000393,223733,0.08608823003273791,<620,60-70%,20-30%,VA,Refinance,Investment,SFR,Servicer_A,2021-10,360
LOAN_00000394,188633,0.046837811541575895,740-779,60-70%,43-50%,CA,Refinance,Investment,SFR,Servicer_C,2022-02,360
LOAN_00000395,223711,0.039987049119172564,740-779,60-70%,43-50%,IN,Purchase,Primary,SFR,Servicer_E,2022-08,180
LOAN_00000396,496682,0.04648451495087058,740-779,90-100%,43-50%,TN,Refinance,Primary,2-4 Unit,Servicer_D,2020-02,360
LOAN_00000397,620956,0.05236611681910011,660-699,>100%,43-50%,IN,Purchase,Primary,Condo,Servicer_B,2020-08,240
LOAN_00000398,208898,0.08274479861443557,<620,60-70%,36-43%,CA,Refinance,Primary,Condo,Servicer_D,2020-11,360
LOAN_00000399,206590,0.05162609047112849,700-739,60-70%,<20%,IN,Refinance,Primary,SFR,Servicer_B,2020-12,360
LOAN_00000400,166281,0.04468413024635175,740-779,<60%,<20%,MI,Purchase,Primary,SFR,Servicer_E,2022-12,360
LOAN_00000401,569858,0.04421849368507076,740-779,>100%,20-30%,IN,Purchase,Primary,SFR,Servicer_C,2022-04,360
LOAN_00000402,519437,0.06868026534451936,<620,90-100%,30-36%,TN,Refinance,Primary,SFR,Servicer_E,2020-12,180
LOAN_00000403,281252,0.06696762097970843,<620,70-80%,20-30%,MO,Refinance,Second Home,2-4 Unit,Servicer_B,2022-11,360
LOAN_00000404,147554,0.04917426176375668,700-739,<60%,36-43%,FL,Purchase,Second Home,SFR,Servicer_E,2021-06,360
LOAN_00000405,154302,0.03249059060707414,780+,<60%,36-43%,VA,Purchase,Primary,SFR,Servicer_B,2021-07,360
LOAN_00000406,322970,0.041456877463488584,740-779,80-90%,>50%,MA,Purchase,Primary,2-4 Unit,Servicer_D,2021-04,360
LOAN_00000407,390299,0.07565492604999452,<620,90-100%,30-36%,VA,Refinance,Primary,SFR,Servicer_A,2020-06,180
LOAN_00000408,105548,0.06326569461459365,620-659,<60%,43-50%,IN,Purchase,Primary,SFR,Servicer_B,2022-10,360
LOAN_00000409,252545,0.055785536506699665,660-699,70-80%,36-43%,MA,Refinance,Primary,2-4 Unit,Servicer_C,2020-01,360
LOAN_00000410,666068,0.0774259980778127,<620,>100%,>50%,CA,Refinance,Investment,Condo,Servicer_C,2020-07,360
LOAN_00000411,265998,0.0784999152737382,<620,70-80%,43-50%,NY,Cash-out Refinance,Primary,Condo,Servicer_A,2020-09,180
LOAN_00000412,624570,0.05456872477646442,660-699,>100%,20-30%,WA,Cash-out Refinance,Primary,SFR,Servicer_A,2020-11,360
LOAN_00000413,410250,0.05478913887362,660-699,90-100%,<20%,GA,Purchase,Primary,SFR,Servicer_E,2020-05,360
LOAN_00000414,172449,0.04801543981465508,700-739,60-70%,>50%,GA,Refinance,Primary,SFR,Servicer_B,2020-01,360
LOAN_00000415,256187,0.05158476055017838,700-739,70-80%,36-43%,MD,Refinance,Primary,SFR,Servicer_D,2022-01,240
LOAN_00000416,278076,0.037164100290398544,780+,70-80%,43-50%,TX,Cash-out Refinance,Primary,SFR,Servicer_A,2022-11,240
LOAN_00000417,184193,0.03711536348579128,780+,60-70%,43-50%,NJ,Refinance,Primary,SFR,Servicer_B,2020-05,360
LOAN_00000418,182602,0.03432809357312919,780+,60-70%,36-43%,OH,Purchase,Second Home,SFR,Servicer_A,2020-11,180
LOAN_00000419,629942,0.06801204408303334,<620,>100%,43-50%,TX,Cash-out Refinance,Primary,SFR,Servicer_C,2021-07,360
LOAN_00000420,181919,0.03626317332504924,780+,60-70%,>50%,GA,Purchase,Primary,SFR,Servicer_C,2022-10,360
LOAN_00000421,508498,0.07839954758447386,<620,90-100%,>50%,NC,Cash-out Refinance,Primary,SFR,Servicer_C,2022-01,180
LOAN_00000422,238412,0.04623546530560714,740-779,70-80%,30-36%,MI,Purchase,Primary,2-4 Unit,Servicer_D,2022-04,240
LOAN_00000423,292781,0.07584819888139044,<620,80-90%,<20%,NY,Purchase,Primary,SFR,Servicer_D,2021-09,360
LOAN_00000424,392747,0.050619347885614306,700-739,90-100%,<20%,MA,Cash-out Refinance,Second Home,SFR,Servicer_B,2021-04,180
LOAN_00000425,219854,0.03620575874895428,780+,60-70%,30-36%,GA,Refinance,Investment,SFR,Servicer_C,2020-08,360
LOAN_00000426,393939,0.07040534677678563,<620,90-100%,43-50%,VA,Refinance,Primary,Condo,Servicer_A,2022-08,360
LOAN_00000427,106594,0.0718223875315987,<620,<60%,43-50%,NJ,Purchase,Primary,SFR,Servicer_D,2022-05,360
LOAN_00000428,369480,0.04412738799679587,740-779,80-90%,30-36%,VA,Purchase,Primary,SFR,Servicer_B,2020-01,360
LOAN_00000429,86312,0.05102017280083059,700-739,<60%,20-30%,NJ,Purchase,Primary,SFR,Servicer_A,2022-02,360
LOAN_00000430,264759,0.04413044876126825,740-779,70-80%,30-36%,OH,Refinance,Investment,SFR,Servicer_E,2020-04,360
LOAN_00000431,454576,0.05355367966650737,660-699,90-100%,43-50%,MI,Purchase,Primary,SFR,Servicer_C,2022-03,240
LOAN_00000432,404799,0.05629394976929026,660-699,90-100%,36-43%,NJ,Purchase,Primary,SFR,Servicer_A,2022-06,360
LOAN_00000433,154940,0.050783403290614856,700-739,<60%,<20%,CA,Purchase,Primary,SFR,Servicer_A,2020-05,360
LOAN_00000434,165242,0.03317330325530976,780+,<60%,30-36%,MA,Cash-out Refinance,Primary,SFR,Servicer_B,2021-04,360
LOAN_00000435,210168,0.04802944821891973,700-739,60-70%,36-43%,NC,Cash-out Refinance,Primary,SFR,Servicer_E,2020-05,360
LOAN_00000436,325496,0.0634422251626485,<620,80-90%,30-36%,PA,Purchase,Primary,SFR,Servicer_A,2021-09,360
LOAN_00000437,107369,0.052493205488849004,660-699,<60%,43-50%,CA,Cash-out Refinance,Investment,2-4 Unit,Servicer_C,2022-10,180
LOAN_00000438,294604,0.05107071246925953,700-739,80-90%,>50%,OH,Purchase,Primary,SFR,Servicer_B,2020-03,240
LOAN_00000439,346526,0.04383068145963082,740-779,80-90%,<20%,NC,Purchase,Second Home,SFR,Servicer_D,2021-03,180
LOAN_00000440,257424,0.0476793835696286,700-739,70-80%,20-30%,IN,Purchase,Primary,SFR,Servicer_C,2022-12,360
LOAN_00000441,385640,0.07190737727898353,<620,90-100%,30-36%,WA,Cash-out Refinance,Primary,SFR,Servicer_C,2020-11,240
LOAN_00000442,331658,0.04132267291837471,740-779,80-90%,20-30%,NC,Purchase,Primary,SFR,Servicer_E,2020-05,360
LOAN_00000443,226199,0.06364987716022276,<620,60-70%,30-36%,FL,Purchase,Primary,Manufactured,Servicer_A,2021-06,240
LOAN_00000444,112634,0.05556466265084229,660-699,<60%,<20%,PA,Cash-out Refinance,Investment,SFR,Servicer_B,2021-07,360
LOAN_00000445,317015,0.057937727957456824,620-659,80-90%,<20%,MD,Refinance,Second Home,SFR,Servicer_A,2021-12,360
LOAN_00000446,184141,0.04621172462782459,740-779,60-70%,43-50%,FL,Refinance,Primary,Condo,Servicer_B,2020-12,360
LOAN_00000447,222087,0.050778671607425,700-739,60-70%,<20%,WA,Refinance,Primary,SFR,Servicer_B,2022-11,360
LOAN_00000448,376834,0.05493135783793651,660-699,80-90%,43-50%,NJ,Refinance,Primary,SFR,Servicer_E,2021-07,360
LOAN_00000449,602393,0.04875199642468964,700-739,>100%,20-30%,IL,Purchase,Primary,2-4 Unit,Servicer_D,2020-11,360
LOAN_00000450,290968,0.05897718524843859,620-659,80-90%,20-30%,MO,Refinance,Primary,SFR,Servicer_B,2022-11,240
LOAN_00000451,391222,0.06048926819347685,620-659,90-100%,<20%,GA,Purchase,Primary,SFR,Servicer_D,2022-10,360
LOAN_00000452,144027,0.08107247948343906,<620,<60%,<20%,AZ,Purchase,Primary,2-4 Unit,Servicer_E,2021-06,180
LOAN_00000453,335293,0.058338280352348455,620-659,80-90%,30-36%,TX,Cash-out Refinance,Investment,SFR,Servicer_A,2020-01,360
LOAN_00000454,287807,0.03205308813377395,780+,70-80%,43-50%,WI,Purchase,Primary,Condo,Servicer_C,2021-10,360
LOAN_00000455,548319,0.06895622897006416,<620,90-100%,>50%,CA,Purchase,Primary,SFR,Servicer_C,2021-08,360
LOAN_00000456,226334,0.052553552300365694,660-699,70-80%,<20%,OH,Purchase,Investment,SFR,Servicer_E,2020-06,240
LOAN_00000457,262808,0.07914310435524224,<620,70-80%,<20%,MD,Cash-out Refinance,Primary,SFR,Servicer_B,2021-11,180
LOAN_00000458,503534,0.07265109343006369,<620,90-100%,20-30%,WA,Cash-out Refinance,Primary,2-4 Unit,Servicer_D,2022-07,240
LOAN_00000459,283221,0.048936791395461206,700-739,70-80%,43-50%,AZ,Purchase,Primary,SFR,Servicer_C,2020-04,360
LOAN_00000460,170344,0.06366283340645411,<620,<60%,20-30%,OH,Purchase,Primary,SFR,Servicer_B,2022-03,360
LOAN_00000461,1062161,0.04787253822702535,700-739,>100%,20-30%,TN,Refinance,Primary,SFR,Servicer_B,2020-06,360
LOAN_00000462,172940,0.055032289916976326,660-699,60-70%,43-50%,MD,Refinance,Primary,SFR,Servicer_E,2022-03,180
LOAN_00000463,287118,0.06311181777224745,620-659,70-80%,43-50%,WA,Purchase,Primary,SFR,Servicer_E,2021-04,360
LOAN_00000464,352689,0.06835600247255812,<620,80-90%,36-43%,IL,Purchase,Primary,2-4 Unit,Servicer_B,2020-01,360
LOAN_00000465,339018,0.06574246994663488,<620,80-90%,20-30%,MD,Refinance,Primary,SFR,Servicer_C,2022-11,360
LOAN_00000466,269716,0.05589987558295394,660-699,70-80%,30-36%,CA,Purchase,Primary,SFR,Servicer_A,2020-06,360
LOAN_00000467,270389,0.08480108680097459,<620,70-80%,20-30%,MO,Refinance,Primary,SFR,Servicer_C,2021-10,360
LOAN_00000468,263691,0.05061975512167493,700-739,70-80%,36-43%,CA,Purchase,Primary,SFR,Servicer_E,2020-07,360
LOAN_00000469,169741,0.03571359241960843,780+,<60%,43-50%,TX,Cash-out Refinance,Primary,SFR,Servicer_D,2022-10,240
LOAN_00000470,869009,0.0380236084574881,780+,>100%,<20%,CA,Refinance,Primary,SFR,Servicer_C,2022-03,360
LOAN_00000471,265668,0.07268809276146812,<620,70-80%,43-50%,NY,Refinance,Primary,2-4 Unit,Servicer_D,2022-05,360
LOAN_00000472,399698,0.054080164961838345,660-699,90-100%,30-36%,MA,Refinance,Primary,SFR,Servicer_C,2021-04,180
LOAN_00000473,250865,0.05690868997664911,620-659,70-80%,43-50%,GA,Purchase,Primary,SFR,Servicer_C,2021-05,360
LOAN_00000474,248355,0.04848971344090796,700-739,70-80%,<20%,TX,Purchase,Primary,SFR,Servicer_A,2021-11,360
LOAN_00000475,236163,0.04956757024840972,700-739,70-80%,30-36%,OH,Refinance,Primary,SFR,Servicer_A,2022-05,360
LOAN_00000476,136636,0.04555484966860846,740-779,<60%,<20%,WI,Refinance,Primary,Condo,Servicer_C,2022-07,360
LOAN_00000477,273673,0.06065380975996107,620-659,70-80%,36-43%,NJ,Cash-out Refinance,Primary,Condo,Servicer_A,2020-01,360
LOAN_00000478,241952,0.053831440989554794,660-699,70-80%,<20%,MA,Purchase,Primary,SFR,Servicer_A,2021-12,360
LOAN_00000479,532725,0.060220064533640816,620-659,90-100%,20-30%,PA,Refinance,Primary,2-4 Unit,Servicer_B,2020-04,360
LOAN_00000480,163023,0.0590732606238098,620-659,<60%,43-50%,NJ,Purchase,Primary,SFR,Servicer_C,2020-11,360
LOAN_00000481,222220,0.049889455196405245,700-739,60-70%,36-43%,TN,Purchase,Primary,SFR,Servicer_D,2022-06,360
LOAN_00000482,189241,0.03749523249636655,780+,60-70%,36-43%,AZ,Purchase,Primary,SFR,Servicer_E,2020-10,180
LOAN_00000483,610031,0.03645040484800771,780+,>100%,36-43%,CA,Cash-out Refinance,Primary,Condo,Servicer_D,2022-05,360
LOAN_00000484,192008,0.09131981910034079,<620,60-70%,36-43%,WA,Refinance,Primary,SFR,Servicer_E,2021-05,180
LOAN_00000485,392836,0.07273808133307971,<620,90-100%,36-43%,TN,Purchase,Primary,SFR,Servicer_B,2020-09,240
LOAN_00000486,481701,0.07108219080269457,<620,90-100%,20-30%,FL,Refinance,Primary,2-4 Unit,Servicer_D,2021-01,180
LOAN_00000487,275664,0.04690471831615726,740-779,70-80%,<20%,GA,Purchase,Primary,SFR,Servicer_A,2021-08,360
LOAN_00000488,148984,0.055114116805157445,660-699,<60%,30-36%,WA,Purchase,Primary,SFR,Servicer_A,2022-04,240
LOAN_00000489,149929,0.04521564649140195,740-779,<60%,<20%,CA,Purchase,Primary,SFR,Servicer_D,2021-10,360
LOAN_00000490,455833,0.03925501485800931,780+,90-100%,30-36%,MA,Purchase,Primary,SFR,Servicer_B,2022-10,360
LOAN_00000491,157897,0.04793471775549159,700-739,<60%,30-36%,IN,Purchase,Primary,SFR,Servicer_C,2022-08,360
LOAN_00000492,360776,0.07091421956115494,<620,80-90%,20-30%,NJ,Purchase,Primary,SFR,Servicer_E,2022-04,360
LOAN_00000493,314008,0.06508894440308764,<620,80-90%,43-50%,NC,Refinance,Primary,SFR,Servicer_D,2021-10,360
LOAN_00000494,358099,0.043359423980535744,740-779,80-90%,36-43%,TX,Cash-out Refinance,Primary,SFR,Servicer_B,2020-11,360
LOAN_00000495,375416,0.051222207398110293,700-739,80-90%,36-43%,MA,Cash-out Refinance,Investment,Condo,Servicer_D,2021-03,360
LOAN_00000496,185937,0.06398947806323897,<620,60-70%,>50%,MD,Purchase,Investment,Condo,Servicer_E,2020-05,360
LOAN_00000497,182086,0.048148343257751955,700-739,60-70%,20-30%,MO,Refinance,Primary,SFR,Servicer_B,2021-02,240
LOAN_00000498,423989,0.05595503493799276,660-699,90-100%,20-30%,NJ,Purchase,Primary,SFR,Servicer_C,2022-10,360
LOAN_00000499,216496,0.059822169364777744,620-659,60-70%,20-30%,CA,Purchase,Primary,SFR,Servicer_D,2021-04,180
LOAN_00000500,74976,0.059691166622129574,620-659,<60%,30-36%,PA,Refinance,Primary,Condo,Servicer_D,2020-05,360
LOAN_00000501,410190,0.058049745132283434,620-659,90-100%,20-30%,PA,Purchase,Primary,2-4 Unit,Servicer_C,2021-12,360
LOAN_00000502,176640,0.047155633914609876,700-739,60-70%,43-50%,CA,Refinance,Primary,Condo,Servicer_C,2022-11,240
LOAN_00000503,374582,0.04838830494977422,700-739,80-90%,20-30%,FL,Cash-out Refinance,Primary,2-4 Unit,Servicer_C,2022-08,360
LOAN_00000504,595056,0.0413962017817525,740-779,>100%,30-36%,VA,Purchase,Primary,2-4 Unit,Servicer_C,2020-10,180
LOAN_00000505,299054,0.036263960877972734,780+,80-90%,30-36%,TX,Cash-out Refinance,Primary,SFR,Servicer_B,2021-05,360
LOAN_00000506,487908,0.05362301509971725,660-699,90-100%,20-30%,CA,Purchase,Primary,SFR,Servicer_E,2021-08,360
LOAN_00000507,320263,0.0647951153750463,<620,80-90%,36-43%,MD,Cash-out Refinance,Second Home,SFR,Servicer_D,2020-09,180
LOAN_00000508,655867,0.03843661127015264,780+,>100%,36-43%,WA,Refinance,Primary,SFR,Servicer_D,2020-10,180
LOAN_00000509,174372,0.058275678929491086,620-659,60-70%,43-50%,IN,Purchase,Primary,Condo,Servicer_A,2020-09,360
LOAN_00000510,295342,0.06441557456060074,<620,80-90%,36-43%,IL,Purchase,Primary,SFR,Servicer_C,2022-12,360
LOAN_00000511,415227,0.03295919477414385,780+,90-100%,30-36%,GA,Purchase,Primary,SFR,Servicer_B,2022-03,360
LOAN_00000512,269626,0.051753026798365374,700-739,70-80%,30-36%,WA,Refinance,Primary,SFR,Servicer_A,2022-07,360
LOAN_00000513,527608,0.07475452240550048,<620,90-100%,36-43%,AZ,Purchase,Primary,SFR,Servicer_B,2022-06,360
LOAN_00000514,238942,0.06162329221308848,620-659,70-80%,30-36%,GA,Cash-out Refinance,Investment,SFR,Servicer_A,2022-11,360
LOAN_00000515,834581,0.03255451421125254,780+,>100%,30-36%,MD,Purchase,Investment,SFR,Servicer_D,2020-04,360
LOAN_00000516,856919,0.06290007354893933,620-659,>100%,20-30%,MA,Cash-out Refinance,Primary,SFR,Servicer_C,2022-08,360
LOAN_00000517,341477,0.04602715846926005,740-779,80-90%,36-43%,IL,Purchase,Primary,SFR,Servicer_D,2020-03,180
LOAN_00000518,390936,0.06329568316111311,620-659,90-100%,<20%,TX,Refinance,Primary,SFR,Servicer_E,2021-06,360
LOAN_00000519,538119,0.04671901880079071,740-779,90-100%,>50%,CA,Cash-out Refinance,Investment,SFR,Servicer_B,2021-10,240
LOAN_00000520,163799,0.05436361066705642,660-699,<60%,<20%,IN,Purchase,Primary,SFR,Servicer_A,2021-01,360
LOAN_00000521,153891,0.048549486777244605,700-739,<60%,30-36%,IN,Purchase,Primary,Manufactured,Servicer_A,2020-06,360
LOAN_00000522,555825,0.05503789267286207,660-699,90-100%,20-30%,MI,Refinance,Primary,SFR,Servicer_A,2020-07,360
LOAN_00000523,340099,0.04819263791306786,700-739,80-90%,20-30%,MA,Refinance,Primary,SFR,Servicer_A,2022-06,360
LOAN_00000524,264804,0.05231754110134627,660-699,70-80%,20-30%,MO,Cash-out Refinance,Primary,2-4 Unit,Servicer_C,2020-12,360
LOAN_00000525,298212,0.04089273990027187,740-779,80-90%,36-43%,NY,Purchase,Second Home,2-4 Unit,Servicer_D,2020-12,180
LOAN_00000526,89947,0.0608879151449679,620-659,<60%,20-30%,WI,Cash-out Refinance,Primary,SFR,Servicer_B,2022-10,360
LOAN_00000527,269606,0.0571034225037271,620-659,70-80%,20-30%,MI,Cash-out Refinance,Primary,SFR,Servicer_C,2020-06,360
LOAN_00000528,203511,0.03560161391075019,780+,60-70%,<20%,NC,Refinance,Primary,Condo,Servicer_B,2022-09,360
LOAN_00000529,469317,0.06691499992242313,<620,90-100%,20-30%,NY,Purchase,Primary,SFR,Servicer_D,2022-10,360
LOAN_00000530,487729,0.05288454448414604,660-699,90-100%,>50%,AZ,Purchase,Primary,Condo,Servicer_D,2021-10,360
LOAN_00000531,395671,0.05694114875483092,620-659,90-100%,30-36%,WA,Cash-out Refinance,Second Home,SFR,Servicer_D,2020-06,180
LOAN_00000532,361395,0.06417474006435023,<620,80-90%,43-50%,CA,Refinance,Primary,2-4 Unit,Servicer_C,2020-06,360
LOAN_00000533,140270,0.05893890690831981,620-659,<60%,30-36%,WA,Refinance,Investment,2-4 Unit,Servicer_E,2020-11,240
LOAN_00000534,398443,0.0689824379015308,<620,90-100%,30-36%,FL,Cash-out Refinance,Primary,Condo,Servicer_A,2021-09,360
LOAN_00000535,406239,0.05148045373353507,700-739,90-100%,43-50%,PA,Purchase,Second Home,2-4 Unit,Servicer_C,2020-06,360
LOAN_00000536,552714,0.06741315263472447,<620,90-100%,<20%,WA,Refinance,Investment,SFR,Servicer_A,2021-05,360
LOAN_00000537,855212,0.05647509541368785,660-699,>100%,43-50%,TN,Refinance,Primary,SFR,Servicer_E,2020-05,180
LOAN_00000538,127225,0.061091601094080294,620-659,<60%,30-36%,FL,Cash-out Refinance,Investment,SFR,Servicer_A,2021-08,240
LOAN_00000539,244204,0.05984355007357485,620-659,70-80%,30-36%,MI,Refinance,Primary,SFR,Servicer_C,2020-01,360
LOAN_00000540,204611,0.06988876390371432,<620,60-70%,>50%,PA,Purchase,Primary,SFR,Servicer_A,2022-02,360
LOAN_00000541,323273,0.06365694848271153,<620,80-90%,20-30%,MA,Purchase,Primary,SFR,Servicer_D,2020-02,360
LOAN_00000542,298552,0.04968465423628184,700-739,80-90%,>50%,IN,Cash-out Refinance,Primary,SFR,Servicer_C,2020-08,360
LOAN_00000543,263803,0.04730479547200182,700-739,70-80%,>50%,WA,Refinance,Primary,SFR,Servicer_C,2020-07,360
LOAN_00000544,495737,0.054402950228862004,660-699,90-100%,20-30%,TN,Purchase,Second Home,Condo,Servicer_E,2022-06,360
LOAN_00000545,170978,0.04587878270704904,740-779,<60%,20-30%,MI,Cash-out Refinance,Investment,2-4 Unit,Servicer_E,2020-02,360
LOAN_00000546,176211,0.042373693584083834,740-779,60-70%,43-50%,VA,Purchase,Primary,SFR,Servicer_C,2021-04,360
LOAN_00000547,177706,0.0294633703684235,780+,60-70%,20-30%,PA,Purchase,Second Home,Condo,Servicer_B,2021-10,360
LOAN_00000548,247665,0.036408846906055475,780+,70-80%,36-43%,WI,Cash-out Refinance,Primary,SFR,Servicer_B,2021-07,360
LOAN_00000549,160444,0.07882487633333829,<620,<60%,<20%,IL,Refinance,Primary,SFR,Servicer_D,2022-01,240
LOAN_00000550,289443,0.047121997004442674,700-739,70-80%,20-30%,MD,Cash-out Refinance,Primary,2-4 Unit,Servicer_E,2022-05,360
LOAN_00000551,273007,0.07784152359785373,<620,70-80%,30-36%,MA,Cash-out Refinance,Primary,SFR,Servicer_C,2021-03,180
LOAN_00000552,200134,0.05983785521386696,620-659,60-70%,36-43%,WI,Refinance,Primary,SFR,Servicer_C,2022-06,360
LOAN_00000553,459035,0.05440290374036674,660-699,90-100%,36-43%,WA,Purchase,Primary,Manufactured,Servicer_E,2020-12,360
LOAN_00000554,287865,0.0369927385981452,780+,70-80%,36-43%,GA,Cash-out Refinance,Primary,SFR,Servicer_A,2022-12,360
LOAN_00000555,504500,0.05505602674691259,660-699,90-100%,20-30%,PA,Refinance,Second Home,SFR,Servicer_A,2021-07,360
LOAN_00000556,269002,0.07770620520361876,<620,70-80%,30-36%,NY,Refinance,Investment,SFR,Servicer_A,2022-03,360
LOAN_00000557,292992,0.07369164092820087,<620,80-90%,20-30%,WI,Refinance,Primary,SFR,Servicer_C,2022-08,240
LOAN_00000558,223822,0.05829086383237095,620-659,60-70%,20-30%,FL,Purchase,Primary,SFR,Servicer_E,2022-05,240
LOAN_00000559,295515,0.04121597960913981,740-779,80-90%,20-30%,IN,Purchase,Primary,Condo,Servicer_B,2022-07,360
LOAN_00000560,423418,0.043514015857010174,740-779,90-100%,36-43%,AZ,Refinance,Primary,SFR,Servicer_D,2021-08,360
LOAN_00000561,241429,0.044768897879290476,740-779,70-80%,20-30%,FL,Refinance,Primary,SFR,Servicer_E,2020-02,360
LOAN_00000562,384310,0.0703378591283524,<620,90-100%,<20%,MD,Purchase,Investment,SFR,Servicer_E,2021-06,240
LOAN_00000563,197526,0.07458064523330511,<620,60-70%,36-43%,NY,Purchase,Second Home,SFR,Servicer_D,2020-07,360
LOAN_00000564,433447,0.057350714019611025,620-659,90-100%,<20%,NY,Purchase,Primary,SFR,Servicer_B,2022-09,360
LOAN_00000565,221914,0.05136303477372216,700-739,60-70%,>50%,NJ,Refinance,Primary,Manufactured,Servicer_D,2020-09,360
LOAN_00000566,453994,0.07358452595993181,<620,90-100%,30-36%,FL,Purchase,Primary,Condo,Servicer_C,2020-09,360
LOAN_00000567,305739,0.04325711750962054,740-779,80-90%,<20%,FL,Refinance,Second Home,SFR,Servicer_C,2020-09,240
LOAN_00000568,634426,0.05562187993120439,660-699,>100%,43-50%,WA,Refinance,Investment,SFR,Servicer_D,2021-12,360
LOAN_00000569,166535,0.06055559199455356,620-659,<60%,36-43%,WI,Purchase,Investment,Condo,Servicer_D,2021-09,360
LOAN_00000570,141762,0.04464639271388321,740-779,<60%,43-50%,TX,Refinance,Primary,SFR,Servicer_E,2022-11,180
LOAN_00000571,217921,0.04736902934330431,700-739,60-70%,30-36%,WA,Cash-out Refinance,Primary,SFR,Servicer_C,2021-03,360
LOAN_00000572,148404,0.04643514904974876,740-779,<60%,30-36%,WA,Purchase,Primary,SFR,Servicer_D,2020-11,360
LOAN_00000573,148543,0.07200072227185703,<620,<60%,36-43%,TX,Purchase,Primary,SFR,Servicer_B,2020-02,360
LOAN_00000574,404649,0.07797240732468505,<620,90-100%,30-36%,FL,Purchase,Primary,Manufactured,Servicer_C,2020-01,360
LOAN_00000575,295939,0.05637751036283873,660-699,80-90%,36-43%,NC,Refinance,Second Home,SFR,Servicer_E,2021-02,360
LOAN_00000576,233318,0.051781376955486555,700-739,70-80%,20-30%,AZ,Cash-out Refinance,Primary,SFR,Servicer_D,2022-10,360
LOAN_00000577,244389,0.04780190710008045,700-739,70-80%,20-30%,IL,Refinance,Investment,SFR,Servicer_C,2021-07,360
LOAN_00000578,219999,0.05502095576140395,660-699,60-70%,<20%,NC,Cash-out Refinance,Primary,2-4 Unit,Servicer_C,2022-09,360
LOAN_00000579,676836,0.048397338982758525,700-739,>100%,43-50%,MI,Refinance,Primary,SFR,Servicer_B,2020-04,360
LOAN_00000580,205304,0.05383563709173735,660-699,60-70%,20-30%,MA,Purchase,Primary,Condo,Servicer_B,2020-04,240
LOAN_00000581,153113,0.05995879387604708,620-659,<60%,>50%,IL,Purchase,Primary,Condo,Servicer_D,2022-07,180
LOAN_00000582,441540,0.050136244686515584,700-739,90-100%,20-30%,AZ,Refinance,Primary,2-4 Unit,Servicer_A,2020-04,360
LOAN_00000583,266231,0.05272494324863083,660-699,70-80%,30-36%,IN,Refinance,Primary,SFR,Servicer_A,2020-02,360
LOAN_00000584,821910,0.05277454617913234,660-699,>100%,20-30%,VA,Refinance,Primary,Condo,Servicer_C,2021-03,360
LOAN_00000585,227953,0.05118923878328634,700-739,70-80%,36-43%,MA,Refinance,Primary,SFR,Servicer_D,2022-10,360
LOAN_00000586,452703,0.049702625475805465,700-739,90-100%,43-50%,NY,Purchase,Second Home,2-4 Unit,Servicer_E,2022-01,240
LOAN_00000587,509455,0.06414635923524167,<620,90-100%,30-36%,MD,Purchase,Investment,SFR,Servicer_C,2020-04,360
LOAN_00000588,228509,0.03375116765228269,780+,70-80%,30-36%,OH,Refinance,Primary,SFR,Servicer_A,2022-07,360
LOAN_00000589,204544,0.07389135830801516,<620,60-70%,36-43%,NY,Refinance,Primary,SFR,Servicer_D,2022-07,360
LOAN_00000590,429631,0.05662635355843597,660-699,90-100%,20-30%,NJ,Cash-out Refinance,Primary,2-4 Unit,Servicer_B,2022-05,360
LOAN_00000591,395318,0.062320210911838175,620-659,90-100%,36-43%,GA,Purchase,Primary,SFR,Servicer_A,2022-09,360
LOAN_00000592,146487,0.06370093339778651,<620,<60%,36-43%,MI,Cash-out Refinance,Investment,SFR,Servicer_D,2020-09,360
LOAN_00000593,168683,0.04650329007963314,740-779,<60%,20-30%,IN,Purchase,Primary,Condo,Servicer_D,2022-12,360
LOAN_00000594,83431,0.0440276973258491,740-779,<60%,36-43%,NJ,Purchase,Primary,SFR,Servicer_A,2020-12,360
LOAN_00000595,399389,0.042612768584154075,740-779,90-100%,36-43%,GA,Cash-out Refinance,Primary,SFR,Servicer_D,2022-05,180
LOAN_00000596,260168,0.05203518364205694,700-739,70-80%,<20%,IN,Cash-out Refinance,Primary,SFR,Servicer_C,2021-09,180
LOAN_00000597,273463,0.06339045629861234,<620,70-80%,20-30%,GA,Cash-out Refinance,Primary,2-4 Unit,Servicer_D,2022-05,360
LOAN_00000598,127296,0.04799485569735011,700-739,<60%,30-36%,WI,Purchase,Primary,SFR,Servicer_D,2021-11,360
LOAN_00000599,171261,0.062295179682139656,620-659,<60%,43-50%,WI,Purchase,Primary,SFR,Servicer_C,2021-12,240
LOAN_00000600,233519,0.026584945373665615,780+,70-80%,36-43%,MI,Refinance,Second Home,2-4 Unit,Servicer_B,2021-11,360
LOAN_00000601,211893,0.05037319357629701,700-739,60-70%,30-36%,TN,Cash-out Refinance,Primary,Condo,Servicer_D,2022-05,240
LOAN_00000602,314556,0.06900564841133874,<620,80-90%,20-30%,MA,Refinance,Primary,SFR,Servicer_A,2022-03,360
LOAN_00000603,397016,0.052948344531604775,660-699,90-100%,<20%,MO,Purchase,Primary,SFR,Servicer_C,2020-05,360
LOAN_00000604,922466,0.045050276366006003,740-779,>100%,<20%,MI,Refinance,Primary,SFR,Servicer_D,2022-06,360
LOAN_00000605,293605,0.047117881334348834,700-739,80-90%,20-30%,NC,Purchase,Primary,SFR,Servicer_B,2021-08,360
LOAN_00000606,517984,0.02,780+,90-100%,<20%,PA,Purchase,Primary,SFR,Servicer_A,2020-12,360
LOAN_00000607,195832,0.04285837635505695,740-779,60-70%,<20%,VA,Refinance,Primary,2-4 Unit,Servicer_A,2021-07,360
LOAN_00000608,128351,0.06768689647015098,<620,<60%,36-43%,WA,Purchase,Primary,SFR,Servicer_C,2022-11,240
LOAN_00000609,248661,0.04800876679724522,700-739,70-80%,36-43%,MI,Refinance,Primary,SFR,Servicer_C,2022-07,360
LOAN_00000610,133404,0.049425467655985295,700-739,<60%,<20%,OH,Refinance,Primary,SFR,Servicer_D,2022-07,360
LOAN_00000611,298742,0.027018253755563104,780+,80-90%,36-43%,MI,Purchase,Primary,2-4 Unit,Servicer_E,2021-05,360
LOAN_00000612,200741,0.03542994648264926,780+,60-70%,<20%,NJ,Purchase,Primary,SFR,Servicer_E,2022-05,360
LOAN_00000613,111620,0.06928059014319703,<620,<60%,30-36%,FL,Cash-out Refinance,Primary,SFR,Servicer_B,2021-02,360
LOAN_00000614,706453,0.06240752896793873,620-659,>100%,>50%,AZ,Refinance,Primary,SFR,Servicer_A,2022-01,360
LOAN_00000615,226662,0.039430731622726825,780+,70-80%,30-36%,IN,Cash-out Refinance,Primary,Manufactured,Servicer_D,2021-12,360
LOAN_00000616,130769,0.04743313130112136,700-739,<60%,<20%,OH,Purchase,Primary,SFR,Servicer_A,2020-09,240
LOAN_00000617,464671,0.0546499318840146,660-699,90-100%,20-30%,GA,Refinance,Primary,SFR,Servicer_D,2020-10,360
LOAN_00000618,206012,0.04064646721411893,740-779,60-70%,36-43%,TX,Cash-out Refinance,Primary,2-4 Unit,Servicer_B,2020-03,360
LOAN_00000619,511489,0.030950273397836788,780+,90-100%,20-30%,VA,Purchase,Primary,SFR,Servicer_B,2020-06,360
LOAN_00000620,205520,0.05308947535072677,660-699,60-70%,>50%,NC,Purchase,Primary,SFR,Servicer_A,2021-04,240
LOAN_00000621,226285,0.06187130274607889,620-659,70-80%,30-36%,MO,Cash-out Refinance,Primary,SFR,Servicer_A,2021-06,360
LOAN_00000622,352362,0.062102287836759446,620-659,80-90%,<20%,MD,Purchase,Primary,SFR,Servicer_A,2020-06,360
LOAN_00000623,398957,0.06550284862650575,<620,90-100%,30-36%,TN,Purchase,Primary,SFR,Servicer_C,2021-04,360
LOAN_00000624,435496,0.03635731285864212,780+,90-100%,36-43%,IL,Cash-out Refinance,Primary,SFR,Servicer_B,2021-10,240
LOAN_00000625,283545,0.05569482291792327,660-699,70-80%,30-36%,NY,Purchase,Primary,SFR,Servicer_B,2020-09,240
LOAN_00000626,386276,0.051778583629250544,700-739,90-100%,>50%,MI,Refinance,Primary,2-4 Unit,Servicer_A,2021-01,360
LOAN_00000627,430548,0.05395335177403369,660-699,90-100%,>50%,WA,Refinance,Primary,Condo,Servicer_A,2021-02,180
LOAN_00000628,327841,0.052458620396390356,660-699,80-90%,<20%,CA,Refinance,Primary,SFR,Servicer_D,2021-07,360
LOAN_00000629,276142,0.047074621832709815,740-779,70-80%,<20%,MI,Purchase,Second Home,SFR,Servicer_E,2021-02,360
LOAN_00000630,143968,0.02,780+,<60%,20-30%,TX,Purchase,Primary,SFR,Servicer_D,2022-03,360
LOAN_00000631,400146,0.06894194824684809,<620,90-100%,36-43%,PA,Cash-out Refinance,Primary,Manufactured,Servicer_E,2020-12,360
LOAN_00000632,302878,0.05895988198570107,620-659,80-90%,36-43%,GA,Cash-out Refinance,Primary,SFR,Servicer_D,2021-04,180
LOAN_00000633,241154,0.03718852254956191,780+,70-80%,20-30%,CA,Purchase,Primary,SFR,Servicer_A,2021-02,180
LOAN_00000634,561789,0.06067757983591306,620-659,>100%,>50%,PA,Purchase,Investment,Condo,Servicer_D,2020-07,360
LOAN_00000635,145231,0.04963234231598236,700-739,<60%,20-30%,WA,Refinance,Primary,SFR,Servicer_B,2022-01,360
LOAN_00000636,674696,0.04997233220298724,700-739,>100%,43-50%,WI,Purchase,Second Home,SFR,Servicer_D,2020-09,360
LOAN_00000637,293274,0.04577902478213161,740-779,80-90%,43-50%,TN,Cash-out Refinance,Primary,SFR,Servicer_D,2020-11,180
LOAN_00000638,347583,0.06144316567182718,620-659,80-90%,<20%,OH,Cash-out Refinance,Primary,2-4 Unit,Servicer_E,2022-05,360
LOAN_00000639,243404,0.045402117141805615,740-779,70-80%,20-30%,MD,Purchase,Primary,Condo,Servicer_E,2022-11,360
LOAN_00000640,128857,0.0418379837669128,740-779,<60%,20-30%,NC,Cash-out Refinance,Primary,SFR,Servicer_D,2022-01,360
LOAN_00000641,276563,0.06858093772727195,<620,70-80%,>50%,GA,Cash-out Refinance,Primary,SFR,Servicer_E,2022-09,240
LOAN_00000642,350589,0.0528534230827993,660-699,80-90%,30-36%,IN,Refinance,Primary,2-4 Unit,Servicer_C,2022-07,360
LOAN_00000643,415863,0.053230163320093504,660-699,90-100%,43-50%,GA,Cash-out Refinance,Primary,SFR,Servicer_E,2021-06,180
LOAN_00000644,268601,0.06330956944331999,620-659,70-80%,30-36%,MA,Purchase,Primary,SFR,Servicer_A,2022-04,360
LOAN_00000645,99084,0.046988959589845884,740-779,<60%,30-36%,NY,Cash-out Refinance,Primary,2-4 Unit,Servicer_C,2020-12,360
LOAN_00000646,137196,0.04938216192823738,700-739,<60%,>50%,OH,Purchase,Second Home,2-4 Unit,Servicer_D,2021-05,360
LOAN_00000647,827372,0.058668583236674024,620-659,>100%,30-36%,WI,Purchase,Primary,SFR,Servicer_E,2021-08,360
LOAN_00000648,171739,0.03650346877043481,780+,60-70%,36-43%,IL,Refinance,Primary,SFR,Servicer_E,2022-11,360
LOAN_00000649,605327,0.05765318856121857,620-659,>100%,30-36%,IN,Purchase,Primary,Condo,Servicer_B,2022-07,240
LOAN_00000650,185898,0.04593146248982359,740-779,60-70%,<20%,MI,Refinance,Second Home,SFR,Servicer_D,2021-06,180
LOAN_00000651,270701,0.06526567110946178,<620,70-80%,<20%,WI,Purchase,Primary,SFR,Servicer_A,2021-12,360
LOAN_00000652,405389,0.061559959922198905,620-659,90-100%,20-30%,NC,Purchase,Primary,Condo,Servicer_A,2020-08,360
LOAN_00000653,196792,0.05997458028370036,620-659,60-70%,36-43%,MI,Refinance,Primary,SFR,Servicer_D,2022-05,180
LOAN_00000654,657439,0.035716496217345316,780+,>100%,30-36%,GA,Purchase,Primary,SFR,Servicer_B,2021-08,240
LOAN_00000655,308002,0.05375925525791416,660-699,80-90%,30-36%,IL,Purchase,Primary,Condo,Servicer_C,2021-08,360
LOAN_00000656,373407,0.040872801275028674,740-779,80-90%,<20%,IN,Purchase,Primary,2-4 Unit,Servicer_B,2022-04,180
LOAN_00000657,259418,0.054557633164275685,660-699,70-80%,36-43%,VA,Cash-out Refinance,Primary,Condo,Servicer_D,2021-11,180
LOAN_00000658,412239,0.027216643877323133,780+,90-100%,43-50%,NJ,Refinance,Primary,SFR,Servicer_A,2020-03,360
LOAN_00000659,653041,0.036510012779497086,780+,>100%,36-43%,GA,Refinance,Primary,Manufactured,Servicer_D,2020-11,360
LOAN_00000660,277716,0.06926840330608225,<620,70-80%,>50%,TN,Refinance,Primary,SFR,Servicer_D,2020-07,360
LOAN_00000661,704227,0.05942863811207873,620-659,>100%,<20%,OH,Refinance,Primary,SFR,Servicer_E,2022-03,360
LOAN_00000662,218425,0.05075420983024399,700-739,60-70%,<20%,IL,Purchase,Investment,SFR,Servicer_B,2020-02,180
LOAN_00000663,434542,0.04409508012776533,740-779,90-100%,30-36%,TX,Purchase,Second Home,SFR,Servicer_B,2020-08,360
LOAN_00000664,378721,0.041988952988954886,740-779,80-90%,20-30%,MO,Refinance,Primary,SFR,Servicer_C,2021-10,360
LOAN_00000665,173808,0.05740186906106231,620-659,60-70%,36-43%,TX,Purchase,Primary,Condo,Servicer_B,2022-02,360
LOAN_00000666,330018,0.05087641228489185,700-739,80-90%,43-50%,IN,Cash-out Refinance,Investment,SFR,Servicer_D,2021-07,180
LOAN_00000667,297652,0.07355976619980732,<620,80-90%,<20%,GA,Purchase,Investment,SFR,Servicer_D,2022-07,240
LOAN_00000668,193571,0.0527828353598758,660-699,60-70%,>50%,CA,Refinance,Primary,2-4 Unit,Servicer_D,2022-10,180
LOAN_00000669,354690,0.0557046459069344,660-699,80-90%,<20%,MD,Purchase,Primary,SFR,Servicer_C,2020-05,360
LOAN_00000670,319063,0.03833795838333555,780+,80-90%,36-43%,MA,Refinance,Investment,SFR,Servicer_D,2022-11,360
LOAN_00000671,285988,0.05067160929787432,700-739,70-80%,30-36%,MA,Cash-out Refinance,Primary,2-4 Unit,Servicer_A,2021-11,360
LOAN_00000672,286562,0.057123896860815836,620-659,70-80%,36-43%,NJ,Purchase,Primary,SFR,Servicer_A,2021-11,360
LOAN_00000673,283507,0.05052657146544176,700-739,70-80%,<20%,TN,Purchase,Primary,SFR,Servicer_B,2020-04,360
LOAN_00000674,246754,0.04917245759710921,700-739,70-80%,>50%,FL,Refinance,Second Home,SFR,Servicer_B,2021-11,360
LOAN_00000675,318035,0.05892291550738388,620-659,80-90%,>50%,IL,Purchase,Primary,SFR,Servicer_E,2022-03,180
LOAN_00000676,214924,0.07317787937873188,<620,60-70%,30-36%,NJ,Purchase,Primary,SFR,Servicer_B,2021-09,360
LOAN_00000677,1119513,0.05673963244369393,620-659,>100%,30-36%,MA,Refinance,Primary,2-4 Unit,Servicer_E,2020-04,360
LOAN_00000678,146580,0.06873023540167765,<620,<60%,36-43%,VA,Purchase,Primary,SFR,Servicer_C,2021-07,180
LOAN_00000679,221379,0.06245922853022539,620-659,60-70%,36-43%,NC,Purchase,Primary,SFR,Servicer_D,2022-10,360
LOAN_00000680,230297,0.0680122404960142,<620,70-80%,30-36%,AZ,Purchase,Primary,2-4 Unit,Servicer_A,2022-03,360
LOAN_00000681,822617,0.04768336091984035,700-739,>100%,36-43%,TX,Purchase,Primary,SFR,Servicer_D,2020-05,360
LOAN_00000682,153266,0.05251687006018718,660-699,<60%,43-50%,NJ,Cash-out Refinance,Investment,Condo,Servicer_C,2022-11,360
LOAN_00000683,366942,0.052566717150824026,660-699,80-90%,36-43%,GA,Purchase,Primary,Condo,Servicer_E,2022-11,240
LOAN_00000684,335775,0.06155532683876771,620-659,80-90%,20-30%,MI,Purchase,Primary,SFR,Servicer_A,2020-07,180
LOAN_00000685,350389,0.06450895386654237,<620,80-90%,>50%,FL,Refinance,Primary,SFR,Servicer_B,2022-05,180
LOAN_00000686,550273,0.05650067429334269,660-699,90-100%,20-30%,MD,Cash-out Refinance,Primary,SFR,Servicer_E,2021-03,360
LOAN_00000687,544658,0.06552047892851037,<620,90-100%,20-30%,MO,Purchase,Primary,Condo,Servicer_C,2021-10,360
LOAN_00000688,236693,0.048240022276223524,700-739,70-80%,>50%,MD,Refinance,Primary,SFR,Servicer_C,2021-05,180
LOAN_00000689,326768,0.0656245306347895,<620,80-90%,20-30%,IN,Refinance,Primary,Condo,Servicer_C,2022-05,360
LOAN_00000690,116768,0.06718971330623041,<620,<60%,<20%,AZ,Purchase,Primary,2-4 Unit,Servicer_B,2022-12,240
LOAN_00000691,311622,0.06312995615109596,620-659,80-90%,36-43%,PA,Purchase,Primary,SFR,Servicer_E,2022-05,180
LOAN_00000692,199387,0.05661003740177455,660-699,60-70%,43-50%,FL,Refinance,Primary,Manufactured,Servicer_C,2022-10,360
LOAN_00000693,270170,0.06355987998885959,<620,70-80%,<20%,WA,Purchase,Primary,SFR,Servicer_A,2022-11,360
LOAN_00000694,127684,0.04427194641713812,740-779,<60%,30-36%,MD,Purchase,Primary,SFR,Servicer_B,2020-04,360
LOAN_00000695,363100,0.0573803471723225,620-659,80-90%,<20%,GA,Refinance,Primary,SFR,Servicer_E,2020-10,360
LOAN_00000696,126971,0.05860612572190147,620-659,<60%,30-36%,WI,Purchase,Investment,SFR,Servicer_C,2022-02,360
LOAN_00000697,319381,0.03904581204218218,780+,80-90%,20-30%,NY,Purchase,Primary,SFR,Servicer_D,2021-10,180
LOAN_00000698,160612,0.06069501103527425,620-659,<60%,<20%,PA,Purchase,Primary,SFR,Servicer_A,2020-02,240
LOAN_00000699,193915,0.040014175291818214,740-779,60-70%,>50%,WA,Cash-out Refinance,Second Home,SFR,Servicer_A,2020-04,360
LOAN_00000700,528271,0.04986498042508683,700-739,90-100%,36-43%,MI,Refinance,Second Home,2-4 Unit,Servicer_B,2021-07,360
LOAN_00000701,397901,0.05547713151131558,660-699,90-100%,43-50%,TN,Purchase,Second Home,Condo,Servicer_C,2021-11,360
LOAN_00000702,526813,0.04623116338440632,740-779,90-100%,>50%,OH,Purchase,Primary,SFR,Servicer_D,2020-07,360
LOAN_00000703,646846,0.055990648463443815,660-699,>100%,>50%,TN,Cash-out Refinance,Primary,Manufactured,Servicer_A,2020-07,360
LOAN_00000704,201507,0.05579868388523464,660-699,60-70%,36-43%,OH,Refinance,Primary,Condo,Servicer_E,2020-05,360
LOAN_00000705,627491,0.04515782032769391,740-779,>100%,20-30%,FL,Refinance,Primary,Condo,Servicer_D,2021-09,360
LOAN_00000706,142521,0.06181569350589197,620-659,<60%,43-50%,VA,Purchase,Primary,SFR,Servicer_B,2020-01,180
LOAN_00000707,430649,0.04583012196032522,740-779,90-100%,30-36%,NJ,Purchase,Primary,SFR,Servicer_C,2021-09,180
LOAN_00000708,231730,0.08245569249681634,<620,70-80%,20-30%,VA,Purchase,Primary,SFR,Servicer_C,2021-06,180
LOAN_00000709,186250,0.05368625412003274,660-699,60-70%,30-36%,CA,Cash-out Refinance,Primary,SFR,Servicer_D,2021-05,180
LOAN_00000710,403218,0.04094447026011961,740-779,90-100%,20-30%,NC,Cash-out Refinance,Primary,SFR,Servicer_A,2022-01,360
LOAN_00000711,475668,0.043187898805434735,740-779,90-100%,30-36%,TX,Purchase,Primary,Condo,Servicer_C,2021-07,360
LOAN_00000712,468660,0.06877096557637961,<620,90-100%,43-50%,IN,Refinance,Second Home,SFR,Servicer_C,2022-03,360
LOAN_00000713,330192,0.05009018020337855,700-739,80-90%,30-36%,TX,Cash-out Refinance,Primary,SFR,Servicer_D,2022-04,360
LOAN_00000714,316785,0.03863483430604038,780+,80-90%,20-30%,MD,Cash-out Refinance,Primary,SFR,Servicer_B,2022-10,180
LOAN_00000715,385938,0.0652445529655332,<620,90-100%,<20%,TX,Purchase,Primary,SFR,Servicer_B,2022-05,360
LOAN_00000716,345200,0.05001311334666301,700-739,80-90%,43-50%,WA,Purchase,Primary,SFR,Servicer_E,2021-07,360
LOAN_00000717,388744,0.06284103413343221,620-659,90-100%,30-36%,OH,Cash-out Refinance,Primary,2-4 Unit,Servicer_E,2021-06,180
LOAN_00000718,328403,0.06622679230787352,<620,80-90%,30-36%,FL,Purchase,Primary,2-4 Unit,Servicer_E,2020-09,360
LOAN_00000719,451979,0.05829356246570254,620-659,90-100%,43-50%,GA,Purchase,Primary,2-4 Unit,Servicer_E,2021-10,360
LOAN_00000720,131451,0.083750888748224,<620,<60%,43-50%,CA,Purchase,Second Home,Condo,Servicer_A,2020-06,360
LOAN_00000721,277718,0.03430309008480131,780+,70-80%,30-36%,AZ,Refinance,Primary,SFR,Servicer_D,2022-10,360
LOAN_00000722,148460,0.0451845990967383,740-779,<60%,36-43%,MO,Purchase,Primary,SFR,Servicer_D,2022-07,360
LOAN_00000723,340561,0.05192859994475251,700-739,80-90%,20-30%,OH,Refinance,Primary,SFR,Servicer_B,2020-05,360
LOAN_00000724,673986,0.08213408234329746,<620,>100%,>50%,NC,Cash-out Refinance,Primary,2-4 Unit,Servicer_C,2022-05,180
LOAN_00000725,233972,0.07657602964122655,<620,70-80%,36-43%,FL,Refinance,Primary,SFR,Servicer_E,2020-05,360
LOAN_00000726,316040,0.070464290408727,<620,80-90%,36-43%,MI,Cash-out Refinance,Primary,SFR,Servicer_A,2022-02,360
LOAN_00000727,432891,0.04547051271104908,740-779,90-100%,<20%,MD,Cash-out Refinance,Primary,Condo,Servicer_E,2020-04,240
LOAN_00000728,105465,0.04686982312275484,740-779,<60%,36-43%,NJ,Refinance,Primary,SFR,Servicer_B,2021-06,360
LOAN_00000729,228420,0.04505727957831455,740-779,70-80%,30-36%,MO,Refinance,Primary,SFR,Servicer_E,2021-12,360
LOAN_00000730,355847,0.04559887734351085,740-779,80-90%,30-36%,TN,Cash-out Refinance,Primary,2-4 Unit,Servicer_C,2022-03,360
LOAN_00000731,69668,0.07291245528731169,<620,<60%,36-43%,FL,Refinance,Primary,SFR,Servicer_A,2021-04,180
LOAN_00000732,181969,0.05207479451924987,700-739,60-70%,43-50%,TX,Purchase,Primary,2-4 Unit,Servicer_A,2022-10,360
LOAN_00000733,514231,0.05366202202427269,660-699,90-100%,20-30%,GA,Cash-out Refinance,Primary,SFR,Servicer_E,2022-04,180
LOAN_00000734,489675,0.06429264144308118,<620,90-100%,43-50%,MD,Refinance,Primary,SFR,Servicer_D,2020-08,240
LOAN_00000735,357595,0.035037664311592304,780+,80-90%,20-30%,NY,Cash-out Refinance,Primary,SFR,Servicer_B,2022-01,180
LOAN_00000736,460974,0.055631749855229666,660-699,90-100%,36-43%,CA,Purchase,Primary,SFR,Servicer_D,2022-03,360
LOAN_00000737,330232,0.04183753925592495,740-779,80-90%,20-30%,WI,Purchase,Primary,SFR,Servicer_C,2021-01,360
LOAN_00000738,391483,0.05146702095330018,700-739,90-100%,20-30%,NY,Refinance,Primary,SFR,Servicer_A,2022-03,360
LOAN_00000739,253260,0.04796295167248945,700-739,70-80%,43-50%,GA,Refinance,Primary,SFR,Servicer_D,2022-09,360
LOAN_00000740,314238,0.04734423104762492,700-739,80-90%,<20%,TN,Purchase,Primary,SFR,Servicer_A,2022-06,360
LOAN_00000741,216168,0.05770698168047638,620-659,60-70%,>50%,TX,Cash-out Refinance,Primary,SFR,Servicer_C,2022-04,360
LOAN_00000742,557792,0.057654560828710136,620-659,90-100%,20-30%,NY,Refinance,Primary,SFR,Servicer_A,2021-11,360
LOAN_00000743,634618,0.05236215292919218,660-699,>100%,36-43%,MA,Purchase,Primary,SFR,Servicer_B,2020-10,360
LOAN_00000744,591227,0.05944821211589388,620-659,>100%,<20%,CA,Refinance,Primary,SFR,Servicer_E,2022-05,180
LOAN_00000745,241819,0.04457662550975741,740-779,70-80%,36-43%,MA,Purchase,Primary,SFR,Servicer_C,2021-02,360
LOAN_00000746,184077,0.06317903042847313,620-659,60-70%,>50%,NJ,Purchase,Primary,Manufactured,Servicer_D,2021-08,360
LOAN_00000747,561567,0.05252561173410873,660-699,>100%,36-43%,IL,Purchase,Primary,SFR,Servicer_B,2020-12,360
LOAN_00000748,389240,0.04919603725434524,700-739,90-100%,30-36%,WA,Purchase,Second Home,Condo,Servicer_A,2020-12,360
LOAN_00000749,349511,0.04546289425956422,740-779,80-90%,43-50%,OH,Cash-out Refinance,Primary,SFR,Servicer_D,2020-06,360
LOAN_00000750,216032,0.05210323047439982,700-739,60-70%,36-43%,MD,Purchase,Second Home,SFR,Servicer_B,2022-11,360
LOAN_00000751,366895,0.07744767108215107,<620,80-90%,<20%,NC,Refinance,Primary,SFR,Servicer_A,2020-06,360
LOAN_00000752,172363,0.05424023475876892,660-699,60-70%,36-43%,MA,Refinance,Primary,SFR,Servicer_C,2020-04,360
LOAN_00000753,407188,0.04126715756627873,740-779,90-100%,36-43%,PA,Purchase,Primary,Condo,Servicer_C,2022-10,360
LOAN_00000754,590924,0.06602582880142055,<620,>100%,43-50%,IN,Cash-out Refinance,Second Home,2-4 Unit,Servicer_A,2021-08,180
LOAN_00000755,670328,0.049336858770498954,700-739,>100%,20-30%,PA,Purchase,Primary,SFR,Servicer_C,2021-04,360
LOAN_00000756,422634,0.05840510805222965,620-659,90-100%,30-36%,NJ,Refinance,Investment,SFR,Servicer_C,2022-03,180
LOAN_00000757,148596,0.047732073394881065,700-739,<60%,>50%,IN,Refinance,Primary,Condo,Servicer_E,2021-02,360
LOAN_00000758,327310,0.07036927979371804,<620,80-90%,36-43%,MD,Refinance,Investment,SFR,Servicer_A,2020-05,360
LOAN_00000759,864443,0.047910882920248435,700-739,>100%,30-36%,TN,Purchase,Primary,SFR,Servicer_C,2022-03,180
LOAN_00000760,192085,0.07177429574293043,<620,60-70%,>50%,AZ,Cash-out Refinance,Primary,SFR,Servicer_D,2020-07,180
LOAN_00000761,287911,0.042408872985654565,740-779,70-80%,20-30%,AZ,Cash-out Refinance,Primary,SFR,Servicer_C,2021-08,360
LOAN_00000762,601247,0.05148512337141425,700-739,>100%,30-36%,NC,Purchase,Primary,SFR,Servicer_B,2022-11,180
LOAN_00000763,403756,0.07179994943088137,<620,90-100%,43-50%,AZ,Refinance,Primary,SFR,Servicer_E,2022-10,360
LOAN_00000764,1024871,0.05701809069737607,620-659,>100%,36-43%,VA,Purchase,Primary,SFR,Servicer_B,2021-01,360
LOAN_00000765,205574,0.0822575913016676,<620,60-70%,>50%,NJ,Purchase,Primary,SFR,Servicer_E,2022-05,240
LOAN_00000766,180795,0.051770314609143796,700-739,60-70%,36-43%,OH,Purchase,Primary,SFR,Servicer_E,2021-11,240
LOAN_00000767,546922,0.05808451423552809,620-659,90-100%,20-30%,GA,Purchase,Primary,SFR,Servicer_D,2021-06,360
LOAN_00000768,163090,0.07786179126458581,<620,<60%,30-36%,FL,Refinance,Primary,SFR,Servicer_D,2020-06,360
LOAN_00000769,268771,0.03683292139909278,780+,70-80%,<20%,MA,Purchase,Primary,SFR,Servicer_C,2021-02,180
LOAN_00000770,286982,0.03534699960182155,780+,70-80%,>50%,CA,Purchase,Primary,SFR,Servicer_D,2021-12,360
LOAN_00000771,497820,0.0454539018734871,740-779,90-100%,<20%,FL,Purchase,Primary,SFR,Servicer_B,2022-12,360
LOAN_00000772,403178,0.06476047227367991,<620,90-100%,30-36%,PA,Purchase,Primary,SFR,Servicer_A,2020-01,360
LOAN_00000773,372701,0.035681785800016734,780+,80-90%,30-36%,FL,Refinance,Investment,SFR,Servicer_D,2022-02,360
LOAN_00000774,242506,0.062164588678744234,620-659,70-80%,<20%,MA,Refinance,Second Home,SFR,Servicer_E,2022-07,360
LOAN_00000775,544434,0.06132048033386672,620-659,90-100%,20-30%,FL,Purchase,Primary,SFR,Servicer_E,2022-11,360
LOAN_00000776,1500000,0.07917268279842349,<620,>100%,36-43%,MI,Purchase,Primary,SFR,Servicer_D,2021-04,360
LOAN_00000777,419006,0.06754581910614847,<620,90-100%,<20%,MA,Purchase,Primary,SFR,Servicer_E,2020-05,360
LOAN_00000778,311712,0.05936860284997331,620-659,80-90%,>50%,VA,Refinance,Second Home,SFR,Servicer_C,2020-10,360
LOAN_00000779,154982,0.07130959522183553,<620,<60%,>50%,VA,Purchase,Second Home,SFR,Servicer_A,2022-07,180
LOAN_00000780,215617,0.0614668472933784,620-659,60-70%,<20%,OH,Refinance,Second Home,SFR,Servicer_B,2022-08,360
LOAN_00000781,266504,0.049479159344473576,700-739,70-80%,43-50%,MI,Refinance,Investment,Manufactured,Servicer_B,2021-11,180
LOAN_00000782,226998,0.04126473067541366,740-779,70-80%,20-30%,TN,Purchase,Primary,SFR,Servicer_E,2020-05,360
LOAN_00000783,294184,0.04816761275568303,700-739,80-90%,<20%,MI,Purchase,Primary,SFR,Servicer_E,2020-05,180
LOAN_00000784,721442,0.05451911350543459,660-699,>100%,20-30%,AZ,Purchase,Primary,SFR,Servicer_D,2021-06,240
LOAN_00000785,553260,0.05710022086419524,620-659,90-100%,43-50%,IN,Purchase,Primary,2-4 Unit,Servicer_E,2021-10,360
LOAN_00000786,273917,0.029377652822958896,780+,70-80%,36-43%,IL,Purchase,Primary,SFR,Servicer_B,2020-02,360
LOAN_00000787,162082,0.05236527598091207,660-699,<60%,20-30%,FL,Cash-out Refinance,Primary,SFR,Servicer_D,2022-01,360
LOAN_00000788,578783,0.05534298123459334,660-699,>100%,36-43%,MI,Purchase,Primary,Condo,Servicer_A,2021-08,180
LOAN_00000789,289373,0.061570449338558084,620-659,70-80%,36-43%,GA,Purchase,Primary,SFR,Servicer_A,2020-01,360
LOAN_00000790,125085,0.0745216105900762,<620,<60%,36-43%,FL,Cash-out Refinance,Primary,2-4 Unit,Servicer_D,2020-04,360
LOAN_00000791,423460,0.057227842425343234,620-659,90-100%,30-36%,TN,Cash-out Refinance,Second Home,SFR,Servicer_D,2021-05,360
LOAN_00000792,495262,0.04408524548502738,740-779,90-100%,43-50%,WA,Purchase,Investment,Condo,Servicer_C,2022-03,360
LOAN_00000793,88172,0.033183047396782336,780+,<60%,36-43%,AZ,Refinance,Primary,Manufactured,Servicer_C,2022-06,360
LOAN_00000794,196363,0.06324413149734859,620-659,60-70%,<20%,MA,Purchase,Primary,SFR,Servicer_D,2021-04,360
LOAN_00000795,280624,0.04457095168627104,740-779,70-80%,43-50%,NC,Cash-out Refinance,Primary,2-4 Unit,Servicer_B,2020-11,360
LOAN_00000796,428161,0.06540204372593617,<620,90-100%,20-30%,NJ,Refinance,Second Home,SFR,Servicer_B,2022-11,360
LOAN_00000797,229148,0.07176904182595083,<620,70-80%,36-43%,IL,Purchase,Primary,SFR,Servicer_B,2021-05,360
LOAN_00000798,195619,0.03647110280824991,780+,60-70%,36-43%,MA,Purchase,Primary,SFR,Servicer_B,2020-12,360
LOAN_00000799,426592,0.06164671070510755,620-659,90-100%,20-30%,MD,Purchase,Primary,SFR,Servicer_B,2021-04,180
LOAN_00000800,234647,0.07051146892407213,<620,70-80%,20-30%,MO,Refinance,Second Home,SFR,Servicer_A,2020-01,360
LOAN_00000801,388880,0.06722847190336338,<620,90-100%,36-43%,NC,Purchase,Primary,SFR,Servicer_C,2020-11,360
LOAN_00000802,170117,0.029843446757074534,780+,<60%,43-50%,CA,Refinance,Primary,SFR,Servicer_C,2021-07,360
LOAN_00000803,150818,0.044756175462475546,740-779,<60%,43-50%,MO,Purchase,Primary,SFR,Servicer_A,2022-10,360
LOAN_00000804,432628,0.03963783393099492,780+,90-100%,36-43%,VA,Refinance,Primary,SFR,Servicer_E,2022-03,360
LOAN_00000805,336468,0.06128167306176461,620-659,80-90%,20-30%,TN,Purchase,Investment,SFR,Servicer_C,2022-05,180
LOAN_00000806,470347,0.05995991948182597,620-659,90-100%,20-30%,OH,Cash-out Refinance,Primary,SFR,Servicer_A,2021-08,180
LOAN_00000807,227226,0.022625297464712493,780+,70-80%,43-50%,MO,Purchase,Second Home,SFR,Servicer_A,2020-04,180
LOAN_00000808,199276,0.0513900205440659,700-739,60-70%,30-36%,IN,Purchase,Primary,SFR,Servicer_A,2021-03,360
LOAN_00000809,585580,0.06460863796409329,<620,>100%,36-43%,CA,Purchase,Primary,Manufactured,Servicer_C,2022-12,180
LOAN_00000810,138485,0.05677571189468947,620-659,<60%,20-30%,VA,Refinance,Primary,Manufactured,Servicer_B,2020-02,360
LOAN_00000811,554449,0.056755203033998336,620-659,90-100%,<20%,MI,Purchase,Primary,SFR,Servicer_E,2022-08,360
LOAN_00000812,573924,0.05062007575937547,700-739,>100%,36-43%,AZ,Purchase,Primary,SFR,Servicer_C,2022-01,360
LOAN_00000813,455907,0.04229270870710386,740-779,90-100%,36-43%,PA,Purchase,Primary,SFR,Servicer_D,2020-11,360
LOAN_00000814,210259,0.054795330113314195,660-699,60-70%,36-43%,TX,Purchase,Second Home,SFR,Servicer_B,2022-05,360
LOAN_00000815,197153,0.055625121414821496,660-699,60-70%,20-30%,PA,Cash-out Refinance,Investment,SFR,Servicer_A,2022-07,180
LOAN_00000816,266991,0.06238305424399547,620-659,70-80%,43-50%,NJ,Purchase,Primary,Manufactured,Servicer_B,2020-02,360
LOAN_00000817,155201,0.06335799909154555,<620,<60%,30-36%,PA,Cash-out Refinance,Primary,SFR,Servicer_D,2020-04,180
LOAN_00000818,183350,0.056030337029958896,660-699,60-70%,43-50%,MI,Cash-out Refinance,Investment,SFR,Servicer_D,2021-12,180
LOAN_00000819,409366,0.06813890037501798,<620,90-100%,36-43%,GA,Refinance,Primary,SFR,Servicer_A,2022-12,360
LOAN_00000820,410312,0.05050090398237075,700-739,90-100%,30-36%,AZ,Purchase,Primary,2-4 Unit,Servicer_B,2020-01,180
LOAN_00000821,175468,0.0376717051614432,780+,60-70%,36-43%,NC,Refinance,Primary,Condo,Servicer_C,2021-12,360
LOAN_00000822,415842,0.06072464403301847,620-659,90-100%,36-43%,FL,Cash-out Refinance,Primary,SFR,Servicer_B,2020-05,360
LOAN_00000823,372186,0.05651655465267106,660-699,80-90%,30-36%,WA,Purchase,Primary,Condo,Servicer_B,2021-12,360
LOAN_00000824,630925,0.060963178188158364,620-659,>100%,36-43%,IL,Purchase,Primary,2-4 Unit,Servicer_E,2021-11,360
LOAN_00000825,394182,0.03982658382060487,740-779,90-100%,<20%,OH,Purchase,Primary,Condo,Servicer_E,2020-04,360
LOAN_00000826,503475,0.07648955306333254,<620,90-100%,>50%,MA,Purchase,Primary,SFR,Servicer_B,2022-01,360
LOAN_00000827,376449,0.0635260289639637,<620,80-90%,20-30%,PA,Purchase,Primary,SFR,Servicer_A,2022-09,360
LOAN_00000828,484060,0.051544037308010486,700-739,90-100%,20-30%,TX,Purchase,Primary,Condo,Servicer_B,2022-08,360
LOAN_00000829,155817,0.043774562248424256,740-779,<60%,43-50%,GA,Refinance,Primary,SFR,Servicer_E,2020-02,240
LOAN_00000830,279044,0.06792584092518698,<620,70-80%,20-30%,GA,Purchase,Primary,SFR,Servicer_E,2020-09,360
LOAN_00000831,290834,0.04177876261523372,740-779,80-90%,>50%,AZ,Purchase,Primary,SFR,Servicer_D,2020-09,360
LOAN_00000832,262531,0.08213637789750483,<620,70-80%,30-36%,MA,Cash-out Refinance,Primary,SFR,Servicer_D,2021-05,180
LOAN_00000833,370253,0.04764154072120803,700-739,80-90%,20-30%,CA,Purchase,Primary,SFR,Servicer_B,2020-06,240
LOAN_00000834,407252,0.07564606257526733,<620,90-100%,<20%,TN,Purchase,Primary,SFR,Servicer_C,2022-07,360
LOAN_00000835,360817,0.05278631457912741,660-699,80-90%,<20%,MA,Purchase,Primary,SFR,Servicer_E,2022-04,360
LOAN_00000836,271448,0.0739689605058437,<620,70-80%,<20%,NY,Purchase,Primary,SFR,Servicer_B,2022-06,360
LOAN_00000837,205280,0.046181577918081806,740-779,60-70%,<20%,OH,Refinance,Primary,SFR,Servicer_C,2020-08,360
LOAN_00000838,513288,0.0552260365425604,660-699,90-100%,20-30%,TN,Purchase,Primary,SFR,Servicer_E,2020-01,360
LOAN_00000839,353227,0.0646569919620468,<620,80-90%,20-30%,VA,Cash-out Refinance,Primary,SFR,Servicer_D,2022-09,360
LOAN_00000840,178205,0.06294492564034987,620-659,60-70%,30-36%,OH,Cash-out Refinance,Primary,SFR,Servicer_A,2020-11,360
LOAN_00000841,269185,0.06820914200389461,<620,70-80%,20-30%,TN,Purchase,Primary,Manufactured,Servicer_D,2021-12,360
LOAN_00000842,124038,0.04915033462238123,700-739,<60%,<20%,WA,Refinance,Second Home,SFR,Servicer_A,2022-09,240
LOAN_00000843,301849,0.05601770047419773,660-699,80-90%,<20%,NJ,Refinance,Primary,SFR,Servicer_B,2020-02,180
LOAN_00000844,268554,0.06998066291197685,<620,70-80%,20-30%,CA,Cash-out Refinance,Primary,SFR,Servicer_E,2020-01,360
LOAN_00000845,222518,0.046536933979372586,740-779,60-70%,20-30%,WA,Purchase,Second Home,SFR,Servicer_A,2020-01,360
LOAN_00000846,654940,0.06187049273342082,620-659,>100%,<20%,NY,Refinance,Primary,SFR,Servicer_A,2020-06,360
LOAN_00000847,166362,0.052370077122666996,660-699,<60%,30-36%,MD,Purchase,Primary,2-4 Unit,Servicer_E,2020-02,360
LOAN_00000848,422183,0.05747048927899127,620-659,90-100%,>50%,NY,Purchase,Investment,SFR,Servicer_D,2022-06,360
LOAN_00000849,885009,0.05601460259697338,660-699,>100%,20-30%,CA,Cash-out Refinance,Primary,SFR,Servicer_B,2021-10,360
LOAN_00000850,508201,0.04554060219058043,740-779,90-100%,20-30%,GA,Purchase,Primary,SFR,Servicer_B,2022-12,180
LOAN_00000851,291918,0.05187168169453063,700-739,80-90%,36-43%,OH,Purchase,Primary,SFR,Servicer_E,2022-05,180
LOAN_00000852,168209,0.05673918702492047,620-659,<60%,30-36%,GA,Purchase,Investment,SFR,Servicer_D,2022-11,180
LOAN_00000853,150086,0.053767312015454455,660-699,<60%,<20%,MD,Cash-out Refinance,Primary,SFR,Servicer_B,2020-09,360
LOAN_00000854,241403,0.07387283139753087,<620,70-80%,43-50%,PA,Purchase,Primary,SFR,Servicer_A,2020-11,360
LOAN_00000855,210344,0.06711946668179633,<620,60-70%,36-43%,IN,Purchase,Primary,SFR,Servicer_C,2022-07,360
LOAN_00000856,206948,0.058479765981921956,620-659,60-70%,>50%,NY,Refinance,Primary,SFR,Servicer_B,2020-09,360
LOAN_00000857,251914,0.04584224580736597,740-779,70-80%,>50%,WA,Purchase,Primary,Condo,Servicer_C,2020-03,360
LOAN_00000858,281778,0.04511172289722456,740-779,70-80%,36-43%,FL,Purchase,Second Home,SFR,Servicer_A,2022-01,360
LOAN_00000859,377983,0.07868573242336493,<620,80-90%,36-43%,IL,Refinance,Primary,2-4 Unit,Servicer_C,2022-05,360
LOAN_00000860,159707,0.04288137476713367,740-779,<60%,30-36%,FL,Cash-out Refinance,Investment,SFR,Servicer_B,2022-11,360
LOAN_00000861,210844,0.05636631541780629,660-699,60-70%,43-50%,OH,Refinance,Primary,Condo,Servicer_E,2022-10,360
LOAN_00000862,273802,0.059331384572184155,620-659,70-80%,36-43%,MI,Purchase,Investment,SFR,Servicer_B,2020-05,360
LOAN_00000863,268943,0.05126411618220033,700-739,70-80%,20-30%,MO,Purchase,Primary,Condo,Servicer_B,2022-04,360
LOAN_00000864,742822,0.04297355482507169,740-779,>100%,<20%,TN,Refinance,Primary,SFR,Servicer_B,2022-07,360
LOAN_00000865,333075,0.04558124033192216,740-779,80-90%,36-43%,AZ,Purchase,Primary,SFR,Servicer_D,2022-02,360
LOAN_00000866,132349,0.04844193997235166,700-739,<60%,30-36%,MI,Refinance,Primary,SFR,Servicer_D,2022-06,360
LOAN_00000867,365525,0.04648608557082665,740-779,80-90%,43-50%,PA,Purchase,Primary,2-4 Unit,Servicer_B,2022-07,360
LOAN_00000868,389582,0.07093264471817116,<620,90-100%,20-30%,PA,Cash-out Refinance,Primary,SFR,Servicer_D,2021-05,180
LOAN_00000869,278573,0.054890488078328456,660-699,70-80%,43-50%,FL,Purchase,Investment,Condo,Servicer_A,2020-02,360
LOAN_00000870,161668,0.04871438678622866,700-739,<60%,<20%,AZ,Cash-out Refinance,Primary,2-4 Unit,Servicer_A,2021-05,360
LOAN_00000871,714277,0.05628349652640647,660-699,>100%,36-43%,TN,Purchase,Primary,SFR,Servicer_B,2020-08,180
LOAN_00000872,173695,0.06301547086353898,620-659,60-70%,30-36%,NJ,Refinance,Primary,2-4 Unit,Servicer_D,2020-05,360
LOAN_00000873,412662,0.050864563527309045,700-739,90-100%,20-30%,VA,Purchase,Primary,SFR,Servicer_C,2020-05,240
LOAN_00000874,327756,0.06582377554211098,<620,80-90%,30-36%,GA,Refinance,Primary,SFR,Servicer_C,2022-02,360
LOAN_00000875,400474,0.039746238707721294,780+,90-100%,20-30%,WI,Purchase,Investment,SFR,Servicer_D,2021-07,360
LOAN_00000876,696225,0.06905564358539697,<620,>100%,20-30%,MO,Purchase,Primary,Condo,Servicer_A,2021-08,180
LOAN_00000877,392707,0.05489257192273335,660-699,90-100%,43-50%,NC,Purchase,Primary,SFR,Servicer_B,2022-03,360
LOAN_00000878,224283,0.05442385177897926,660-699,60-70%,20-30%,TN,Purchase,Primary,SFR,Servicer_D,2021-08,360
LOAN_00000879,515553,0.04668382810642177,740-779,90-100%,36-43%,OH,Cash-out Refinance,Primary,SFR,Servicer_E,2021-11,360
LOAN_00000880,216306,0.04026579843383904,740-779,60-70%,36-43%,FL,Cash-out Refinance,Primary,Condo,Servicer_A,2020-04,360
LOAN_00000881,321830,0.034999936770215304,780+,80-90%,<20%,PA,Refinance,Second Home,SFR,Servicer_B,2022-07,360
LOAN_00000882,155353,0.04584667997260257,740-779,<60%,43-50%,IN,Purchase,Primary,SFR,Servicer_E,2021-05,360
LOAN_00000883,176903,0.062052078647228226,620-659,60-70%,43-50%,MI,Purchase,Primary,SFR,Servicer_E,2020-06,360
LOAN_00000884,304276,0.04346465893234406,740-779,80-90%,43-50%,MO,Purchase,Primary,SFR,Servicer_B,2022-06,240
LOAN_00000885,356483,0.03641862177130829,780+,80-90%,43-50%,OH,Purchase,Investment,SFR,Servicer_A,2022-03,360
LOAN_00000886,126602,0.04409121626994656,740-779,<60%,36-43%,MI,Refinance,Primary,Condo,Servicer_C,2020-02,360
LOAN_00000887,380272,0.05038200018994822,700-739,90-100%,>50%,TX,Cash-out Refinance,Primary,SFR,Servicer_D,2020-07,360
LOAN_00000888,196867,0.050853985328051764,700-739,60-70%,20-30%,TN,Purchase,Primary,SFR,Servicer_B,2020-01,360
LOAN_00000889,562329,0.05345328510108683,660-699,>100%,<20%,OH,Purchase,Primary,2-4 Unit,Servicer_B,2020-10,360
LOAN_00000890,248703,0.06739127615262254,<620,70-80%,36-43%,TX,Purchase,Primary,SFR,Servicer_D,2020-04,180
LOAN_00000891,169090,0.06999105325709787,<620,<60%,20-30%,IL,Purchase,Primary,Condo,Servicer_C,2022-02,360
LOAN_00000892,308014,0.07906555006467186,<620,80-90%,36-43%,AZ,Purchase,Primary,SFR,Servicer_B,2021-07,360
LOAN_00000893,187565,0.03550111219961718,780+,60-70%,30-36%,IN,Purchase,Primary,SFR,Servicer_E,2022-12,180
LOAN_00000894,559317,0.04472939295596398,740-779,90-100%,20-30%,WI,Purchase,Second Home,Condo,Servicer_E,2022-03,360
LOAN_00000895,296637,0.06338182188471705,<620,80-90%,43-50%,IL,Purchase,Primary,2-4 Unit,Servicer_D,2021-11,360
LOAN_00000896,274899,0.0495516254136997,700-739,70-80%,<20%,VA,Refinance,Primary,SFR,Servicer_E,2021-07,180
LOAN_00000897,398674,0.06532943763819078,<620,90-100%,20-30%,MI,Cash-out Refinance,Primary,SFR,Servicer_B,2020-02,180
LOAN_00000898,179427,0.057485361161377924,620-659,60-70%,36-43%,MA,Purchase,Primary,SFR,Servicer_A,2020-03,360
LOAN_00000899,155659,0.07395045052044158,<620,<60%,43-50%,AZ,Purchase,Primary,Condo,Servicer_D,2021-11,360
LOAN_00000900,363733,0.06751259336719223,<620,80-90%,43-50%,TX,Purchase,Primary,SFR,Servicer_C,2020-01,180
LOAN_00000901,171127,0.06773219951870778,<620,<60%,20-30%,FL,Refinance,Primary,SFR,Servicer_C,2020-02,360
LOAN_00000902,171098,0.050057540695675654,700-739,<60%,43-50%,VA,Refinance,Primary,SFR,Servicer_B,2020-08,360
LOAN_00000903,450619,0.05383046984838074,660-699,90-100%,36-43%,NJ,Refinance,Primary,SFR,Servicer_A,2022-08,360
LOAN_00000904,385590,0.051336958509191725,700-739,90-100%,43-50%,MO,Refinance,Primary,SFR,Servicer_A,2021-05,360
LOAN_00000905,158432,0.03692929427620112,780+,<60%,<20%,IN,Cash-out Refinance,Primary,2-4 Unit,Servicer_D,2022-02,360
LOAN_00000906,217603,0.0726612310659464,<620,60-70%,30-36%,TX,Purchase,Primary,SFR,Servicer_B,2021-03,360
LOAN_00000907,188741,0.06394464770611855,<620,60-70%,30-36%,VA,Purchase,Primary,SFR,Servicer_E,2020-07,360
LOAN_00000908,720830,0.05085967451102875,700-739,>100%,36-43%,NC,Purchase,Primary,2-4 Unit,Servicer_C,2021-02,360
LOAN_00000909,466496,0.07065511008951968,<620,90-100%,<20%,MI,Purchase,Primary,Manufactured,Servicer_A,2020-04,180
LOAN_00000910,240284,0.047435588239034134,700-739,70-80%,30-36%,TX,Purchase,Investment,2-4 Unit,Servicer_D,2022-04,360
LOAN_00000911,395575,0.03294238637853669,780+,90-100%,36-43%,IN,Cash-out Refinance,Primary,Condo,Servicer_D,2020-07,180
LOAN_00000912,150528,0.06708843703472338,<620,<60%,30-36%,NY,Refinance,Primary,Manufactured,Servicer_A,2021-02,360
LOAN_00000913,211859,0.03965727720260803,780+,60-70%,30-36%,MD,Cash-out Refinance,Second Home,SFR,Servicer_E,2022-12,180
LOAN_00000914,312522,0.0526506944125122,660-699,80-90%,20-30%,MD,Cash-out Refinance,Primary,2-4 Unit,Servicer_D,2021-10,360
LOAN_00000915,371801,0.05747347648940512,620-659,80-90%,43-50%,IN,Refinance,Primary,SFR,Servicer_C,2021-05,240
LOAN_00000916,282453,0.05962558413686514,620-659,70-80%,36-43%,FL,Cash-out Refinance,Second Home,SFR,Servicer_A,2021-08,360
LOAN_00000917,335711,0.06518081267444556,<620,80-90%,36-43%,NC,Refinance,Primary,SFR,Servicer_C,2022-05,360
LOAN_00000918,308404,0.06197021711521015,620-659,80-90%,>50%,CA,Purchase,Primary,SFR,Servicer_E,2020-10,180
LOAN_00000919,273268,0.061598710318744324,620-659,70-80%,36-43%,WA,Refinance,Primary,Condo,Servicer_B,2021-11,360
LOAN_00000920,255742,0.045510978615322106,740-779,70-80%,20-30%,MO,Cash-out Refinance,Primary,2-4 Unit,Servicer_E,2022-08,360
LOAN_00000921,239633,0.05853092268721189,620-659,70-80%,36-43%,NJ,Refinance,Primary,SFR,Servicer_A,2021-09,360
LOAN_00000922,333023,0.036933400359398724,780+,80-90%,>50%,CA,Refinance,Primary,Condo,Servicer_D,2021-05,360
LOAN_00000923,364181,0.07374565238143396,<620,80-90%,<20%,OH,Purchase,Primary,Condo,Servicer_B,2020-06,360
LOAN_00000924,327479,0.03816922211418131,780+,80-90%,36-43%,NY,Cash-out Refinance,Primary,SFR,Servicer_A,2020-09,240
LOAN_00000925,164505,0.05084272193492387,700-739,<60%,20-30%,NC,Purchase,Investment,Condo,Servicer_D,2022-11,360
LOAN_00000926,179968,0.039173509131678594,780+,60-70%,43-50%,GA,Refinance,Investment,SFR,Servicer_C,2021-08,180
LOAN_00000927,362014,0.046238004569612176,740-779,80-90%,36-43%,IN,Refinance,Primary,SFR,Servicer_B,2020-11,360
LOAN_00000928,618985,0.05516114098518461,660-699,>100%,>50%,IL,Refinance,Primary,SFR,Servicer_B,2021-04,360
LOAN_00000929,320042,0.048654902817807974,700-739,80-90%,36-43%,OH,Purchase,Primary,2-4 Unit,Servicer_C,2021-09,360
LOAN_00000930,241389,0.06873095509774746,<620,70-80%,<20%,IL,Refinance,Primary,SFR,Servicer_A,2021-08,360
LOAN_00000931,331761,0.057722812191553556,620-659,80-90%,30-36%,MO,Purchase,Investment,SFR,Servicer_C,2022-02,360
LOAN_00000932,167978,0.04944508324925689,700-739,<60%,>50%,PA,Purchase,Primary,SFR,Servicer_A,2020-10,360
LOAN_00000933,570615,0.053397016840311444,660-699,>100%,20-30%,WI,Purchase,Primary,Condo,Servicer_B,2021-12,240
LOAN_00000934,325558,0.06963640548467123,<620,80-90%,<20%,AZ,Refinance,Primary,2-4 Unit,Servicer_C,2021-04,180
LOAN_00000935,212197,0.0659064505994136,<620,60-70%,36-43%,OH,Purchase,Primary,SFR,Servicer_D,2022-10,360
LOAN_00000936,272829,0.04133474927181507,740-779,70-80%,30-36%,VA,Purchase,Primary,Condo,Servicer_B,2020-06,360
LOAN_00000937,227858,0.04683217943032474,740-779,70-80%,<20%,FL,Cash-out Refinance,Primary,SFR,Servicer_D,2020-06,360
LOAN_00000938,571394,0.060697477824212455,620-659,>100%,20-30%,MD,Purchase,Primary,SFR,Servicer_E,2021-05,180
LOAN_00000939,268036,0.059240399032324476,620-659,70-80%,20-30%,WI,Cash-out Refinance,Primary,SFR,Servicer_C,2021-07,360
LOAN_00000940,320514,0.04239542150321485,740-779,80-90%,36-43%,PA,Purchase,Primary,SFR,Servicer_D,2022-01,360
LOAN_00000941,395087,0.06398951907167949,<620,90-100%,30-36%,NY,Purchase,Investment,Condo,Servicer_C,2021-03,240
LOAN_00000942,204764,0.04430951031776325,740-779,60-70%,30-36%,NC,Refinance,Primary,SFR,Servicer_B,2022-09,180
LOAN_00000943,326718,0.0706459212862761,<620,80-90%,43-50%,TN,Purchase,Primary,SFR,Servicer_B,2021-06,360
LOAN_00000944,340175,0.06135338987499546,620-659,80-90%,20-30%,WA,Cash-out Refinance,Primary,2-4 Unit,Servicer_B,2020-05,360
LOAN_00000945,136347,0.04141690659225134,740-779,<60%,36-43%,CA,Purchase,Primary,2-4 Unit,Servicer_C,2020-05,360
LOAN_00000946,336498,0.048651079582439055,700-739,80-90%,30-36%,CA,Cash-out Refinance,Primary,SFR,Servicer_A,2022-12,360
LOAN_00000947,289850,0.04844247262565651,700-739,70-80%,30-36%,IL,Purchase,Primary,Condo,Servicer_D,2020-05,360
LOAN_00000948,316469,0.05691852065562797,620-659,80-90%,36-43%,TN,Cash-out Refinance,Primary,Manufactured,Servicer_A,2022-11,360
LOAN_00000949,301889,0.05255227722385011,660-699,80-90%,36-43%,PA,Purchase,Primary,SFR,Servicer_D,2020-11,360
LOAN_00000950,337589,0.0412541330394186,740-779,80-90%,>50%,MO,Refinance,Investment,SFR,Servicer_C,2020-04,360
LOAN_00000951,578776,0.03826889024532909,780+,>100%,20-30%,PA,Purchase,Primary,SFR,Servicer_D,2020-11,360
LOAN_00000952,164430,0.06158828001277434,620-659,<60%,<20%,MO,Cash-out Refinance,Primary,Condo,Servicer_A,2021-11,180
LOAN_00000953,249926,0.05843484237476996,620-659,70-80%,30-36%,MD,Purchase,Primary,SFR,Servicer_B,2021-04,180
LOAN_00000954,413870,0.056266450686460384,660-699,90-100%,30-36%,MA,Purchase,Primary,Condo,Servicer_B,2022-05,360
LOAN_00000955,377174,0.05824878230752553,620-659,80-90%,20-30%,NY,Refinance,Primary,SFR,Servicer_D,2021-10,360
LOAN_00000956,373137,0.04757297022969958,700-739,80-90%,43-50%,TX,Purchase,Primary,SFR,Servicer_B,2021-03,360
LOAN_00000957,1175011,0.057207908293301725,620-659,>100%,43-50%,NY,Refinance,Primary,Condo,Servicer_B,2021-11,360
LOAN_00000958,403151,0.08546206677981122,<620,90-100%,30-36%,WA,Refinance,Investment,SFR,Servicer_A,2022-11,180
LOAN_00000959,522024,0.06909480544896572,<620,90-100%,30-36%,AZ,Purchase,Primary,2-4 Unit,Servicer_B,2021-03,360
LOAN_00000960,254349,0.051539098588481956,700-739,70-80%,<20%,WI,Refinance,Second Home,SFR,Servicer_E,2020-06,360
LOAN_00000961,180510,0.04871953903478512,700-739,60-70%,30-36%,WI,Purchase,Primary,SFR,Servicer_A,2021-03,360
LOAN_00000962,253429,0.0206747272301012,780+,70-80%,36-43%,OH,Refinance,Primary,Condo,Servicer_E,2022-07,180
LOAN_00000963,423360,0.06782432983581638,<620,90-100%,43-50%,GA,Purchase,Second Home,SFR,Servicer_E,2020-08,360
LOAN_00000964,363456,0.06443926424529775,<620,80-90%,30-36%,TN,Purchase,Primary,SFR,Servicer_E,2022-11,360
LOAN_00000965,362806,0.04847406436868209,700-739,80-90%,20-30%,TN,Cash-out Refinance,Primary,SFR,Servicer_D,2021-10,360
LOAN_00000966,266419,0.03781950780547447,780+,70-80%,20-30%,OH,Cash-out Refinance,Second Home,SFR,Servicer_D,2021-10,360
LOAN_00000967,246002,0.04113679068172329,740-779,70-80%,20-30%,CA,Cash-out Refinance,Investment,SFR,Servicer_E,2020-12,360
LOAN_00000968,271053,0.06033277434975307,620-659,70-80%,>50%,TX,Refinance,Primary,SFR,Servicer_D,2022-10,360
LOAN_00000969,426018,0.05392791119604983,660-699,90-100%,43-50%,IN,Purchase,Second Home,SFR,Servicer_C,2020-02,360
LOAN_00000970,451514,0.06329910421128737,620-659,90-100%,43-50%,OH,Purchase,Primary,SFR,Servicer_C,2020-11,360
LOAN_00000971,179311,0.0560373176604182,660-699,60-70%,43-50%,MA,Purchase,Primary,2-4 Unit,Servicer_E,2021-04,360
LOAN_00000972,434161,0.06660110598539781,<620,90-100%,<20%,IN,Refinance,Primary,SFR,Servicer_B,2021-06,360
LOAN_00000973,214194,0.05943490168470696,620-659,60-70%,36-43%,MO,Purchase,Primary,SFR,Servicer_C,2021-06,360
LOAN_00000974,374917,0.06494554456192816,<620,80-90%,36-43%,MI,Cash-out Refinance,Primary,SFR,Servicer_A,2020-06,360
LOAN_00000975,269417,0.029923799068936753,780+,70-80%,20-30%,WA,Purchase,Primary,Condo,Servicer_D,2020-09,360
LOAN_00000976,648809,0.04018785315403048,740-779,>100%,30-36%,NY,Purchase,Primary,SFR,Servicer_A,2020-04,360
LOAN_00000977,240617,0.05062777996134847,700-739,70-80%,36-43%,MD,Cash-out Refinance,Second Home,SFR,Servicer_A,2021-09,360
LOAN_00000978,324261,0.0679548254188029,<620,80-90%,43-50%,MO,Purchase,Second Home,2-4 Unit,Servicer_B,2021-01,360
LOAN_00000979,401634,0.07756635671281288,<620,90-100%,<20%,GA,Purchase,Second Home,2-4 Unit,Servicer_D,2021-09,360
LOAN_00000980,191572,0.053029170611357465,660-699,60-70%,43-50%,GA,Refinance,Primary,2-4 Unit,Servicer_E,2021-10,360
LOAN_00000981,285949,0.04766103923334184,700-739,70-80%,>50%,MA,Cash-out Refinance,Investment,SFR,Servicer_C,2022-02,360
LOAN_00000982,259550,0.031540377468906367,780+,70-80%,>50%,NC,Purchase,Primary,SFR,Servicer_D,2021-08,360
LOAN_00000983,229370,0.06536276516887797,<620,70-80%,<20%,MA,Purchase,Primary,SFR,Servicer_B,2021-12,360
LOAN_00000984,238026,0.04839771309766628,700-739,70-80%,20-30%,TX,Purchase,Primary,SFR,Servicer_A,2021-10,360
LOAN_00000985,517108,0.09050001603229786,<620,90-100%,36-43%,PA,Refinance,Primary,SFR,Servicer_A,2021-12,360
LOAN_00000986,219855,0.04612715295958584,740-779,60-70%,20-30%,TN,Purchase,Primary,SFR,Servicer_A,2021-11,360
LOAN_00000987,393644,0.08026330116232798,<620,90-100%,<20%,MD,Refinance,Primary,SFR,Servicer_B,2020-12,360
LOAN_00000988,347075,0.0639804086030496,<620,80-90%,43-50%,CA,Purchase,Investment,SFR,Servicer_D,2020-09,240
LOAN_00000989,147489,0.0426608272081436,740-779,<60%,<20%,TN,Cash-out Refinance,Primary,Condo,Servicer_A,2022-05,360
LOAN_00000990,384456,0.05778572546372304,620-659,90-100%,30-36%,TX,Refinance,Primary,SFR,Servicer_B,2021-01,360
LOAN_00000991,146274,0.0642565663186056,<620,<60%,>50%,MO,Refinance,Primary,2-4 Unit,Servicer_D,2021-08,180
LOAN_00000992,405974,0.052296973689801005,660-699,90-100%,30-36%,PA,Purchase,Primary,SFR,Servicer_A,2020-08,360
LOAN_00000993,230131,0.06505579252662758,<620,70-80%,>50%,GA,Purchase,Investment,SFR,Servicer_C,2021-04,360
LOAN_00000994,297801,0.06479148591218392,<620,80-90%,30-36%,MA,Purchase,Primary,2-4 Unit,Servicer_B,2021-08,180
LOAN_00000995,155260,0.06215606200712957,620-659,<60%,20-30%,IN,Refinance,Primary,SFR,Servicer_E,2021-11,360
LOAN_00000996,315272,0.05480231958342993,660-699,80-90%,<20%,NC,Purchase,Primary,2-4 Unit,Servicer_C,2021-07,360
LOAN_00000997,471406,0.04090071892832648,740-779,90-100%,30-36%,OH,Purchase,Primary,Condo,Servicer_C,2021-01,360
LOAN_00000998,198098,0.0540785754942972,660-699,60-70%,20-30%,WI,Purchase,Primary,Manufactured,Servicer_E,2022-11,360
LOAN_00000999,218910,0.057112775964590114,620-659,60-70%,43-50%,WI,Purchase,Primary,SFR,Servicer_D,2021-07,360
LOAN_00001000,372246,0.032487389547546104,780+,80-90%,>50%,NJ,Purchase,Primary,SFR,Servicer_C,2022-06,360
LOAN_00001001,376927,0.057030823791896126,620-659,80-90%,<20%,CA,Refinance,Primary,SFR,Servicer_D,2022-03,360
LOAN_00001002,87808,0.05383838482227828,660-699,<60%,<20%,WI,Refinance,Second Home,Condo,Servicer_C,2021-09,180
LOAN_00001003,812363,0.039440487150580544,780+,>100%,36-43%,WA,Purchase,Primary,SFR,Servicer_D,2022-08,360
LOAN_00001004,386264,0.051003923311698916,700-739,90-100%,30-36%,VA,Refinance,Primary,SFR,Servicer_B,2020-05,360
LOAN_00001005,420188,0.05125784383798841,700-739,90-100%,20-30%,FL,Purchase,Primary,Manufactured,Servicer_B,2022-10,360
LOAN_00001006,276020,0.07816113440192102,<620,70-80%,20-30%,WI,Cash-out Refinance,Primary,SFR,Servicer_E,2022-07,360
LOAN_00001007,117280,0.0576414201541284,620-659,<60%,20-30%,MA,Refinance,Primary,SFR,Servicer_C,2021-07,360
LOAN_00001008,415551,0.06743254301577518,<620,90-100%,30-36%,IL,Purchase,Primary,Condo,Servicer_C,2022-03,360
LOAN_00001009,223553,0.053586216346112214,660-699,60-70%,<20%,GA,Refinance,Primary,SFR,Servicer_A,2021-07,360
LOAN_00001010,389245,0.032513001797978995,780+,90-100%,36-43%,OH,Purchase,Primary,SFR,Servicer_B,2020-10,360
LOAN_00001011,265826,0.06306810218585948,620-659,70-80%,20-30%,MO,Purchase,Primary,SFR,Servicer_D,2022-05,360
LOAN_00001012,334041,0.047101759244949505,700-739,80-90%,30-36%,MI,Purchase,Primary,SFR,Servicer_C,2020-09,360
LOAN_00001013,201289,0.05097279844014507,700-739,60-70%,30-36%,MO,Cash-out Refinance,Primary,SFR,Servicer_B,2020-12,360
LOAN_00001014,456888,0.042364345010614354,740-779,90-100%,20-30%,AZ,Cash-out Refinance,Primary,Condo,Servicer_A,2021-07,360
LOAN_00001015,163703,0.05587321436705632,660-699,<60%,43-50%,GA,Refinance,Investment,SFR,Servicer_C,2022-07,360
LOAN_00001016,911443,0.06778214033946943,<620,>100%,36-43%,NC,Cash-out Refinance,Primary,SFR,Servicer_B,2021-02,360
LOAN_00001017,907976,0.06619285730169551,<620,>100%,43-50%,IN,Purchase,Primary,Manufactured,Servicer_E,2021-06,240
LOAN_00001018,670882,0.07403427409342198,<620,>100%,30-36%,MI,Refinance,Primary,Condo,Servicer_A,2020-02,360
LOAN_00001019,561147,0.07573551349544934,<620,>100%,30-36%,AZ,Purchase,Primary,SFR,Servicer_D,2020-05,360
LOAN_00001020,284283,0.030449509236901318,780+,70-80%,20-30%,FL,Purchase,Investment,2-4 Unit,Servicer_B,2020-03,360
LOAN_00001021,531401,0.04067655326885042,740-779,90-100%,30-36%,NC,Cash-out Refinance,Primary,SFR,Servicer_B,2020-03,360
LOAN_00001022,282635,0.03330170106008136,780+,70-80%,36-43%,VA,Cash-out Refinance,Primary,SFR,Servicer_D,2022-08,180
LOAN_00001023,136385,0.06258316492467508,620-659,<60%,30-36%,OH,Cash-out Refinance,Primary,2-4 Unit,Servicer_C,2022-07,360
LOAN_00001024,628820,0.04668301859441017,740-779,>100%,<20%,IN,Refinance,Primary,SFR,Servicer_A,2022-06,360
LOAN_00001025,521472,0.049129836017872845,700-739,90-100%,20-30%,IL,Purchase,Primary,SFR,Servicer_D,2020-03,360
LOAN_00001026,291947,0.05240083081687054,660-699,80-90%,<20%,IN,Refinance,Primary,Condo,Servicer_A,2020-03,180
LOAN_00001027,160718,0.05959084825708902,620-659,<60%,20-30%,TX,Purchase,Primary,SFR,Servicer_E,2020-11,240
LOAN_00001028,221217,0.03717614742392253,780+,60-70%,36-43%,NC,Cash-out Refinance,Primary,SFR,Servicer_B,2021-09,360
LOAN_00001029,119303,0.03989363844839096,740-779,<60%,>50%,NJ,Purchase,Primary,Condo,Servicer_D,2021-01,360
LOAN_00001030,475698,0.05501555447837328,660-699,90-100%,20-30%,PA,Cash-out Refinance,Primary,SFR,Servicer_B,2021-06,180
LOAN_00001031,133032,0.0693849512338536,<620,<60%,<20%,NJ,Refinance,Primary,SFR,Servicer_B,2020-07,180
LOAN_00001032,342290,0.054695231160986985,660-699,80-90%,20-30%,MD,Purchase,Investment,SFR,Servicer_A,2022-03,360
LOAN_00001033,194493,0.04550008352341561,740-779,60-70%,20-30%,NC,Purchase,Primary,SFR,Servicer_E,2020-12,240
LOAN_00001034,145313,0.029221495835948363,780+,<60%,36-43%,NJ,Purchase,Primary,SFR,Servicer_C,2020-03,360
LOAN_00001035,334093,0.06643210702072334,<620,80-90%,<20%,WI,Purchase,Primary,Condo,Servicer_A,2022-03,360
LOAN_00001036,250972,0.046168820207314235,740-779,70-80%,>50%,MD,Cash-out Refinance,Primary,SFR,Servicer_A,2022-09,240
LOAN_00001037,450942,0.04123075701097935,740-779,90-100%,43-50%,CA,Purchase,Investment,Condo,Servicer_B,2020-01,360
LOAN_00001038,157345,0.03441609728249463,780+,<60%,30-36%,MA,Purchase,Primary,SFR,Servicer_C,2021-04,240
LOAN_00001039,203077,0.037730790266296416,780+,60-70%,>50%,MO,Purchase,Second Home,SFR,Servicer_A,2022-06,360
LOAN_00001040,89875,0.04346542935455377,740-779,<60%,36-43%,MD,Purchase,Primary,Manufactured,Servicer_B,2022-02,360
LOAN_00001041,99491,0.052133815165670186,660-699,<60%,>50%,IN,Purchase,Primary,SFR,Servicer_B,2022-07,360
LOAN_00001042,728757,0.040495099542872115,740-779,>100%,20-30%,TX,Cash-out Refinance,Primary,SFR,Servicer_E,2021-03,360
LOAN_00001043,840539,0.057228496450571646,620-659,>100%,>50%,TN,Refinance,Primary,Manufactured,Servicer_C,2021-02,240
LOAN_00001044,310631,0.05204262712098277,700-739,80-90%,20-30%,IN,Cash-out Refinance,Primary,SFR,Servicer_A,2022-02,360
LOAN_00001045,196434,0.08166390747021432,<620,60-70%,30-36%,NJ,Purchase,Primary,SFR,Servicer_B,2020-06,360
LOAN_00001046,255448,0.034546682603288054,780+,70-80%,>50%,CA,Purchase,Primary,SFR,Servicer_E,2020-09,360
LOAN_00001047,458991,0.056937753163748585,620-659,90-100%,30-36%,NY,Purchase,Primary,SFR,Servicer_A,2021-10,360
LOAN_00001048,229304,0.057088059868491484,620-659,70-80%,20-30%,PA,Purchase,Primary,SFR,Servicer_A,2022-01,180
LOAN_00001049,333973,0.04263331115292222,740-779,80-90%,<20%,MO,Purchase,Primary,SFR,Servicer_A,2020-05,360
LOAN_00001050,294673,0.05614302876936953,660-699,80-90%,<20%,FL,Purchase,Primary,Condo,Servicer_A,2021-07,360
LOAN_00001051,223148,0.06423513239688058,<620,60-70%,30-36%,MA,Refinance,Primary,SFR,Servicer_E,2021-02,360
LOAN_00001052,227955,0.05615789779069399,660-699,70-80%,30-36%,NY,Purchase,Investment,SFR,Servicer_E,2021-07,360
LOAN_00001053,343403,0.07161355461783805,<620,80-90%,30-36%,IN,Refinance,Primary,SFR,Servicer_D,2022-11,360
LOAN_00001054,181962,0.028867748582855936,780+,60-70%,43-50%,CA,Refinance,Primary,Condo,Servicer_A,2020-03,360
LOAN_00001055,371708,0.04489319904636735,740-779,80-90%,<20%,IL,Refinance,Primary,2-4 Unit,Servicer_D,2022-12,360
LOAN_00001056,234265,0.07270067256677133,<620,70-80%,43-50%,FL,Purchase,Primary,SFR,Servicer_D,2021-05,360
LOAN_00001057,316058,0.0659443159991662,<620,80-90%,36-43%,VA,Refinance,Second Home,SFR,Servicer_D,2022-04,360
LOAN_00001058,592426,0.06148614053519545,620-659,>100%,43-50%,TN,Purchase,Primary,SFR,Servicer_D,2021-04,360
LOAN_00001059,272639,0.06979858487823351,<620,70-80%,43-50%,NC,Purchase,Second Home,Condo,Servicer_D,2020-12,360
LOAN_00001060,469724,0.03200130545557876,780+,90-100%,>50%,NJ,Purchase,Primary,2-4 Unit,Servicer_C,2022-04,360
LOAN_00001061,121052,0.06454732795267384,<620,<60%,<20%,WA,Purchase,Primary,SFR,Servicer_A,2022-01,360
LOAN_00001062,234408,0.06777244194903308,<620,70-80%,36-43%,MI,Purchase,Primary,SFR,Servicer_E,2020-06,360
LOAN_00001063,300692,0.047095598005891165,700-739,80-90%,>50%,TN,Refinance,Primary,Condo,Servicer_E,2022-02,240
LOAN_00001064,775811,0.08655084541469471,<620,>100%,36-43%,PA,Refinance,Second Home,2-4 Unit,Servicer_C,2022-04,360
LOAN_00001065,111304,0.05735618756874469,620-659,<60%,<20%,NY,Purchase,Primary,SFR,Servicer_C,2021-02,360
LOAN_00001066,282630,0.028686771489897508,780+,70-80%,36-43%,NY,Purchase,Primary,SFR,Servicer_E,2022-10,360
LOAN_00001067,614364,0.059575263975205045,620-659,>100%,43-50%,NY,Purchase,Primary,SFR,Servicer_C,2021-12,360
LOAN_00001068,200283,0.04636167964012721,740-779,60-70%,20-30%,CA,Cash-out Refinance,Primary,SFR,Servicer_B,2021-01,360
LOAN_00001069,266620,0.06897994328715422,<620,70-80%,36-43%,CA,Purchase,Primary,2-4 Unit,Servicer_E,2020-01,360
LOAN_00001070,350063,0.06157532840069557,620-659,80-90%,43-50%,TX,Purchase,Primary,SFR,Servicer_E,2022-01,360
LOAN_00001071,325219,0.04782493513268571,700-739,80-90%,30-36%,NY,Purchase,Investment,Condo,Servicer_B,2020-08,180
LOAN_00001072,648803,0.07302942301915474,<620,>100%,20-30%,WA,Refinance,Primary,SFR,Servicer_B,2022-04,360
LOAN_00001073,371103,0.06627341567175173,<620,80-90%,30-36%,IL,Purchase,Second Home,SFR,Servicer_B,2021-07,360
LOAN_00001074,576013,0.04506496014781478,740-779,>100%,36-43%,VA,Purchase,Primary,SFR,Servicer_A,2021-05,360
LOAN_00001075,247705,0.053175459033269826,660-699,70-80%,30-36%,TX,Purchase,Investment,SFR,Servicer_E,2020-06,360
LOAN_00001076,204789,0.06120300148916896,620-659,60-70%,36-43%,IN,Refinance,Primary,SFR,Servicer_E,2022-02,360
LOAN_00001077,264908,0.050628840846728536,700-739,70-80%,30-36%,GA,Purchase,Primary,SFR,Servicer_C,2020-06,360
LOAN_00001078,166117,0.05098720715383294,700-739,<60%,43-50%,NC,Cash-out Refinance,Primary,Condo,Servicer_D,2021-04,360
LOAN_00001079,377662,0.05544070033917381,660-699,80-90%,43-50%,AZ,Cash-out Refinance,Second Home,Manufactured,Servicer_C,2022-07,180
LOAN_00001080,244522,0.04221041699155133,740-779,70-80%,43-50%,WI,Refinance,Second Home,SFR,Servicer_E,2022-10,360
LOAN_00001081,211949,0.028206815937076385,780+,60-70%,30-36%,TN,Cash-out Refinance,Primary,SFR,Servicer_E,2022-12,360
LOAN_00001082,380533,0.05786961834798445,620-659,90-100%,20-30%,NC,Cash-out Refinance,Primary,Condo,Servicer_D,2022-11,360
LOAN_00001083,167400,0.03113320060845777,780+,<60%,36-43%,OH,Purchase,Primary,SFR,Servicer_E,2021-09,360
LOAN_00001084,435936,0.04308353556226335,740-779,90-100%,<20%,OH,Refinance,Primary,SFR,Servicer_A,2020-08,360
LOAN_00001085,233475,0.03374101169261713,780+,70-80%,30-36%,TX,Refinance,Primary,2-4 Unit,Servicer_E,2022-07,360
LOAN_00001086,529425,0.03521866662686436,780+,90-100%,<20%,OH,Refinance,Primary,SFR,Servicer_C,2022-05,360
LOAN_00001087,243684,0.0601162620894315,620-659,70-80%,30-36%,TN,Refinance,Primary,SFR,Servicer_B,2022-12,360
LOAN_00001088,406750,0.05233230201927912,660-699,90-100%,36-43%,PA,Cash-out Refinance,Primary,SFR,Servicer_E,2021-12,360
LOAN_00001089,324415,0.05189919453438252,700-739,80-90%,30-36%,GA,Cash-out Refinance,Primary,Condo,Servicer_E,2020-06,360
LOAN_00001090,430176,0.039209178596511886,780+,90-100%,30-36%,TX,Purchase,Primary,SFR,Servicer_A,2021-07,360
LOAN_00001091,313317,0.04712981093393727,700-739,80-90%,<20%,PA,Refinance,Primary,SFR,Servicer_D,2021-05,360
LOAN_00001092,129094,0.05951746191052225,620-659,<60%,20-30%,TX,Refinance,Primary,SFR,Servicer_E,2022-07,360
LOAN_00001093,491096,0.05437495281632199,660-699,90-100%,30-36%,MI,Cash-out Refinance,Primary,SFR,Servicer_D,2021-03,180
LOAN_00001094,283837,0.06487208873250383,<620,70-80%,43-50%,PA,Purchase,Primary,SFR,Servicer_C,2020-12,180
LOAN_00001095,440100,0.06658110414551098,<620,90-100%,43-50%,WI,Purchase,Primary,Condo,Servicer_A,2020-03,360
LOAN_00001096,418789,0.05197336170090147,700-739,90-100%,>50%,VA,Purchase,Investment,2-4 Unit,Servicer_C,2022-07,360
LOAN_00001097,201461,0.0327730085689541,780+,60-70%,<20%,GA,Purchase,Primary,Condo,Servicer_C,2022-04,360
LOAN_00001098,187700,0.045920261211205404,740-779,60-70%,20-30%,NJ,Purchase,Second Home,Condo,Servicer_E,2020-02,360
LOAN_00001099,411546,0.0538277286295277,660-699,90-100%,30-36%,WI,Purchase,Primary,SFR,Servicer_B,2021-04,360
LOAN_00001100,254836,0.04568215537595063,740-779,70-80%,36-43%,NY,Purchase,Primary,SFR,Servicer_B,2021-06,360
LOAN_00001101,473645,0.04234450946399496,740-779,90-100%,36-43%,PA,Cash-out Refinance,Primary,SFR,Servicer_E,2021-05,180
LOAN_00001102,271278,0.05583702741068183,660-699,70-80%,43-50%,NJ,Purchase,Investment,SFR,Servicer_E,2022-10,360
LOAN_00001103,494699,0.08416363723279938,<620,90-100%,30-36%,FL,Purchase,Primary,SFR,Servicer_C,2020-06,240
LOAN_00001104,366462,0.049141743255563496,700-739,80-90%,36-43%,NJ,Refinance,Primary,SFR,Servicer_C,2020-12,360
LOAN_00001105,342486,0.0549663297700987,660-699,80-90%,>50%,NY,Purchase,Primary,SFR,Servicer_D,2020-07,180
LOAN_00001106,245977,0.03925556947322814,780+,70-80%,20-30%,MO,Refinance,Primary,Condo,Servicer_A,2020-09,180
LOAN_00001107,333105,0.06992081266049817,<620,80-90%,43-50%,TN,Cash-out Refinance,Primary,SFR,Servicer_B,2022-09,240
LOAN_00001108,538437,0.06549691652021708,<620,90-100%,36-43%,CA,Purchase,Primary,Condo,Servicer_C,2022-10,240
LOAN_00001109,288627,0.06466880967359101,<620,70-80%,<20%,NJ,Purchase,Primary,Manufactured,Servicer_C,2020-02,240
LOAN_00001110,386770,0.07131754973565695,<620,90-100%,>50%,IL,Purchase,Primary,2-4 Unit,Servicer_A,2021-11,360
LOAN_00001111,303513,0.049871903743662314,700-739,80-90%,43-50%,VA,Purchase,Primary,Condo,Servicer_C,2020-09,360
LOAN_00001112,315622,0.05137098616185254,700-739,80-90%,43-50%,NJ,Refinance,Second Home,2-4 Unit,Servicer_D,2020-07,360
LOAN_00001113,702011,0.0755185423826398,<620,>100%,<20%,WI,Purchase,Second Home,SFR,Servicer_E,2020-11,360
LOAN_00001114,540832,0.0625927372353347,620-659,90-100%,<20%,NY,Purchase,Primary,Condo,Servicer_D,2020-07,360
LOAN_00001115,308569,0.028369338143870066,780+,80-90%,36-43%,NJ,Purchase,Primary,SFR,Servicer_D,2021-06,360
LOAN_00001116,330125,0.06045785170764412,620-659,80-90%,<20%,WI,Purchase,Primary,Manufactured,Servicer_C,2022-12,360
LOAN_00001117,208785,0.04801962327076484,700-739,60-70%,<20%,FL,Purchase,Primary,SFR,Servicer_A,2021-10,240
LOAN_00001118,271988,0.0657780618958799,<620,70-80%,30-36%,PA,Refinance,Primary,SFR,Servicer_B,2022-03,360
LOAN_00001119,346174,0.059898285633042087,620-659,80-90%,<20%,MA,Purchase,Primary,Condo,Servicer_C,2021-06,360
LOAN_00001120,453752,0.03411348683172641,780+,90-100%,36-43%,FL,Refinance,Primary,Condo,Servicer_C,2020-01,360
LOAN_00001121,431322,0.05822596204594573,620-659,90-100%,30-36%,IL,Cash-out Refinance,Primary,SFR,Servicer_B,2020-04,360
LOAN_00001122,170309,0.05752753272701929,620-659,<60%,<20%,WI,Refinance,Primary,SFR,Servicer_D,2020-10,360
LOAN_00001123,483347,0.05936154983757744,620-659,90-100%,30-36%,VA,Purchase,Second Home,SFR,Servicer_C,2020-09,360
LOAN_00001124,283683,0.06190634622295971,620-659,70-80%,<20%,TX,Purchase,Investment,SFR,Servicer_B,2022-07,360
LOAN_00001125,181045,0.07295159151786078,<620,60-70%,<20%,MO,Refinance,Primary,2-4 Unit,Servicer_C,2022-07,360
LOAN_00001126,578499,0.05996666787537158,620-659,>100%,30-36%,NJ,Refinance,Primary,SFR,Servicer_D,2022-07,360
LOAN_00001127,616392,0.055274781525693574,660-699,>100%,30-36%,MI,Cash-out Refinance,Primary,2-4 Unit,Servicer_A,2021-11,360
LOAN_00001128,338362,0.0687756106502587,<620,80-90%,20-30%,WI,Purchase,Primary,SFR,Servicer_B,2021-09,360
LOAN_00001129,422691,0.08191288868307721,<620,90-100%,36-43%,OH,Purchase,Second Home,SFR,Servicer_B,2021-12,240
LOAN_00001130,435271,0.06598084905001707,<620,90-100%,30-36%,GA,Purchase,Primary,SFR,Servicer_B,2021-03,180
LOAN_00001131,595934,0.05747447352169708,620-659,>100%,36-43%,VA,Cash-out Refinance,Primary,SFR,Servicer_D,2022-01,360
LOAN_00001132,426784,0.06019036659722703,620-659,90-100%,20-30%,IL,Refinance,Primary,Condo,Servicer_B,2022-05,360
LOAN_00001133,152688,0.0580725251127791,620-659,<60%,36-43%,FL,Cash-out Refinance,Primary,SFR,Servicer_C,2022-04,360
LOAN_00001134,810092,0.055222220983279925,660-699,>100%,36-43%,FL,Refinance,Primary,SFR,Servicer_B,2021-11,360
LOAN_00001135,505260,0.08098204997807656,<620,90-100%,20-30%,OH,Cash-out Refinance,Primary,SFR,Servicer_A,2020-03,180
LOAN_00001136,229862,0.04601135950820281,740-779,70-80%,36-43%,TX,Refinance,Primary,Manufactured,Servicer_E,2022-03,360
LOAN_00001137,177227,0.0688588699389124,<620,60-70%,43-50%,NJ,Cash-out Refinance,Primary,SFR,Servicer_C,2021-02,240
LOAN_00001138,381706,0.053489716687593114,660-699,90-100%,<20%,WI,Cash-out Refinance,Primary,SFR,Servicer_B,2022-03,360
LOAN_00001139,258040,0.037234969958335314,780+,70-80%,36-43%,PA,Cash-out Refinance,Primary,SFR,Servicer_C,2021-08,360
LOAN_00001140,349758,0.052740187076961924,660-699,80-90%,43-50%,CA,Cash-out Refinance,Primary,Condo,Servicer_E,2022-08,360
LOAN_00001141,430070,0.04843868999495302,700-739,90-100%,<20%,CA,Refinance,Primary,SFR,Servicer_A,2021-01,180
LOAN_00001142,223413,0.061930927821011915,620-659,60-70%,>50%,NY,Refinance,Primary,SFR,Servicer_E,2022-10,360
LOAN_00001143,169726,0.05609560267190285,660-699,<60%,30-36%,VA,Refinance,Primary,SFR,Servicer_A,2022-07,240
LOAN_00001144,359658,0.04273567763622438,740-779,80-90%,36-43%,MI,Refinance,Primary,SFR,Servicer_E,2020-12,180
LOAN_00001145,227136,0.07265209496187658,<620,70-80%,43-50%,NC,Refinance,Primary,SFR,Servicer_B,2021-06,360
LOAN_00001146,319032,0.06808160805370869,<620,80-90%,>50%,TN,Refinance,Primary,SFR,Servicer_B,2021-08,360
LOAN_00001147,151499,0.07403266638515682,<620,<60%,36-43%,GA,Purchase,Primary,SFR,Servicer_D,2022-04,360
LOAN_00001148,261426,0.057843575968817396,620-659,70-80%,36-43%,WA,Refinance,Second Home,SFR,Servicer_A,2022-01,240
LOAN_00001149,423994,0.05457120318063172,660-699,90-100%,20-30%,WI,Cash-out Refinance,Primary,Condo,Servicer_A,2022-07,360
LOAN_00001150,401501,0.06344272579142346,<620,90-100%,20-30%,NY,Refinance,Primary,SFR,Servicer_C,2021-02,360
LOAN_00001151,199949,0.04807029974894918,700-739,60-70%,43-50%,FL,Purchase,Primary,SFR,Servicer_E,2021-07,240
LOAN_00001152,165357,0.056560714656638034,660-699,<60%,30-36%,IL,Cash-out Refinance,Second Home,SFR,Servicer_B,2021-04,360
LOAN_00001153,298905,0.05289186520814362,660-699,80-90%,43-50%,NY,Refinance,Primary,SFR,Servicer_C,2022-09,240
LOAN_00001154,392588,0.03746758819372095,780+,90-100%,<20%,IN,Purchase,Primary,Condo,Servicer_B,2020-11,360
LOAN_00001155,363155,0.05652946605806887,660-699,80-90%,20-30%,MO,Refinance,Primary,SFR,Servicer_D,2021-10,180
LOAN_00001156,229560,0.04970839729908037,700-739,70-80%,20-30%,VA,Refinance,Primary,2-4 Unit,Servicer_E,2020-05,240
LOAN_00001157,344177,0.05208937403178035,700-739,80-90%,30-36%,FL,Refinance,Primary,SFR,Servicer_E,2022-07,360
LOAN_00001158,628554,0.05936541934779946,620-659,>100%,<20%,MO,Purchase,Primary,SFR,Servicer_B,2021-02,360
LOAN_00001159,328592,0.07027039760783951,<620,80-90%,20-30%,MD,Purchase,Primary,2-4 Unit,Servicer_B,2021-01,180
LOAN_00001160,131062,0.04481475891342426,740-779,<60%,>50%,NC,Cash-out Refinance,Primary,SFR,Servicer_E,2021-09,240
LOAN_00001161,328272,0.050961301418447714,700-739,80-90%,43-50%,AZ,Cash-out Refinance,Primary,SFR,Servicer_C,2021-06,360
LOAN_00001162,824043,0.04581900764368227,740-779,>100%,43-50%,WA,Purchase,Primary,SFR,Servicer_B,2022-07,360
LOAN_00001163,155796,0.0450378329464121,740-779,<60%,<20%,NJ,Cash-out Refinance,Primary,SFR,Servicer_B,2021-08,360
LOAN_00001164,300999,0.04786517267620273,700-739,80-90%,30-36%,GA,Purchase,Investment,Condo,Servicer_A,2021-07,240
LOAN_00001165,264827,0.052642596606217666,660-699,70-80%,36-43%,PA,Purchase,Primary,SFR,Servicer_A,2020-04,360
LOAN_00001166,311122,0.06203045988253005,620-659,80-90%,<20%,PA,Refinance,Primary,2-4 Unit,Servicer_B,2020-01,240
LOAN_00001167,326807,0.05884534917741806,620-659,80-90%,30-36%,GA,Purchase,Primary,Manufactured,Servicer_D,2021-03,180
LOAN_00001168,524387,0.042317716011001004,740-779,90-100%,>50%,TN,Purchase,Primary,SFR,Servicer_D,2022-12,360
LOAN_00001169,309400,0.07052992388700584,<620,80-90%,<20%,IN,Cash-out Refinance,Second Home,2-4 Unit,Servicer_A,2022-10,360
LOAN_00001170,561647,0.06633294767772445,<620,>100%,>50%,FL,Refinance,Primary,SFR,Servicer_A,2021-11,360
LOAN_00001171,279615,0.044185772192683555,740-779,70-80%,20-30%,TX,Purchase,Primary,Manufactured,Servicer_E,2021-11,360
LOAN_00001172,248931,0.06968933070303472,<620,70-80%,20-30%,MI,Purchase,Primary,SFR,Servicer_D,2021-03,360
LOAN_00001173,212226,0.05892326095115531,620-659,60-70%,20-30%,TN,Refinance,Primary,SFR,Servicer_D,2020-07,360
LOAN_00001174,119545,0.05312253636489704,660-699,<60%,>50%,VA,Refinance,Investment,SFR,Servicer_E,2020-01,360
LOAN_00001175,340404,0.05929696053375175,620-659,80-90%,36-43%,IN,Purchase,Primary,SFR,Servicer_D,2021-01,360
LOAN_00001176,828191,0.05469075045249374,660-699,>100%,43-50%,MA,Purchase,Second Home,Condo,Servicer_B,2020-12,360
LOAN_00001177,372919,0.061540943853776876,620-659,80-90%,30-36%,MA,Refinance,Primary,SFR,Servicer_C,2020-07,360
LOAN_00001178,418057,0.05724778627757401,620-659,90-100%,43-50%,NJ,Refinance,Primary,SFR,Servicer_D,2020-10,360
LOAN_00001179,241224,0.050950887372733566,700-739,70-80%,36-43%,TX,Cash-out Refinance,Primary,2-4 Unit,Servicer_E,2020-01,180
LOAN_00001180,262454,0.030690078890063397,780+,70-80%,36-43%,NY,Purchase,Investment,SFR,Servicer_C,2021-10,360
LOAN_00001181,485202,0.061326190487583115,620-659,90-100%,43-50%,MA,Cash-out Refinance,Primary,SFR,Servicer_A,2022-10,240
LOAN_00001182,809641,0.050516136659359195,700-739,>100%,43-50%,OH,Cash-out Refinance,Primary,Manufactured,Servicer_D,2022-01,360
LOAN_00001183,624042,0.06433535931574295,<620,>100%,36-43%,MA,Purchase,Primary,SFR,Servicer_D,2021-05,360
LOAN_00001184,443575,0.06078010074730864,620-659,90-100%,<20%,OH,Purchase,Primary,SFR,Servicer_E,2021-04,240
LOAN_00001185,301816,0.05082802946612789,700-739,80-90%,43-50%,CA,Refinance,Primary,SFR,Servicer_A,2020-12,180
LOAN_00001186,329344,0.06727585829292802,<620,80-90%,20-30%,AZ,Cash-out Refinance,Primary,SFR,Servicer_E,2020-06,360
LOAN_00001187,203464,0.057458099942038855,620-659,60-70%,>50%,MO,Purchase,Investment,SFR,Servicer_A,2021-10,360
LOAN_00001188,143762,0.056963714168537044,620-659,<60%,30-36%,NC,Purchase,Primary,SFR,Servicer_D,2021-09,360
LOAN_00001189,168822,0.053342671758842296,660-699,<60%,<20%,FL,Refinance,Investment,SFR,Servicer_B,2020-01,360
LOAN_00001190,304035,0.07520266854687757,<620,80-90%,20-30%,NC,Cash-out Refinance,Primary,SFR,Servicer_A,2021-03,180
LOAN_00001191,256274,0.0464407992508521,740-779,70-80%,36-43%,WI,Purchase,Primary,Condo,Servicer_B,2020-11,360
LOAN_00001192,142241,0.05112790555049134,700-739,<60%,30-36%,OH,Purchase,Primary,SFR,Servicer_C,2020-07,180
LOAN_00001193,291075,0.040151978259040044,740-779,80-90%,43-50%,TX,Purchase,Primary,SFR,Servicer_A,2022-02,360
LOAN_00001194,252908,0.06372077292789408,<620,70-80%,36-43%,TN,Cash-out Refinance,Primary,SFR,Servicer_C,2021-07,360
LOAN_00001195,164979,0.04801421192370792,700-739,<60%,20-30%,IL,Refinance,Primary,Condo,Servicer_D,2021-11,360
LOAN_00001196,246449,0.04935957301928414,700-739,70-80%,30-36%,CA,Purchase,Primary,SFR,Servicer_E,2022-02,360
LOAN_00001197,252590,0.04879676041411383,700-739,70-80%,43-50%,AZ,Cash-out Refinance,Primary,Condo,Servicer_C,2022-12,180
LOAN_00001198,217876,0.055752662992748656,660-699,60-70%,43-50%,OH,Refinance,Primary,SFR,Servicer_D,2022-05,180
LOAN_00001199,471340,0.03999088498409025,740-779,90-100%,30-36%,FL,Cash-out Refinance,Primary,SFR,Servicer_E,2021-11,360
LOAN_00001200,114525,0.028081056806772867,780+,<60%,>50%,TX,Purchase,Primary,SFR,Servicer_A,2022-08,360
LOAN_00001201,109875,0.060492448448713265,620-659,<60%,<20%,NY,Purchase,Investment,SFR,Servicer_D,2021-06,240
LOAN_00001202,297046,0.029637307525555476,780+,80-90%,36-43%,FL,Purchase,Primary,SFR,Servicer_E,2022-12,360
LOAN_00001203,311160,0.06524965340772855,<620,80-90%,43-50%,CA,Purchase,Investment,SFR,Servicer_E,2022-04,360
LOAN_00001204,362981,0.07370233299442178,<620,80-90%,30-36%,GA,Cash-out Refinance,Investment,SFR,Servicer_E,2021-12,180
LOAN_00001205,226502,0.0530293143527796,660-699,70-80%,<20%,IN,Refinance,Second Home,Condo,Servicer_E,2022-09,240
LOAN_00001206,187407,0.07059391536064588,<620,60-70%,36-43%,GA,Purchase,Primary,SFR,Servicer_C,2021-07,360
LOAN_00001207,295475,0.05470892296548137,660-699,80-90%,20-30%,CA,Refinance,Primary,2-4 Unit,Servicer_E,2022-02,360
LOAN_00001208,237806,0.07419089390893445,<620,70-80%,20-30%,MO,Refinance,Primary,2-4 Unit,Servicer_B,2020-11,360
LOAN_00001209,644052,0.04952538577464147,700-739,>100%,20-30%,WA,Refinance,Primary,SFR,Servicer_A,2022-11,360
LOAN_00001210,252176,0.02662141828682654,780+,70-80%,43-50%,WI,Purchase,Primary,SFR,Servicer_A,2021-11,360
LOAN_00001211,288776,0.05404105907072198,660-699,70-80%,20-30%,VA,Cash-out Refinance,Primary,SFR,Servicer_A,2022-05,360
LOAN_00001212,1022446,0.07549555832092886,<620,>100%,30-36%,MI,Refinance,Primary,SFR,Servicer_D,2021-05,360
LOAN_00001213,269041,0.061419619671285015,620-659,70-80%,>50%,NJ,Cash-out Refinance,Second Home,SFR,Servicer_C,2022-08,360
LOAN_00001214,391632,0.04881612125754587,700-739,90-100%,43-50%,CA,Refinance,Primary,SFR,Servicer_E,2020-03,360
LOAN_00001215,409689,0.05894681403141678,620-659,90-100%,30-36%,GA,Refinance,Investment,SFR,Servicer_B,2020-05,360
LOAN_00001216,427496,0.06665349806143063,<620,90-100%,30-36%,NC,Purchase,Primary,SFR,Servicer_D,2021-07,360
LOAN_00001217,342745,0.05397260273302635,660-699,80-90%,20-30%,PA,Refinance,Second Home,2-4 Unit,Servicer_E,2022-03,360
LOAN_00001218,326740,0.08651668102410856,<620,80-90%,30-36%,IN,Purchase,Primary,SFR,Servicer_B,2022-06,360
LOAN_00001219,311815,0.048790984521766154,700-739,80-90%,<20%,WI,Cash-out Refinance,Investment,SFR,Servicer_C,2021-04,360
LOAN_00001220,222348,0.06703012866453698,<620,60-70%,<20%,MI,Purchase,Primary,SFR,Servicer_C,2021-12,360
LOAN_00001221,348976,0.0641432468377816,<620,80-90%,<20%,TN,Purchase,Second Home,2-4 Unit,Servicer_E,2021-08,360
LOAN_00001222,817758,0.04660207090362331,740-779,>100%,36-43%,IL,Refinance,Primary,2-4 Unit,Servicer_B,2022-11,360
LOAN_00001223,543258,0.049906716791827926,700-739,90-100%,20-30%,MD,Refinance,Primary,SFR,Servicer_B,2021-12,360
LOAN_00001224,345227,0.06721718376975237,<620,80-90%,<20%,MA,Refinance,Primary,Condo,Servicer_D,2021-04,360
LOAN_00001225,454937,0.05673745465125089,620-659,90-100%,43-50%,MA,Refinance,Primary,SFR,Servicer_E,2022-11,360
LOAN_00001226,192030,0.05905686072072727,620-659,60-70%,<20%,VA,Refinance,Second Home,SFR,Servicer_A,2020-04,360
LOAN_00001227,260340,0.035368391755547714,780+,70-80%,36-43%,IN,Cash-out Refinance,Primary,SFR,Servicer_A,2022-12,240
LOAN_00001228,476357,0.06287198386194522,620-659,90-100%,30-36%,NJ,Purchase,Primary,Condo,Servicer_E,2020-06,360
LOAN_00001229,623799,0.05844756212899081,620-659,>100%,36-43%,WI,Refinance,Primary,SFR,Servicer_C,2020-11,360
LOAN_00001230,201706,0.054233079728306155,660-699,60-70%,<20%,AZ,Cash-out Refinance,Investment,SFR,Servicer_C,2022-06,360
LOAN_00001231,232863,0.05933070235670891,620-659,70-80%,<20%,MI,Purchase,Primary,SFR,Servicer_E,2022-03,360
LOAN_00001232,882653,0.050089387514509004,700-739,>100%,43-50%,IL,Purchase,Investment,2-4 Unit,Servicer_B,2022-11,360
LOAN_00001233,311181,0.04789716995339831,700-739,80-90%,30-36%,MD,Purchase,Primary,Manufactured,Servicer_C,2022-03,360
LOAN_00001234,737986,0.052097373620330685,700-739,>100%,<20%,TX,Refinance,Primary,SFR,Servicer_E,2021-11,240
LOAN_00001235,328873,0.04942956186018043,700-739,80-90%,20-30%,CA,Refinance,Primary,SFR,Servicer_D,2021-01,360
LOAN_00001236,335403,0.0811663547325184,<620,80-90%,30-36%,CA,Purchase,Primary,SFR,Servicer_D,2020-01,360
LOAN_00001237,254550,0.06594244874612308,<620,70-80%,<20%,FL,Purchase,Investment,Manufactured,Servicer_B,2020-05,360
LOAN_00001238,475098,0.04337837291233959,740-779,90-100%,30-36%,IL,Purchase,Primary,SFR,Servicer_D,2020-11,360
LOAN_00001239,584720,0.07943555202713011,<620,>100%,30-36%,MI,Purchase,Second Home,SFR,Servicer_E,2020-02,360
LOAN_00001240,176751,0.049805720662764244,700-739,60-70%,36-43%,PA,Purchase,Investment,SFR,Servicer_E,2021-07,240
LOAN_00001241,248643,0.055353464409571417,660-699,70-80%,43-50%,MI,Refinance,Primary,SFR,Servicer_D,2022-04,240
LOAN_00001242,468616,0.06576900633917585,<620,90-100%,30-36%,NC,Cash-out Refinance,Primary,SFR,Servicer_E,2022-11,360
LOAN_00001243,277958,0.03136013747322862,780+,70-80%,43-50%,NC,Refinance,Primary,SFR,Servicer_E,2021-06,360
LOAN_00001244,231725,0.052155689836708374,660-699,70-80%,30-36%,TX,Cash-out Refinance,Primary,Condo,Servicer_D,2022-08,180
LOAN_00001245,491280,0.04811999378839399,700-739,90-100%,30-36%,NJ,Cash-out Refinance,Primary,2-4 Unit,Servicer_C,2022-12,360
LOAN_00001246,514899,0.05746096095452962,620-659,90-100%,36-43%,PA,Refinance,Primary,SFR,Servicer_C,2022-07,360
LOAN_00001247,236849,0.05944059619918531,620-659,70-80%,36-43%,NJ,Refinance,Primary,SFR,Servicer_D,2021-05,360
LOAN_00001248,329780,0.05407288761601178,660-699,80-90%,<20%,TX,Cash-out Refinance,Primary,SFR,Servicer_E,2020-12,360
LOAN_00001249,162066,0.05351623242185215,660-699,<60%,>50%,MO,Refinance,Second Home,SFR,Servicer_C,2022-12,240
LOAN_00001250,189521,0.06778157647162535,<620,60-70%,>50%,MA,Purchase,Primary,SFR,Servicer_D,2020-09,180
LOAN_00001251,315553,0.058617831164008455,620-659,80-90%,20-30%,OH,Purchase,Primary,SFR,Servicer_C,2021-03,360
LOAN_00001252,301252,0.05549710012062332,660-699,80-90%,36-43%,GA,Refinance,Primary,SFR,Servicer_D,2020-03,360
LOAN_00001253,182875,0.05677444709752167,620-659,60-70%,43-50%,OH,Cash-out Refinance,Second Home,Manufactured,Servicer_D,2022-05,360
LOAN_00001254,207318,0.07703066797036262,<620,60-70%,>50%,WI,Refinance,Primary,SFR,Servicer_A,2021-12,360
LOAN_00001255,174116,0.05707208772380927,620-659,60-70%,36-43%,MA,Purchase,Primary,SFR,Servicer_A,2020-04,360
LOAN_00001256,372327,0.048826617940411536,700-739,80-90%,<20%,MI,Refinance,Second Home,SFR,Servicer_A,2020-08,360
LOAN_00001257,110877,0.03209201093666729,780+,<60%,36-43%,WA,Cash-out Refinance,Primary,Condo,Servicer_D,2021-08,360
LOAN_00001258,178833,0.037792751511580555,780+,60-70%,<20%,TX,Refinance,Primary,SFR,Servicer_E,2021-08,360
LOAN_00001259,116836,0.04939568925904287,700-739,<60%,36-43%,IN,Purchase,Primary,SFR,Servicer_B,2022-05,240
LOAN_00001260,365678,0.05369947787255023,660-699,80-90%,36-43%,VA,Purchase,Primary,SFR,Servicer_A,2020-10,360
LOAN_00001261,120407,0.04833254248467714,700-739,<60%,36-43%,OH,Purchase,Primary,SFR,Servicer_A,2022-10,360
LOAN_00001262,301300,0.05921372772454971,620-659,80-90%,20-30%,AZ,Cash-out Refinance,Primary,SFR,Servicer_C,2021-05,180
LOAN_00001263,673175,0.0481779034659003,700-739,>100%,30-36%,CA,Purchase,Primary,SFR,Servicer_D,2022-06,240
LOAN_00001264,684686,0.04402612875837484,740-779,>100%,36-43%,MI,Cash-out Refinance,Primary,SFR,Servicer_B,2020-09,180
LOAN_00001265,120216,0.062351726024288956,620-659,<60%,20-30%,MD,Purchase,Primary,SFR,Servicer_D,2020-02,360
LOAN_00001266,344278,0.07143273396253616,<620,80-90%,20-30%,TN,Cash-out Refinance,Primary,SFR,Servicer_A,2020-02,360
LOAN_00001267,180866,0.04171398882704143,740-779,60-70%,20-30%,CA,Purchase,Primary,SFR,Servicer_D,2021-02,360
LOAN_00001268,163314,0.05792459036449374,620-659,<60%,43-50%,VA,Refinance,Primary,Manufactured,Servicer_B,2022-11,360
LOAN_00001269,280201,0.032139944102154185,780+,70-80%,30-36%,AZ,Refinance,Primary,SFR,Servicer_E,2020-02,360
LOAN_00001270,548063,0.03730554243127408,780+,90-100%,36-43%,NJ,Refinance,Investment,Condo,Servicer_D,2021-02,360
LOAN_00001271,400243,0.04793481006427393,700-739,90-100%,30-36%,OH,Refinance,Primary,SFR,Servicer_C,2020-04,360
LOAN_00001272,207405,0.06861892518852632,<620,60-70%,43-50%,AZ,Purchase,Second Home,Condo,Servicer_E,2022-10,360
LOAN_00001273,421897,0.045655527643534304,740-779,90-100%,30-36%,NC,Purchase,Primary,SFR,Servicer_E,2022-01,360
LOAN_00001274,96581,0.04520679430281341,740-779,<60%,<20%,MD,Purchase,Primary,Manufactured,Servicer_A,2022-04,360
LOAN_00001275,203521,0.0554330473827334,660-699,60-70%,20-30%,IN,Refinance,Primary,SFR,Servicer_C,2022-02,360
LOAN_00001276,196428,0.05544500333379821,660-699,60-70%,<20%,MD,Refinance,Primary,SFR,Servicer_D,2021-12,360
LOAN_00001277,308402,0.045578422326943965,740-779,80-90%,43-50%,NC,Purchase,Investment,SFR,Servicer_B,2022-04,180
LOAN_00001278,267958,0.07883465880715887,<620,70-80%,36-43%,AZ,Refinance,Primary,SFR,Servicer_E,2020-01,360
LOAN_00001279,276306,0.051815639522615524,700-739,70-80%,43-50%,FL,Purchase,Primary,SFR,Servicer_D,2022-08,360
LOAN_00001280,271750,0.056363019789016956,660-699,70-80%,36-43%,TN,Purchase,Primary,SFR,Servicer_D,2022-03,180
LOAN_00001281,299899,0.0501786455474747,700-739,80-90%,43-50%,TN,Purchase,Primary,SFR,Servicer_A,2022-03,360
LOAN_00001282,388506,0.06027965874581415,620-659,90-100%,>50%,TN,Refinance,Primary,SFR,Servicer_E,2021-03,360
LOAN_00001283,319548,0.0698194907164494,<620,80-90%,36-43%,CA,Purchase,Primary,SFR,Servicer_E,2022-05,240
LOAN_00001284,257255,0.07496396436345487,<620,70-80%,20-30%,MI,Cash-out Refinance,Investment,Condo,Servicer_E,2021-02,360
LOAN_00001285,362534,0.045852811896833434,740-779,80-90%,<20%,PA,Refinance,Primary,SFR,Servicer_C,2020-02,360
LOAN_00001286,448229,0.06820954211561454,<620,90-100%,36-43%,MD,Refinance,Primary,SFR,Servicer_E,2022-09,360
LOAN_00001287,224579,0.06159616983461222,620-659,60-70%,43-50%,NJ,Purchase,Primary,SFR,Servicer_A,2020-09,180
LOAN_00001288,287879,0.06669443931352093,<620,70-80%,36-43%,WA,Refinance,Primary,SFR,Servicer_B,2020-04,360
LOAN_00001289,530170,0.053897448727686426,660-699,90-100%,20-30%,NC,Cash-out Refinance,Primary,Condo,Servicer_D,2021-11,360
LOAN_00001290,170863,0.05275551072061383,660-699,<60%,36-43%,FL,Refinance,Primary,Manufactured,Servicer_D,2020-09,240
LOAN_00001291,731133,0.06622857574856793,<620,>100%,30-36%,WA,Purchase,Investment,SFR,Servicer_A,2022-07,360
LOAN_00001292,151815,0.06645631007267544,<620,<60%,20-30%,WA,Purchase,Primary,SFR,Servicer_B,2021-04,180
LOAN_00001293,249525,0.07378864676634264,<620,70-80%,43-50%,GA,Purchase,Primary,SFR,Servicer_A,2020-01,240
LOAN_00001294,184407,0.05738257066540587,620-659,60-70%,36-43%,WA,Purchase,Primary,SFR,Servicer_A,2022-11,360
LOAN_00001295,885549,0.05371702446838292,660-699,>100%,20-30%,GA,Refinance,Primary,SFR,Servicer_A,2021-07,360
LOAN_00001296,230573,0.025481757040069553,780+,70-80%,20-30%,AZ,Purchase,Primary,Condo,Servicer_E,2020-10,360
LOAN_00001297,230862,0.03566487354405599,780+,70-80%,36-43%,OH,Cash-out Refinance,Primary,SFR,Servicer_E,2022-01,360
LOAN_00001298,246378,0.050268980737799285,700-739,70-80%,30-36%,TN,Purchase,Second Home,SFR,Servicer_D,2021-08,360
LOAN_00001299,311078,0.04178729282504542,740-779,80-90%,20-30%,MO,Refinance,Primary,Manufactured,Servicer_A,2020-02,360
LOAN_00001300,251646,0.06476956678519896,<620,70-80%,36-43%,MI,Cash-out Refinance,Investment,SFR,Servicer_D,2022-04,180
LOAN_00001301,277494,0.039279748461052554,780+,70-80%,36-43%,CA,Purchase,Investment,SFR,Servicer_C,2021-03,240
LOAN_00001302,50786,0.04898434805979655,700-739,<60%,<20%,AZ,Purchase,Primary,SFR,Servicer_D,2022-02,360
LOAN_00001303,305156,0.04945568208233814,700-739,80-90%,30-36%,MD,Refinance,Second Home,SFR,Servicer_C,2022-09,240
LOAN_00001304,299210,0.06945691700079334,<620,80-90%,36-43%,MA,Purchase,Primary,SFR,Servicer_A,2021-10,180
LOAN_00001305,498462,0.04770113501176427,700-739,90-100%,20-30%,GA,Refinance,Primary,SFR,Servicer_E,2022-01,240
LOAN_00001306,570649,0.060428945416575855,620-659,>100%,20-30%,VA,Cash-out Refinance,Primary,SFR,Servicer_E,2020-10,360
LOAN_00001307,269991,0.0573484735302726,620-659,70-80%,20-30%,GA,Refinance,Primary,2-4 Unit,Servicer_E,2020-09,360
LOAN_00001308,446017,0.06583946182536736,<620,90-100%,30-36%,TN,Cash-out Refinance,Primary,SFR,Servicer_D,2021-03,360
LOAN_00001309,170965,0.06520258062539777,<620,<60%,43-50%,MA,Purchase,Second Home,SFR,Servicer_E,2022-07,360
LOAN_00001310,435247,0.05459871864556547,660-699,90-100%,30-36%,WA,Purchase,Primary,SFR,Servicer_A,2021-07,360
LOAN_00001311,222740,0.034644465848713835,780+,60-70%,>50%,GA,Purchase,Primary,SFR,Servicer_C,2021-01,180
LOAN_00001312,164004,0.05221910936025245,660-699,<60%,30-36%,NY,Refinance,Primary,SFR,Servicer_B,2022-05,360
LOAN_00001313,270277,0.05476053226561417,660-699,70-80%,36-43%,WA,Purchase,Investment,SFR,Servicer_C,2022-07,180
LOAN_00001314,597336,0.058432110797833337,620-659,>100%,30-36%,OH,Purchase,Primary,SFR,Servicer_A,2022-09,360
LOAN_00001315,324649,0.04614933825735028,740-779,80-90%,43-50%,MD,Cash-out Refinance,Primary,SFR,Servicer_E,2020-11,360
LOAN_00001316,626713,0.06869081342090336,<620,>100%,43-50%,TX,Purchase,Primary,SFR,Servicer_B,2022-02,360
LOAN_00001317,203950,0.05516343301977991,660-699,60-70%,30-36%,IN,Purchase,Investment,SFR,Servicer_A,2021-10,360
LOAN_00001318,500781,0.04395403182625449,740-779,90-100%,30-36%,TN,Purchase,Primary,Condo,Servicer_A,2021-05,360
LOAN_00001319,214040,0.04950126593509984,700-739,60-70%,>50%,NJ,Purchase,Primary,SFR,Servicer_A,2021-03,360
LOAN_00001320,331925,0.07814251184760196,<620,80-90%,>50%,WI,Purchase,Primary,Condo,Servicer_D,2020-05,360
LOAN_00001321,330493,0.06297253471535798,620-659,80-90%,>50%,MA,Purchase,Primary,SFR,Servicer_E,2020-10,360
LOAN_00001322,412811,0.06758147866677285,<620,90-100%,20-30%,CA,Purchase,Primary,SFR,Servicer_A,2021-08,360
LOAN_00001323,336169,0.04250095636343903,740-779,80-90%,<20%,GA,Cash-out Refinance,Second Home,SFR,Servicer_A,2022-08,180
LOAN_00001324,204926,0.046734043693794386,740-779,60-70%,30-36%,IN,Purchase,Primary,SFR,Servicer_E,2022-08,360
LOAN_00001325,460539,0.04682293232942506,740-779,90-100%,36-43%,TN,Refinance,Primary,SFR,Servicer_B,2020-07,360
LOAN_00001326,704912,0.05721272485106346,620-659,>100%,<20%,NY,Refinance,Investment,SFR,Servicer_A,2022-01,360
LOAN_00001327,221482,0.05291197802697329,660-699,60-70%,30-36%,NY,Refinance,Primary,SFR,Servicer_A,2020-04,360
LOAN_00001328,118466,0.04912606706491575,700-739,<60%,36-43%,MD,Cash-out Refinance,Primary,SFR,Servicer_D,2022-01,360
LOAN_00001329,380659,0.05063116488995855,700-739,90-100%,20-30%,CA,Purchase,Primary,SFR,Servicer_A,2021-01,360
LOAN_00001330,251301,0.045471577759899164,740-779,70-80%,36-43%,MD,Purchase,Primary,SFR,Servicer_C,2021-05,360
LOAN_00001331,277742,0.05284192855718308,660-699,70-80%,20-30%,NJ,Purchase,Primary,SFR,Servicer_E,2022-02,360
LOAN_00001332,391636,0.06835858700600497,<620,90-100%,43-50%,IN,Purchase,Primary,SFR,Servicer_C,2021-04,360
LOAN_00001333,236051,0.03684232778140295,780+,70-80%,20-30%,IL,Cash-out Refinance,Primary,SFR,Servicer_A,2022-06,360
LOAN_00001334,259256,0.059157753203622765,620-659,70-80%,36-43%,OH,Refinance,Investment,SFR,Servicer_D,2021-08,360
LOAN_00001335,282078,0.07156111233855549,<620,70-80%,30-36%,MA,Purchase,Primary,SFR,Servicer_C,2022-12,360
LOAN_00001336,618391,0.05280175481721319,660-699,>100%,20-30%,NY,Purchase,Primary,SFR,Servicer_B,2021-11,360
LOAN_00001337,301050,0.04865348765024925,700-739,80-90%,30-36%,FL,Cash-out Refinance,Primary,SFR,Servicer_B,2020-11,180
LOAN_00001338,159877,0.06609077783140707,<620,<60%,43-50%,WA,Refinance,Second Home,Condo,Servicer_D,2022-04,360
LOAN_00001339,163090,0.04318933747757388,740-779,<60%,30-36%,CA,Purchase,Primary,SFR,Servicer_C,2021-03,360
LOAN_00001340,317939,0.05472770164073523,660-699,80-90%,<20%,MD,Cash-out Refinance,Primary,SFR,Servicer_C,2021-08,360
LOAN_00001341,168600,0.04252187079537127,740-779,<60%,36-43%,AZ,Refinance,Second Home,SFR,Servicer_D,2020-05,360
LOAN_00001342,135787,0.03255878835970864,780+,<60%,20-30%,MA,Purchase,Primary,Condo,Servicer_B,2020-05,360
LOAN_00001343,407488,0.05317618882246246,660-699,90-100%,30-36%,NJ,Purchase,Second Home,Condo,Servicer_D,2021-09,360
LOAN_00001344,417587,0.0398392592407962,740-779,90-100%,30-36%,WA,Refinance,Primary,SFR,Servicer_A,2020-07,360
LOAN_00001345,246700,0.05485995384004998,660-699,70-80%,30-36%,WI,Purchase,Second Home,Manufactured,Servicer_C,2022-12,360
LOAN_00001346,343461,0.06838035549256848,<620,80-90%,<20%,CA,Cash-out Refinance,Primary,SFR,Servicer_C,2022-07,360
LOAN_00001347,325807,0.07725106488015548,<620,80-90%,20-30%,IL,Refinance,Investment,Manufactured,Servicer_C,2022-02,360
LOAN_00001348,400796,0.0561223514073185,660-699,90-100%,<20%,AZ,Refinance,Primary,SFR,Servicer_B,2022-03,240
LOAN_00001349,401264,0.06723058998370719,<620,90-100%,30-36%,FL,Refinance,Primary,SFR,Servicer_A,2021-10,360
LOAN_00001350,80588,0.0597875518012796,620-659,<60%,36-43%,IL,Cash-out Refinance,Primary,SFR,Servicer_E,2020-03,360
LOAN_00001351,262958,0.050402636633499295,700-739,70-80%,36-43%,CA,Purchase,Primary,SFR,Servicer_C,2021-03,360
LOAN_00001352,384212,0.031902683752829265,780+,90-100%,<20%,TX,Purchase,Primary,Condo,Servicer_D,2021-06,360
LOAN_00001353,241535,0.07451790792498543,<620,70-80%,<20%,NC,Refinance,Primary,SFR,Servicer_E,2022-09,360
LOAN_00001354,301975,0.042410773728626526,740-779,80-90%,36-43%,AZ,Purchase,Primary,SFR,Servicer_C,2020-08,360
LOAN_00001355,431641,0.07159325093701323,<620,90-100%,30-36%,FL,Refinance,Primary,SFR,Servicer_E,2021-06,240
LOAN_00001356,308804,0.06144169155114701,620-659,80-90%,43-50%,WI,Refinance,Primary,Manufactured,Servicer_C,2021-01,360
LOAN_00001357,630305,0.04328784657703169,740-779,>100%,20-30%,TN,Purchase,Primary,Manufactured,Servicer_A,2020-05,360
LOAN_00001358,520993,0.058743980341827436,620-659,90-100%,<20%,AZ,Purchase,Primary,SFR,Servicer_E,2020-04,360
LOAN_00001359,279488,0.08059493273542395,<620,70-80%,30-36%,TX,Refinance,Primary,SFR,Servicer_E,2021-02,180
LOAN_00001360,268599,0.07342783097036526,<620,70-80%,36-43%,NJ,Purchase,Primary,SFR,Servicer_C,2020-03,360
LOAN_00001361,71313,0.048847443326386616,700-739,<60%,30-36%,MD,Purchase,Primary,SFR,Servicer_E,2020-03,180
LOAN_00001362,251890,0.046456230901783815,740-779,70-80%,<20%,IL,Purchase,Primary,Manufactured,Servicer_D,2021-01,360
LOAN_00001363,150748,0.05620249644779286,660-699,<60%,<20%,NJ,Purchase,Primary,Condo,Servicer_E,2020-08,360
LOAN_00001364,331245,0.05301383525236196,660-699,80-90%,36-43%,VA,Refinance,Primary,SFR,Servicer_A,2021-08,360
LOAN_00001365,320114,0.06939684862771275,<620,80-90%,20-30%,AZ,Cash-out Refinance,Primary,SFR,Servicer_E,2020-01,360
LOAN_00001366,419965,0.06387506963706166,<620,90-100%,36-43%,MD,Refinance,Primary,Condo,Servicer_B,2020-11,360
LOAN_00001367,596202,0.034693100781658937,780+,>100%,20-30%,FL,Refinance,Primary,Manufactured,Servicer_E,2021-05,360
LOAN_00001368,292688,0.06050410306508694,620-659,80-90%,20-30%,TX,Purchase,Primary,Manufactured,Servicer_E,2022-11,360
LOAN_00001369,927462,0.05285090846959158,660-699,>100%,20-30%,TX,Cash-out Refinance,Primary,SFR,Servicer_A,2021-11,360
LOAN_00001370,333109,0.0554452976323368,660-699,80-90%,>50%,PA,Cash-out Refinance,Primary,SFR,Servicer_D,2022-08,360
LOAN_00001371,154028,0.05798731617112791,620-659,<60%,<20%,GA,Cash-out Refinance,Primary,Manufactured,Servicer_B,2021-01,240
LOAN_00001372,223902,0.06938474806331922,<620,60-70%,<20%,MO,Purchase,Primary,SFR,Servicer_B,2021-05,180
LOAN_00001373,246132,0.06673351556255225,<620,70-80%,43-50%,NJ,Purchase,Primary,SFR,Servicer_E,2021-04,180
LOAN_00001374,398739,0.04600308711175245,740-779,90-100%,<20%,MA,Purchase,Investment,SFR,Servicer_C,2022-08,360
LOAN_00001375,184679,0.05429665638772397,660-699,60-70%,20-30%,VA,Purchase,Primary,SFR,Servicer_C,2022-11,360
LOAN_00001376,255508,0.04961774328571346,700-739,70-80%,20-30%,WI,Purchase,Primary,Condo,Servicer_B,2022-11,180
LOAN_00001377,273615,0.034817848373120824,780+,70-80%,36-43%,OH,Cash-out Refinance,Second Home,2-4 Unit,Servicer_D,2022-04,360
LOAN_00001378,237029,0.05368755390878692,660-699,70-80%,30-36%,AZ,Purchase,Primary,2-4 Unit,Servicer_B,2021-07,180
LOAN_00001379,444945,0.07713705313070915,<620,90-100%,43-50%,PA,Purchase,Primary,SFR,Servicer_B,2021-08,360
LOAN_00001380,408668,0.03445547927500303,780+,90-100%,36-43%,IL,Cash-out Refinance,Primary,Manufactured,Servicer_D,2022-12,360
LOAN_00001381,531407,0.054711258476079196,660-699,90-100%,30-36%,WI,Cash-out Refinance,Primary,SFR,Servicer_B,2020-11,360
LOAN_00001382,251321,0.0543263422550839,660-699,70-80%,20-30%,CA,Purchase,Primary,SFR,Servicer_D,2021-01,360
LOAN_00001383,541048,0.05845282566117184,620-659,90-100%,43-50%,PA,Purchase,Primary,SFR,Servicer_E,2022-09,360
LOAN_00001384,149941,0.04344730051127284,740-779,<60%,43-50%,GA,Cash-out Refinance,Primary,Condo,Servicer_D,2021-02,360
LOAN_00001385,148124,0.037898672910400555,780+,<60%,43-50%,FL,Cash-out Refinance,Investment,2-4 Unit,Servicer_B,2020-09,180
LOAN_00001386,161635,0.03845682811846449,780+,<60%,<20%,TN,Refinance,Primary,Condo,Servicer_A,2021-09,360
LOAN_00001387,297927,0.07097120509997774,<620,80-90%,36-43%,GA,Purchase,Primary,2-4 Unit,Servicer_C,2020-12,360
LOAN_00001388,541007,0.04320776830765771,740-779,90-100%,36-43%,MI,Refinance,Primary,SFR,Servicer_C,2022-09,360
LOAN_00001389,219460,0.04900525370016193,700-739,60-70%,>50%,OH,Refinance,Primary,Condo,Servicer_B,2022-09,360
LOAN_00001390,233667,0.08025559118335569,<620,70-80%,20-30%,MO,Purchase,Second Home,SFR,Servicer_B,2020-12,180
LOAN_00001391,266196,0.046188932118682524,740-779,70-80%,43-50%,NC,Purchase,Primary,Condo,Servicer_E,2021-08,360
LOAN_00001392,394910,0.059108795175411115,620-659,90-100%,36-43%,TN,Cash-out Refinance,Primary,Condo,Servicer_A,2022-12,360
LOAN_00001393,233558,0.06776574011950608,<620,70-80%,43-50%,WA,Refinance,Primary,SFR,Servicer_B,2022-03,360
LOAN_00001394,227133,0.06718864224375092,<620,70-80%,36-43%,WI,Purchase,Primary,SFR,Servicer_B,2020-08,360
LOAN_00001395,151342,0.03902108371547583,780+,<60%,43-50%,WA,Refinance,Second Home,SFR,Servicer_E,2021-10,360
LOAN_00001396,222824,0.04643977062758202,740-779,60-70%,30-36%,WI,Refinance,Primary,2-4 Unit,Servicer_B,2021-11,360
LOAN_00001397,534309,0.05862836771502382,620-659,90-100%,20-30%,AZ,Purchase,Primary,SFR,Servicer_B,2021-12,360
LOAN_00001398,310352,0.0781482094885995,<620,80-90%,30-36%,TX,Purchase,Primary,SFR,Servicer_B,2020-01,180
LOAN_00001399,204858,0.045861872096305656,740-779,60-70%,43-50%,NY,Purchase,Second Home,2-4 Unit,Servicer_E,2020-11,240
LOAN_00001400,550219,0.049076644190667075,700-739,90-100%,<20%,TN,Cash-out Refinance,Primary,SFR,Servicer_B,2022-07,180
LOAN_00001401,221326,0.060034893056812054,620-659,60-70%,36-43%,CA,Purchase,Primary,SFR,Servicer_B,2020-09,360
LOAN_00001402,603184,0.06243589872818052,620-659,>100%,>50%,NY,Cash-out Refinance,Second Home,Condo,Servicer_B,2020-11,360
LOAN_00001403,598273,0.06316304805163284,620-659,>100%,43-50%,TN,Refinance,Primary,SFR,Servicer_E,2020-12,360
LOAN_00001404,304981,0.044843729621982395,740-779,80-90%,36-43%,GA,Cash-out Refinance,Primary,SFR,Servicer_D,2020-07,360
LOAN_00001405,140185,0.04861542235678713,700-739,<60%,43-50%,IL,Cash-out Refinance,Second Home,Condo,Servicer_C,2020-06,360
LOAN_00001406,931685,0.057586014397623626,620-659,>100%,<20%,NY,Cash-out Refinance,Primary,SFR,Servicer_B,2021-01,360
LOAN_00001407,359920,0.07014773575153938,<620,80-90%,30-36%,OH,Cash-out Refinance,Primary,SFR,Servicer_A,2022-08,360
LOAN_00001408,252219,0.05213819101457887,660-699,70-80%,30-36%,IN,Purchase,Primary,SFR,Servicer_A,2020-01,360
LOAN_00001409,478333,0.05473237719899417,660-699,90-100%,43-50%,MI,Purchase,Second Home,2-4 Unit,Servicer_B,2020-11,360
LOAN_00001410,421321,0.04268885875432708,740-779,90-100%,20-30%,WI,Purchase,Primary,SFR,Servicer_D,2020-03,360
LOAN_00001411,571185,0.07735872198270691,<620,>100%,<20%,MA,Refinance,Primary,2-4 Unit,Servicer_D,2021-09,360
LOAN_00001412,212952,0.05685115536570052,620-659,60-70%,36-43%,PA,Purchase,Primary,SFR,Servicer_D,2020-10,360
LOAN_00001413,347749,0.0679330573546809,<620,80-90%,30-36%,NY,Purchase,Primary,SFR,Servicer_D,2022-05,360
LOAN_00001414,163908,0.05535876649681121,660-699,<60%,43-50%,MD,Purchase,Primary,SFR,Servicer_C,2021-10,360
LOAN_00001415,413812,0.05602320478292094,660-699,90-100%,30-36%,MD,Refinance,Second Home,SFR,Servicer_B,2022-05,360
LOAN_00001416,293175,0.036996293309775274,780+,80-90%,43-50%,FL,Purchase,Primary,Condo,Servicer_D,2021-11,360
LOAN_00001417,341295,0.029190857563689197,780+,80-90%,30-36%,OH,Purchase,Second Home,SFR,Servicer_A,2021-04,360
LOAN_00001418,275632,0.07002286254203151,<620,70-80%,43-50%,MA,Refinance,Primary,SFR,Servicer_A,2022-07,360
LOAN_00001419,261582,0.05593669857114904,660-699,70-80%,36-43%,WI,Refinance,Primary,Condo,Servicer_E,2021-06,360
LOAN_00001420,192121,0.05747713747583942,620-659,60-70%,20-30%,MD,Cash-out Refinance,Primary,SFR,Servicer_C,2022-11,240
LOAN_00001421,440301,0.04001135497359507,740-779,90-100%,20-30%,PA,Refinance,Primary,2-4 Unit,Servicer_D,2022-12,360
LOAN_00001422,624590,0.044163229866476514,740-779,>100%,43-50%,MO,Refinance,Primary,SFR,Servicer_E,2021-10,360
LOAN_00001423,224507,0.06774762401361982,<620,60-70%,20-30%,MA,Purchase,Primary,SFR,Servicer_D,2022-01,360
LOAN_00001424,391120,0.07588172525009725,<620,90-100%,36-43%,MI,Purchase,Primary,SFR,Servicer_D,2020-10,240
LOAN_00001425,368093,0.04754471183472938,700-739,80-90%,<20%,GA,Refinance,Primary,SFR,Servicer_C,2022-06,360
LOAN_00001426,297761,0.06305779946035667,620-659,80-90%,43-50%,IN,Purchase,Primary,Condo,Servicer_B,2022-01,360
LOAN_00001427,138233,0.05728029919217926,620-659,<60%,20-30%,IN,Cash-out Refinance,Primary,SFR,Servicer_B,2022-09,360
LOAN_00001428,154693,0.05355365271906729,660-699,<60%,36-43%,MD,Cash-out Refinance,Investment,2-4 Unit,Servicer_E,2020-10,180
LOAN_00001429,200688,0.07722350824213983,<620,60-70%,36-43%,MI,Purchase,Primary,SFR,Servicer_B,2022-05,360
LOAN_00001430,101772,0.04956158024772698,700-739,<60%,20-30%,PA,Refinance,Primary,SFR,Servicer_E,2021-05,360
LOAN_00001431,599598,0.06988855164420983,<620,>100%,30-36%,MO,Purchase,Primary,SFR,Servicer_A,2020-07,360
LOAN_00001432,356415,0.059577079804504586,620-659,80-90%,43-50%,OH,Purchase,Primary,2-4 Unit,Servicer_B,2020-07,360
LOAN_00001433,292149,0.05479732813162217,660-699,80-90%,36-43%,TN,Purchase,Primary,2-4 Unit,Servicer_E,2021-09,180
LOAN_00001434,99198,0.07146420607639695,<620,<60%,>50%,NJ,Refinance,Investment,SFR,Servicer_C,2020-12,360
LOAN_00001435,119141,0.05848161398107633,620-659,<60%,43-50%,VA,Cash-out Refinance,Second Home,SFR,Servicer_B,2020-04,360
LOAN_00001436,296211,0.05384286964105263,660-699,80-90%,36-43%,IL,Purchase,Primary,2-4 Unit,Servicer_A,2021-04,360
LOAN_00001437,794322,0.07155330607578439,<620,>100%,36-43%,IL,Refinance,Primary,SFR,Servicer_C,2021-12,360
LOAN_00001438,209123,0.0699911470452627,<620,60-70%,>50%,AZ,Purchase,Primary,SFR,Servicer_E,2020-12,360
LOAN_00001439,456753,0.0694235598538465,<620,90-100%,30-36%,PA,Purchase,Investment,Manufactured,Servicer_B,2022-11,180
LOAN_00001440,233292,0.02,780+,70-80%,30-36%,AZ,Refinance,Primary,SFR,Servicer_C,2022-05,180
LOAN_00001441,304863,0.06028211950886093,620-659,80-90%,43-50%,WI,Refinance,Primary,Manufactured,Servicer_B,2021-07,240
LOAN_00001442,544346,0.05754540631683964,620-659,90-100%,>50%,TX,Refinance,Investment,SFR,Servicer_E,2022-10,240
LOAN_00001443,249452,0.05458164095097417,660-699,70-80%,30-36%,MD,Cash-out Refinance,Primary,SFR,Servicer_D,2021-04,360
LOAN_00001444,210017,0.06231735560767214,620-659,60-70%,<20%,NY,Purchase,Primary,SFR,Servicer_D,2020-06,240
LOAN_00001445,602615,0.058126682470054335,620-659,>100%,36-43%,FL,Refinance,Primary,SFR,Servicer_D,2020-02,360
LOAN_00001446,303391,0.06313368900792618,620-659,80-90%,36-43%,IN,Purchase,Primary,2-4 Unit,Servicer_C,2022-10,240
LOAN_00001447,511755,0.05178445830694009,700-739,90-100%,30-36%,IL,Cash-out Refinance,Primary,SFR,Servicer_E,2022-11,180
LOAN_00001448,210528,0.07297816756211792,<620,60-70%,36-43%,WA,Purchase,Primary,2-4 Unit,Servicer_D,2022-03,360
LOAN_00001449,599191,0.06434733030127392,<620,>100%,30-36%,FL,Purchase,Primary,SFR,Servicer_A,2020-04,360
LOAN_00001450,340038,0.061510319086178086,620-659,80-90%,20-30%,TX,Refinance,Primary,Manufactured,Servicer_B,2020-11,360
LOAN_00001451,368572,0.06092446280448237,620-659,80-90%,36-43%,IL,Purchase,Primary,Condo,Servicer_E,2020-02,360
LOAN_00001452,316733,0.06888737568992276,<620,80-90%,30-36%,NJ,Refinance,Primary,SFR,Servicer_B,2020-02,360
LOAN_00001453,230328,0.06726025344322588,<620,70-80%,43-50%,PA,Cash-out Refinance,Primary,SFR,Servicer_E,2020-09,360
LOAN_00001454,296309,0.05364673535744455,660-699,80-90%,<20%,IL,Purchase,Primary,SFR,Servicer_E,2021-09,180
LOAN_00001455,237685,0.06688372456987955,<620,70-80%,43-50%,IN,Refinance,Primary,SFR,Servicer_E,2020-03,360
LOAN_00001456,479151,0.057088626880504534,620-659,90-100%,20-30%,NY,Cash-out Refinance,Primary,2-4 Unit,Servicer_D,2022-12,360
LOAN_00001457,267927,0.07800312149800394,<620,70-80%,>50%,TX,Refinance,Primary,Manufactured,Servicer_A,2021-05,360
LOAN_00001458,140329,0.06817273373256359,<620,<60%,43-50%,FL,Purchase,Primary,SFR,Servicer_A,2020-10,180
LOAN_00001459,128064,0.04749268817725968,700-739,<60%,20-30%,MO,Cash-out Refinance,Primary,SFR,Servicer_C,2021-07,360
LOAN_00001460,125071,0.08296852827340319,<620,<60%,>50%,MI,Refinance,Second Home,SFR,Servicer_B,2022-05,360
LOAN_00001461,403925,0.029775521968122047,780+,90-100%,30-36%,WI,Refinance,Primary,Condo,Servicer_E,2020-12,180
LOAN_00001462,166749,0.06264825688802851,620-659,<60%,30-36%,IN,Refinance,Primary,SFR,Servicer_E,2020-02,360
LOAN_00001463,344566,0.04664503204665657,740-779,80-90%,>50%,PA,Purchase,Primary,SFR,Servicer_D,2020-02,360
LOAN_00001464,317517,0.07758616352407624,<620,80-90%,>50%,TN,Cash-out Refinance,Primary,SFR,Servicer_E,2022-07,360
LOAN_00001465,287117,0.05803367278354344,620-659,70-80%,36-43%,MI,Purchase,Primary,Manufactured,Servicer_A,2020-05,180
LOAN_00001466,369240,0.04547445441895455,740-779,80-90%,>50%,VA,Cash-out Refinance,Primary,SFR,Servicer_D,2021-11,360
LOAN_00001467,320985,0.051802063453365,700-739,80-90%,20-30%,NJ,Cash-out Refinance,Primary,SFR,Servicer_E,2021-02,240
LOAN_00001468,76506,0.0464328224960129,740-779,<60%,20-30%,TN,Cash-out Refinance,Primary,SFR,Servicer_E,2022-04,360
LOAN_00001469,252252,0.05133067625715906,700-739,70-80%,<20%,IL,Purchase,Primary,Manufactured,Servicer_E,2020-03,180
LOAN_00001470,366792,0.051056228609325946,700-739,80-90%,20-30%,TX,Purchase,Investment,Condo,Servicer_E,2022-09,360
LOAN_00001471,673431,0.04598612957558734,740-779,>100%,36-43%,MA,Purchase,Primary,2-4 Unit,Servicer_D,2022-02,180
LOAN_00001472,689160,0.058240765738991486,620-659,>100%,20-30%,WI,Purchase,Primary,2-4 Unit,Servicer_A,2021-05,360
LOAN_00001473,150005,0.05969468996088079,620-659,<60%,36-43%,VA,Purchase,Primary,SFR,Servicer_C,2020-08,240
LOAN_00001474,248982,0.043044323304688395,740-779,70-80%,<20%,FL,Refinance,Primary,SFR,Servicer_E,2022-12,180
LOAN_00001475,135529,0.03510077484347203,780+,<60%,30-36%,FL,Purchase,Primary,2-4 Unit,Servicer_D,2020-11,240
LOAN_00001476,634087,0.05873147742579486,620-659,>100%,36-43%,NJ,Cash-out Refinance,Primary,SFR,Servicer_B,2021-06,180
LOAN_00001477,492095,0.061383046613434404,620-659,90-100%,<20%,MO,Purchase,Primary,SFR,Servicer_D,2021-03,180
LOAN_00001478,353378,0.06376260114353481,<620,80-90%,36-43%,WA,Purchase,Primary,SFR,Servicer_A,2020-09,360
LOAN_00001479,322238,0.06161409257912953,620-659,80-90%,43-50%,OH,Refinance,Investment,Condo,Servicer_B,2021-03,360
LOAN_00001480,591440,0.07387260130884388,<620,>100%,36-43%,WA,Purchase,Primary,SFR,Servicer_D,2020-06,180
LOAN_00001481,543433,0.06696481464317516,<620,90-100%,43-50%,NY,Refinance,Primary,SFR,Servicer_D,2020-01,360
LOAN_00001482,529147,0.0871579383569869,<620,90-100%,>50%,MI,Refinance,Primary,SFR,Servicer_C,2020-11,360
LOAN_00001483,372629,0.09220776636199533,<620,80-90%,<20%,WI,Refinance,Primary,SFR,Servicer_B,2020-05,240
LOAN_00001484,249044,0.03390276894826344,780+,70-80%,36-43%,WA,Refinance,Primary,SFR,Servicer_C,2021-03,360
LOAN_00001485,435200,0.02863433642516985,780+,90-100%,20-30%,FL,Cash-out Refinance,Primary,SFR,Servicer_A,2022-08,180
LOAN_00001486,445976,0.05491130442583942,660-699,90-100%,30-36%,IL,Cash-out Refinance,Investment,2-4 Unit,Servicer_E,2020-06,240
LOAN_00001487,269596,0.061050789158563865,620-659,70-80%,36-43%,TX,Purchase,Primary,Manufactured,Servicer_E,2020-01,360
LOAN_00001488,248792,0.054089379891931334,660-699,70-80%,36-43%,NC,Purchase,Primary,SFR,Servicer_D,2020-04,360
LOAN_00001489,522644,0.06344296535269311,<620,90-100%,43-50%,IL,Cash-out Refinance,Investment,SFR,Servicer_B,2021-07,360
LOAN_00001490,681504,0.051757095095219495,700-739,>100%,36-43%,WI,Purchase,Primary,Condo,Servicer_A,2020-10,360
LOAN_00001491,203883,0.04667259083903052,740-779,60-70%,43-50%,OH,Refinance,Primary,SFR,Servicer_A,2021-06,360
LOAN_00001492,259967,0.048485309681787464,700-739,70-80%,36-43%,CA,Refinance,Primary,SFR,Servicer_B,2020-02,180
LOAN_00001493,353439,0.05259797957122955,660-699,80-90%,<20%,NC,Purchase,Second Home,SFR,Servicer_E,2020-12,360
LOAN_00001494,378245,0.0651221481287218,<620,80-90%,<20%,MA,Purchase,Primary,SFR,Servicer_B,2021-03,240
LOAN_00001495,228391,0.049159111640010036,700-739,70-80%,30-36%,AZ,Refinance,Primary,SFR,Servicer_D,2021-04,180
LOAN_00001496,760521,0.05153237556499954,700-739,>100%,36-43%,WI,Purchase,Primary,SFR,Servicer_A,2021-08,180
LOAN_00001497,366241,0.061842602128532244,620-659,80-90%,<20%,GA,Purchase,Primary,SFR,Servicer_E,2022-05,360
LOAN_00001498,386811,0.05261444322945773,660-699,90-100%,30-36%,NJ,Cash-out Refinance,Investment,SFR,Servicer_A,2021-05,360
LOAN_00001499,714574,0.06840052660774468,<620,>100%,20-30%,VA,Cash-out Refinance,Primary,SFR,Servicer_B,2022-07,240
LOAN_00001500,236917,0.04396592521317927,740-779,70-80%,36-43%,CA,Refinance,Primary,SFR,Servicer_A,2021-08,360
LOAN_00001501,283731,0.041363634922414155,740-779,70-80%,30-36%,CA,Purchase,Primary,SFR,Servicer_D,2020-10,360
LOAN_00001502,158472,0.05865554840822011,620-659,<60%,20-30%,TN,Purchase,Primary,SFR,Servicer_A,2020-09,360
LOAN_00001503,272072,0.059851461547177555,620-659,70-80%,<20%,GA,Cash-out Refinance,Second Home,SFR,Servicer_A,2020-12,240
LOAN_00001504,140862,0.04462048607099905,740-779,<60%,20-30%,AZ,Purchase,Primary,SFR,Servicer_B,2021-10,360
LOAN_00001505,431026,0.0711231448159291,<620,90-100%,30-36%,MD,Cash-out Refinance,Primary,SFR,Servicer_A,2020-09,240
LOAN_00001506,365857,0.07809924171724271,<620,80-90%,>50%,IL,Refinance,Primary,SFR,Servicer_B,2022-09,360
LOAN_00001507,258193,0.047465749445911413,700-739,70-80%,20-30%,TN,Purchase,Second Home,SFR,Servicer_B,2021-06,240
LOAN_00001508,282035,0.0728476080727743,<620,70-80%,30-36%,IL,Refinance,Primary,SFR,Servicer_E,2022-08,240
LOAN_00001509,433971,0.02641441393599133,780+,90-100%,36-43%,MA,Cash-out Refinance,Primary,SFR,Servicer_C,2022-01,360
LOAN_00001510,168064,0.0679133472006163,<620,<60%,36-43%,NY,Cash-out Refinance,Primary,SFR,Servicer_C,2021-01,360
LOAN_00001511,328431,0.044706846746458986,740-779,80-90%,20-30%,OH,Refinance,Primary,SFR,Servicer_D,2020-09,240
LOAN_00001512,420733,0.06671287218366567,<620,90-100%,<20%,MI,Purchase,Investment,SFR,Servicer_A,2022-03,360
LOAN_00001513,121645,0.04346468816852001,740-779,<60%,>50%,MI,Refinance,Primary,SFR,Servicer_A,2020-12,180
LOAN_00001514,417679,0.05417814958447846,660-699,90-100%,>50%,CA,Refinance,Primary,SFR,Servicer_A,2020-09,360
LOAN_00001515,128408,0.04527861284149792,740-779,<60%,30-36%,IN,Refinance,Primary,Condo,Servicer_E,2022-10,360
LOAN_00001516,279624,0.052433431626615026,660-699,70-80%,36-43%,CA,Purchase,Primary,SFR,Servicer_D,2021-06,360
LOAN_00001517,165761,0.07695908834716533,<620,<60%,<20%,MO,Cash-out Refinance,Primary,SFR,Servicer_E,2020-02,360
LOAN_00001518,606599,0.05370474644087913,660-699,>100%,<20%,IL,Refinance,Primary,SFR,Servicer_E,2021-06,180
LOAN_00001519,166281,0.08032361948711003,<620,<60%,<20%,MA,Purchase,Primary,SFR,Servicer_A,2021-05,360
LOAN_00001520,129950,0.050370249266885964,700-739,<60%,36-43%,MA,Purchase,Primary,Condo,Servicer_A,2022-08,240
LOAN_00001521,317006,0.07290117644568163,<620,80-90%,20-30%,MI,Purchase,Primary,SFR,Servicer_E,2022-02,240
LOAN_00001522,241143,0.03549168872184637,780+,70-80%,20-30%,NJ,Purchase,Primary,SFR,Servicer_C,2020-07,360
LOAN_00001523,139762,0.051561891335461706,700-739,<60%,<20%,TX,Purchase,Second Home,SFR,Servicer_D,2020-06,360
LOAN_00001524,385735,0.04856668017609571,700-739,90-100%,<20%,MD,Refinance,Primary,Manufactured,Servicer_B,2021-10,360
LOAN_00001525,109562,0.0734524672095657,<620,<60%,30-36%,FL,Purchase,Primary,2-4 Unit,Servicer_C,2020-02,360
LOAN_00001526,176641,0.05722298543243289,620-659,60-70%,30-36%,AZ,Purchase,Primary,Condo,Servicer_E,2020-12,360
LOAN_00001527,222435,0.029943001964230057,780+,60-70%,36-43%,CA,Purchase,Second Home,SFR,Servicer_C,2020-05,360
LOAN_00001528,442905,0.03927844414331726,780+,90-100%,30-36%,MA,Purchase,Second Home,SFR,Servicer_D,2020-01,360
LOAN_00001529,566784,0.04284805300744719,740-779,>100%,30-36%,GA,Purchase,Primary,Condo,Servicer_D,2022-10,360
LOAN_00001530,514726,0.06620860352934603,<620,90-100%,43-50%,MI,Purchase,Primary,SFR,Servicer_E,2020-04,360
LOAN_00001531,274680,0.0646600898038753,<620,70-80%,20-30%,CA,Refinance,Primary,SFR,Servicer_B,2020-01,360
LOAN_00001532,88110,0.05139520680446656,700-739,<60%,20-30%,IL,Purchase,Second Home,Condo,Servicer_E,2022-10,360
LOAN_00001533,360564,0.048417882476589125,700-739,80-90%,43-50%,NC,Refinance,Primary,SFR,Servicer_D,2020-07,360
LOAN_00001534,618644,0.06359665889020064,<620,>100%,36-43%,MA,Purchase,Primary,Condo,Servicer_E,2022-06,180
LOAN_00001535,549572,0.041445722890816473,740-779,90-100%,30-36%,VA,Purchase,Primary,Condo,Servicer_B,2020-02,360
LOAN_00001536,373799,0.060492027735404234,620-659,80-90%,20-30%,PA,Purchase,Primary,Condo,Servicer_A,2020-06,360
LOAN_00001537,163611,0.0594702159624428,620-659,<60%,<20%,VA,Purchase,Primary,SFR,Servicer_A,2020-04,360
LOAN_00001538,228056,0.051704924883198826,700-739,70-80%,<20%,IL,Refinance,Primary,SFR,Servicer_B,2022-02,360
LOAN_00001539,779889,0.059772135580548585,620-659,>100%,43-50%,VA,Refinance,Primary,SFR,Servicer_C,2021-11,360
LOAN_00001540,146039,0.056225132236896215,660-699,<60%,36-43%,NJ,Refinance,Primary,Condo,Servicer_B,2021-06,360
LOAN_00001541,167055,0.06096903393707848,620-659,<60%,<20%,IL,Purchase,Primary,Condo,Servicer_B,2020-09,360
LOAN_00001542,475097,0.03899077229823887,780+,90-100%,20-30%,IL,Purchase,Primary,2-4 Unit,Servicer_E,2020-04,180
LOAN_00001543,239048,0.06237402376634442,620-659,70-80%,20-30%,NJ,Cash-out Refinance,Investment,Manufactured,Servicer_D,2021-09,360
LOAN_00001544,164246,0.06731921595402726,<620,<60%,20-30%,VA,Purchase,Primary,SFR,Servicer_D,2020-09,360
LOAN_00001545,636656,0.05885141704677334,620-659,>100%,30-36%,WI,Purchase,Primary,2-4 Unit,Servicer_D,2021-10,360
LOAN_00001546,373445,0.062214590211898,620-659,80-90%,30-36%,MI,Purchase,Primary,SFR,Servicer_E,2022-01,240
LOAN_00001547,245021,0.053680968191082847,660-699,70-80%,43-50%,NC,Cash-out Refinance,Primary,Manufactured,Servicer_B,2022-07,360
LOAN_00001548,167227,0.06569599079515652,<620,<60%,36-43%,MI,Cash-out Refinance,Primary,2-4 Unit,Servicer_E,2021-06,360
LOAN_00001549,825465,0.055782965535758254,660-699,>100%,>50%,MO,Purchase,Primary,SFR,Servicer_E,2020-01,360
LOAN_00001550,292954,0.04122470461054467,740-779,80-90%,43-50%,OH,Purchase,Second Home,SFR,Servicer_B,2020-11,360
LOAN_00001551,596398,0.06484259385859913,<620,>100%,>50%,GA,Refinance,Primary,SFR,Servicer_B,2022-07,360
LOAN_00001552,463618,0.03539024502990673,780+,90-100%,>50%,GA,Purchase,Primary,Condo,Servicer_A,2021-08,360
LOAN_00001553,228558,0.0583933569314606,620-659,70-80%,20-30%,WA,Purchase,Primary,SFR,Servicer_D,2021-11,360
LOAN_00001554,229470,0.050389325799436245,700-739,70-80%,20-30%,AZ,Purchase,Investment,SFR,Servicer_B,2021-05,360
LOAN_00001555,611186,0.049622491003543455,700-739,>100%,20-30%,MI,Purchase,Second Home,SFR,Servicer_B,2020-06,360
LOAN_00001556,616157,0.057063864999114464,620-659,>100%,36-43%,PA,Purchase,Primary,SFR,Servicer_D,2022-09,360
LOAN_00001557,116022,0.04648854171018407,740-779,<60%,36-43%,AZ,Refinance,Investment,Manufactured,Servicer_A,2022-04,360
LOAN_00001558,390385,0.06114647216953399,620-659,90-100%,<20%,PA,Refinance,Primary,SFR,Servicer_A,2022-12,360
LOAN_00001559,279118,0.05568155959146402,660-699,70-80%,43-50%,MO,Refinance,Primary,SFR,Servicer_E,2022-07,360
LOAN_00001560,176899,0.04759247258305362,700-739,60-70%,43-50%,WA,Purchase,Primary,2-4 Unit,Servicer_A,2020-11,360
LOAN_00001561,338024,0.07105815484055583,<620,80-90%,36-43%,NC,Purchase,Second Home,SFR,Servicer_E,2020-10,360
LOAN_00001562,151025,0.05745739132359398,620-659,<60%,30-36%,IL,Cash-out Refinance,Primary,SFR,Servicer_D,2020-09,240
LOAN_00001563,234866,0.06256961120109378,620-659,70-80%,20-30%,TN,Purchase,Primary,SFR,Servicer_B,2022-10,360
LOAN_00001564,198940,0.07199906475393306,<620,60-70%,30-36%,WA,Purchase,Primary,2-4 Unit,Servicer_C,2021-09,180
LOAN_00001565,230984,0.07180214242953246,<620,70-80%,20-30%,MO,Purchase,Primary,2-4 Unit,Servicer_B,2021-05,360
LOAN_00001566,286146,0.06195742544627426,620-659,70-80%,36-43%,MA,Purchase,Second Home,SFR,Servicer_C,2022-11,360
LOAN_00001567,178477,0.051368101587882346,700-739,60-70%,20-30%,TN,Purchase,Primary,SFR,Servicer_D,2021-10,360
LOAN_00001568,651211,0.03784355454955346,780+,>100%,20-30%,TX,Purchase,Primary,SFR,Servicer_E,2022-09,360
LOAN_00001569,379512,0.05748028840575695,620-659,80-90%,30-36%,CA,Refinance,Primary,SFR,Servicer_B,2022-12,240
LOAN_00001570,727436,0.06813501178980863,<620,>100%,36-43%,AZ,Purchase,Primary,SFR,Servicer_C,2020-03,360
LOAN_00001571,273747,0.05925177783271943,620-659,70-80%,30-36%,CA,Refinance,Primary,SFR,Servicer_E,2021-02,360
LOAN_00001572,225393,0.02,780+,60-70%,>50%,MO,Refinance,Primary,SFR,Servicer_A,2022-03,360
LOAN_00001573,714406,0.0654407458579176,<620,>100%,<20%,MO,Purchase,Primary,2-4 Unit,Servicer_A,2022-06,240
LOAN_00001574,222119,0.0661779898573089,<620,60-70%,>50%,VA,Cash-out Refinance,Primary,SFR,Servicer_D,2020-06,180
LOAN_00001575,271265,0.05138533367528424,700-739,70-80%,<20%,MA,Cash-out Refinance,Primary,SFR,Servicer_A,2020-12,360
LOAN_00001576,425076,0.06686034010304227,<620,90-100%,20-30%,NC,Purchase,Investment,Manufactured,Servicer_E,2021-08,360
LOAN_00001577,159713,0.06253558497272052,620-659,<60%,>50%,WI,Refinance,Primary,SFR,Servicer_A,2022-05,360
LOAN_00001578,423219,0.04677391849261565,740-779,90-100%,36-43%,CA,Refinance,Primary,Condo,Servicer_D,2020-05,240
LOAN_00001579,396992,0.07025561339461221,<620,90-100%,36-43%,PA,Refinance,Investment,SFR,Servicer_B,2021-10,360
LOAN_00001580,559423,0.03979027692272663,740-779,90-100%,36-43%,AZ,Purchase,Primary,2-4 Unit,Servicer_E,2020-11,360
LOAN_00001581,462787,0.054313063947532776,660-699,90-100%,30-36%,TN,Purchase,Primary,SFR,Servicer_E,2020-08,360
LOAN_00001582,568063,0.05311597224673498,660-699,>100%,43-50%,IL,Purchase,Primary,Manufactured,Servicer_D,2021-07,360
LOAN_00001583,280629,0.04509474217373463,740-779,70-80%,20-30%,IN,Purchase,Primary,Condo,Servicer_D,2021-03,360
LOAN_00001584,192656,0.05864552641178758,620-659,60-70%,43-50%,MI,Purchase,Primary,SFR,Servicer_B,2021-11,360
LOAN_00001585,851702,0.0707244267948767,<620,>100%,>50%,MO,Cash-out Refinance,Second Home,SFR,Servicer_A,2020-12,360
LOAN_00001586,138226,0.06997290246233666,<620,<60%,43-50%,PA,Purchase,Primary,Condo,Servicer_B,2022-06,360
LOAN_00001587,145327,0.06368397057690299,<620,<60%,36-43%,AZ,Purchase,Primary,SFR,Servicer_A,2020-03,360
LOAN_00001588,393392,0.034648929917436455,780+,90-100%,36-43%,IL,Purchase,Second Home,SFR,Servicer_D,2022-08,180
LOAN_00001589,668300,0.03896857238947457,780+,>100%,30-36%,FL,Purchase,Primary,SFR,Servicer_B,2020-02,240
LOAN_00001590,326040,0.05699402943710522,620-659,80-90%,30-36%,MA,Refinance,Primary,SFR,Servicer_C,2022-03,180
LOAN_00001591,488772,0.05458917950699751,660-699,90-100%,43-50%,AZ,Cash-out Refinance,Primary,SFR,Servicer_D,2021-01,360
LOAN_00001592,109326,0.049023042070020215,700-739,<60%,36-43%,PA,Purchase,Primary,SFR,Servicer_D,2021-02,360
LOAN_00001593,231012,0.07786387836945799,<620,70-80%,30-36%,WA,Purchase,Primary,SFR,Servicer_C,2020-01,240
LOAN_00001594,116195,0.056270321838053694,660-699,<60%,43-50%,MD,Purchase,Primary,SFR,Servicer_D,2022-02,240
LOAN_00001595,438101,0.06150895289428982,620-659,90-100%,<20%,OH,Cash-out Refinance,Primary,SFR,Servicer_A,2020-06,360
LOAN_00001596,136814,0.06685472657138135,<620,<60%,43-50%,NJ,Purchase,Second Home,Manufactured,Servicer_B,2021-12,360
LOAN_00001597,156543,0.05565950139606952,660-699,<60%,43-50%,IL,Purchase,Second Home,SFR,Servicer_D,2022-03,360
LOAN_00001598,383468,0.08609274601494843,<620,90-100%,20-30%,NJ,Purchase,Primary,SFR,Servicer_D,2022-07,360
LOAN_00001599,504292,0.04371553237077156,740-779,90-100%,<20%,MO,Purchase,Primary,SFR,Servicer_D,2022-02,360
LOAN_00001600,273899,0.04772714092127053,700-739,70-80%,36-43%,WA,Purchase,Primary,Condo,Servicer_E,2020-11,360
LOAN_00001601,394386,0.04368609138060992,740-779,90-100%,20-30%,FL,Cash-out Refinance,Primary,SFR,Servicer_E,2022-03,360
LOAN_00001602,388051,0.07375189943712765,<620,90-100%,>50%,MA,Purchase,Primary,SFR,Servicer_A,2022-06,360
LOAN_00001603,266275,0.06462503049062376,<620,70-80%,<20%,NC,Purchase,Primary,SFR,Servicer_C,2020-12,360
LOAN_00001604,171552,0.04847017704737689,700-739,<60%,20-30%,CA,Purchase,Primary,SFR,Servicer_E,2020-05,360
LOAN_00001605,393346,0.04463348350054264,740-779,90-100%,<20%,WA,Purchase,Primary,Condo,Servicer_B,2022-09,180
LOAN_00001606,402941,0.07161868600723124,<620,90-100%,43-50%,PA,Cash-out Refinance,Primary,SFR,Servicer_A,2020-06,360
LOAN_00001607,463708,0.05934025258406631,620-659,90-100%,36-43%,WI,Refinance,Investment,Condo,Servicer_A,2021-10,360
LOAN_00001608,346636,0.07192501562339607,<620,80-90%,43-50%,WI,Cash-out Refinance,Primary,SFR,Servicer_D,2020-09,360
LOAN_00001609,165338,0.05427820779062132,660-699,<60%,>50%,AZ,Cash-out Refinance,Primary,SFR,Servicer_E,2020-05,360
LOAN_00001610,418808,0.06113842386920319,620-659,90-100%,36-43%,WA,Refinance,Primary,SFR,Servicer_D,2022-04,360
LOAN_00001611,296353,0.05860273186292803,620-659,80-90%,20-30%,OH,Refinance,Primary,SFR,Servicer_A,2020-06,360
LOAN_00001612,232962,0.04751066398751117,700-739,70-80%,<20%,TX,Refinance,Primary,Manufactured,Servicer_C,2022-01,360
LOAN_00001613,255935,0.05327027009429189,660-699,70-80%,43-50%,TX,Refinance,Primary,SFR,Servicer_B,2022-01,360
LOAN_00001614,210001,0.04078835986841987,740-779,60-70%,20-30%,MI,Refinance,Primary,SFR,Servicer_E,2020-03,360
LOAN_00001615,462509,0.06092928188472692,620-659,90-100%,43-50%,OH,Refinance,Primary,SFR,Servicer_C,2020-07,360
LOAN_00001616,145938,0.06413498495616232,<620,<60%,43-50%,WI,Purchase,Primary,Condo,Servicer_B,2022-05,360
LOAN_00001617,180458,0.06688193440126383,<620,60-70%,36-43%,PA,Refinance,Primary,Condo,Servicer_C,2021-07,360
LOAN_00001618,251604,0.06299853871805207,620-659,70-80%,36-43%,IL,Purchase,Primary,SFR,Servicer_D,2020-05,360
LOAN_00001619,664556,0.0534614783619637,660-699,>100%,>50%,IN,Refinance,Primary,SFR,Servicer_C,2022-12,360
LOAN_00001620,502394,0.07362364774092382,<620,90-100%,43-50%,IN,Refinance,Primary,SFR,Servicer_C,2020-10,360
LOAN_00001621,130558,0.06570770185275454,<620,<60%,36-43%,GA,Refinance,Primary,SFR,Servicer_D,2020-01,360
LOAN_00001622,582843,0.07166255561988526,<620,>100%,30-36%,TX,Refinance,Primary,SFR,Servicer_B,2022-10,360
LOAN_00001623,582281,0.0724154404536442,<620,>100%,30-36%,TX,Refinance,Primary,SFR,Servicer_A,2020-01,360
LOAN_00001624,164883,0.05349280413631731,660-699,<60%,30-36%,NJ,Refinance,Investment,SFR,Servicer_E,2021-08,360
LOAN_00001625,84058,0.05965455348271884,620-659,<60%,>50%,MO,Purchase,Investment,SFR,Servicer_D,2022-12,240
LOAN_00001626,286040,0.06429478220196973,<620,70-80%,36-43%,GA,Purchase,Primary,SFR,Servicer_D,2021-09,360
LOAN_00001627,519806,0.041210298549586896,740-779,90-100%,43-50%,CA,Purchase,Primary,SFR,Servicer_E,2021-10,360
LOAN_00001628,657125,0.0414763219314544,740-779,>100%,<20%,GA,Purchase,Primary,SFR,Servicer_D,2021-02,360
LOAN_00001629,191872,0.039408260248059074,780+,60-70%,43-50%,CA,Purchase,Primary,Manufactured,Servicer_A,2020-05,360
LOAN_00001630,712111,0.05370279893776132,660-699,>100%,30-36%,NC,Refinance,Primary,SFR,Servicer_E,2021-09,360
LOAN_00001631,97346,0.05100019528946083,700-739,<60%,36-43%,MI,Refinance,Primary,SFR,Servicer_A,2022-09,360
LOAN_00001632,246711,0.03777195246045714,780+,70-80%,<20%,MA,Purchase,Investment,2-4 Unit,Servicer_D,2020-04,360
LOAN_00001633,240721,0.05679229873238413,620-659,70-80%,43-50%,TX,Cash-out Refinance,Primary,Manufactured,Servicer_E,2022-08,360
LOAN_00001634,527639,0.05385257299940089,660-699,90-100%,36-43%,MI,Purchase,Primary,Condo,Servicer_C,2021-03,360
LOAN_00001635,567588,0.06918688204092391,<620,>100%,30-36%,NY,Refinance,Primary,SFR,Servicer_B,2021-08,180
LOAN_00001636,477878,0.07915574894958949,<620,90-100%,20-30%,MI,Purchase,Primary,SFR,Servicer_E,2020-06,360
LOAN_00001637,150953,0.06047740408497079,620-659,<60%,20-30%,WI,Refinance,Investment,SFR,Servicer_C,2021-11,360
LOAN_00001638,456484,0.04664043374360518,740-779,90-100%,20-30%,MA,Purchase,Primary,Condo,Servicer_E,2020-07,360
LOAN_00001639,382514,0.06276069252816482,620-659,90-100%,<20%,IN,Purchase,Primary,SFR,Servicer_B,2020-10,360
LOAN_00001640,128589,0.05511163507984568,660-699,<60%,30-36%,CA,Purchase,Primary,SFR,Servicer_A,2022-02,360
LOAN_00001641,105502,0.05211849695462202,660-699,<60%,30-36%,TN,Refinance,Primary,SFR,Servicer_C,2020-02,360
LOAN_00001642,498318,0.044660786545842254,740-779,90-100%,30-36%,MO,Cash-out Refinance,Primary,SFR,Servicer_B,2021-05,180
LOAN_00001643,271020,0.049429359529335914,700-739,70-80%,36-43%,AZ,Refinance,Primary,SFR,Servicer_D,2021-10,360
LOAN_00001644,155968,0.05286650786471407,660-699,<60%,30-36%,TN,Refinance,Primary,SFR,Servicer_B,2020-05,360
LOAN_00001645,267243,0.06464915670598538,<620,70-80%,<20%,CA,Purchase,Primary,SFR,Servicer_D,2020-11,360
LOAN_00001646,355763,0.0611323069648944,620-659,80-90%,43-50%,MA,Refinance,Primary,2-4 Unit,Servicer_B,2021-01,180
LOAN_00001647,284524,0.07690691371514195,<620,70-80%,30-36%,IN,Cash-out Refinance,Primary,2-4 Unit,Servicer_B,2021-12,360
LOAN_00001648,136490,0.06309205688615765,620-659,<60%,36-43%,IL,Purchase,Primary,SFR,Servicer_D,2022-12,360
LOAN_00001649,761296,0.06009153909474833,620-659,>100%,>50%,MI,Purchase,Primary,SFR,Servicer_B,2022-07,360
LOAN_00001650,489974,0.05132523561432911,700-739,90-100%,43-50%,NC,Purchase,Primary,2-4 Unit,Servicer_B,2020-07,240
LOAN_00001651,250774,0.042550444217839475,740-779,70-80%,30-36%,TX,Purchase,Primary,SFR,Servicer_C,2020-01,360
LOAN_00001652,255877,0.04816127869776228,700-739,70-80%,30-36%,FL,Purchase,Primary,SFR,Servicer_B,2020-02,360
LOAN_00001653,354954,0.046601936046856876,740-779,80-90%,43-50%,OH,Refinance,Primary,SFR,Servicer_B,2021-10,360
LOAN_00001654,168583,0.024269118184818327,780+,<60%,43-50%,FL,Refinance,Primary,SFR,Servicer_B,2020-06,360
LOAN_00001655,348480,0.04289641860910994,740-779,80-90%,20-30%,NJ,Purchase,Investment,SFR,Servicer_D,2020-09,180
LOAN_00001656,152456,0.07422651713639168,<620,<60%,36-43%,TX,Cash-out Refinance,Primary,SFR,Servicer_B,2022-07,360
LOAN_00001657,286282,0.05942320255550792,620-659,70-80%,43-50%,CA,Cash-out Refinance,Primary,SFR,Servicer_D,2022-08,180
LOAN_00001658,165332,0.050481713735858844,700-739,<60%,43-50%,WA,Refinance,Primary,SFR,Servicer_B,2022-07,360
LOAN_00001659,169559,0.059781757865680255,620-659,<60%,<20%,PA,Cash-out Refinance,Primary,Condo,Servicer_E,2020-10,240
LOAN_00001660,675265,0.03155914569124751,780+,>100%,30-36%,GA,Cash-out Refinance,Primary,SFR,Servicer_E,2021-11,360
LOAN_00001661,305471,0.058385172597549086,620-659,80-90%,30-36%,OH,Purchase,Primary,SFR,Servicer_A,2021-10,360
LOAN_00001662,328963,0.0703299071577698,<620,80-90%,20-30%,MI,Cash-out Refinance,Second Home,Condo,Servicer_A,2020-07,360
LOAN_00001663,108478,0.05354660863492744,660-699,<60%,36-43%,MI,Purchase,Primary,SFR,Servicer_A,2021-08,360
LOAN_00001664,220025,0.03373612568501718,780+,60-70%,30-36%,FL,Purchase,Primary,SFR,Servicer_A,2021-07,360
LOAN_00001665,373474,0.05003271358267963,700-739,80-90%,20-30%,CA,Purchase,Investment,SFR,Servicer_D,2021-03,240
LOAN_00001666,326788,0.07035114393979744,<620,80-90%,20-30%,NC,Refinance,Primary,Condo,Servicer_B,2022-04,180
LOAN_00001667,101011,0.05810355588277203,620-659,<60%,43-50%,VA,Cash-out Refinance,Second Home,Condo,Servicer_C,2022-01,360
LOAN_00001668,328919,0.03798027886247721,780+,80-90%,43-50%,TN,Purchase,Primary,SFR,Servicer_B,2021-08,360
LOAN_00001669,356211,0.08341155015020646,<620,80-90%,43-50%,NY,Refinance,Primary,2-4 Unit,Servicer_A,2022-03,360
LOAN_00001670,563476,0.03995429780505841,740-779,>100%,>50%,TX,Purchase,Investment,SFR,Servicer_A,2022-04,360
LOAN_00001671,213711,0.05208490502064143,700-739,60-70%,>50%,VA,Cash-out Refinance,Primary,2-4 Unit,Servicer_E,2021-09,360
LOAN_00001672,96661,0.04255136799217356,740-779,<60%,30-36%,MD,Purchase,Primary,SFR,Servicer_C,2020-10,360
LOAN_00001673,180162,0.04256797582103679,740-779,60-70%,<20%,IL,Refinance,Primary,SFR,Servicer_D,2022-04,360
LOAN_00001674,171350,0.04957418661117812,700-739,<60%,43-50%,TX,Refinance,Primary,SFR,Servicer_A,2022-02,360
LOAN_00001675,428632,0.06263380191815293,620-659,90-100%,36-43%,NC,Purchase,Primary,SFR,Servicer_C,2022-12,360
LOAN_00001676,76239,0.07048637734263521,<620,<60%,30-36%,VA,Cash-out Refinance,Primary,SFR,Servicer_D,2020-06,360
LOAN_00001677,237001,0.05036598193561048,700-739,70-80%,>50%,WA,Cash-out Refinance,Investment,2-4 Unit,Servicer_D,2021-04,360
LOAN_00001678,604947,0.042878277349780905,740-779,>100%,20-30%,FL,Purchase,Primary,2-4 Unit,Servicer_D,2022-10,360
LOAN_00001679,297629,0.0607436717999177,620-659,80-90%,>50%,AZ,Refinance,Primary,SFR,Servicer_C,2021-07,360
LOAN_00001680,464240,0.06109556294715025,620-659,90-100%,36-43%,OH,Cash-out Refinance,Primary,2-4 Unit,Servicer_D,2022-10,360
LOAN_00001681,130496,0.05788451602664141,620-659,<60%,<20%,CA,Purchase,Primary,2-4 Unit,Servicer_B,2020-01,180
LOAN_00001682,133119,0.05830887775488079,620-659,<60%,43-50%,MD,Purchase,Primary,2-4 Unit,Servicer_D,2020-02,360
LOAN_00001683,608420,0.05364920264387582,660-699,>100%,43-50%,NJ,Refinance,Primary,SFR,Servicer_B,2022-05,360
LOAN_00001684,311952,0.05617781025467058,660-699,80-90%,36-43%,OH,Refinance,Primary,SFR,Servicer_D,2021-01,360
LOAN_00001685,312274,0.05282018645651715,660-699,80-90%,36-43%,IN,Refinance,Primary,2-4 Unit,Servicer_C,2021-07,360
LOAN_00001686,169553,0.06784292472444547,<620,<60%,20-30%,TN,Refinance,Investment,SFR,Servicer_C,2021-04,180
LOAN_00001687,311885,0.08174151400847053,<620,80-90%,20-30%,IL,Refinance,Second Home,SFR,Servicer_C,2021-03,180
LOAN_00001688,167214,0.05715583782048631,620-659,<60%,<20%,WI,Purchase,Primary,SFR,Servicer_C,2022-10,180
LOAN_00001689,536829,0.05492113302434367,660-699,90-100%,20-30%,NJ,Purchase,Primary,SFR,Servicer_D,2020-04,360
LOAN_00001690,1159982,0.05807033638828082,620-659,>100%,20-30%,PA,Purchase,Primary,SFR,Servicer_B,2022-04,180
LOAN_00001691,377743,0.0471049383882005,700-739,80-90%,30-36%,NC,Purchase,Primary,SFR,Servicer_C,2022-09,360
LOAN_00001692,215890,0.06417974045325785,<620,60-70%,<20%,NY,Refinance,Primary,SFR,Servicer_C,2021-12,360
LOAN_00001693,83547,0.060294116908973544,620-659,<60%,36-43%,IN,Cash-out Refinance,Primary,SFR,Servicer_A,2021-03,360
LOAN_00001694,127742,0.049954357503487715,700-739,<60%,20-30%,PA,Purchase,Primary,SFR,Servicer_E,2020-06,360
LOAN_00001695,645274,0.06582480182850974,<620,>100%,20-30%,NC,Refinance,Primary,SFR,Servicer_D,2022-01,360
LOAN_00001696,177265,0.05522787722014465,660-699,60-70%,>50%,TX,Purchase,Primary,SFR,Servicer_A,2021-05,180
LOAN_00001697,246368,0.04335932033830749,740-779,70-80%,>50%,MD,Purchase,Investment,SFR,Servicer_A,2020-06,360
LOAN_00001698,411540,0.05921925334507552,620-659,90-100%,43-50%,OH,Cash-out Refinance,Primary,SFR,Servicer_E,2021-01,240
LOAN_00001699,622279,0.05784391004079192,620-659,>100%,<20%,AZ,Purchase,Primary,2-4 Unit,Servicer_E,2022-11,180
LOAN_00001700,268392,0.0665250177533275,<620,70-80%,36-43%,GA,Refinance,Primary,SFR,Servicer_D,2020-10,240
LOAN_00001701,242235,0.06497856340089819,<620,70-80%,20-30%,VA,Purchase,Primary,SFR,Servicer_D,2020-07,360
LOAN_00001702,307370,0.053689284032454855,660-699,80-90%,36-43%,VA,Purchase,Investment,SFR,Servicer_E,2022-01,180
LOAN_00001703,216680,0.04933495676303763,700-739,60-70%,43-50%,PA,Refinance,Primary,SFR,Servicer_C,2020-08,360
LOAN_00001704,222590,0.05502092500069359,660-699,60-70%,30-36%,NC,Refinance,Primary,SFR,Servicer_A,2022-10,360
LOAN_00001705,364375,0.05935970655602388,620-659,80-90%,>50%,VA,Refinance,Primary,Condo,Servicer_C,2022-07,360
LOAN_00001706,325346,0.06080505253318059,620-659,80-90%,36-43%,IL,Cash-out Refinance,Primary,SFR,Servicer_B,2022-12,240
LOAN_00001707,860959,0.05861694649763342,620-659,>100%,20-30%,FL,Cash-out Refinance,Primary,SFR,Servicer_A,2022-09,180
LOAN_00001708,369322,0.05391085667833877,660-699,80-90%,<20%,NY,Refinance,Investment,SFR,Servicer_E,2020-09,360
LOAN_00001709,527325,0.06696180424027869,<620,90-100%,43-50%,NC,Purchase,Primary,SFR,Servicer_D,2020-08,240
LOAN_00001710,173573,0.04690837727088068,740-779,60-70%,30-36%,IL,Purchase,Primary,SFR,Servicer_E,2021-01,360
LOAN_00001711,385608,0.08475284142585787,<620,90-100%,<20%,PA,Refinance,Primary,Condo,Servicer_A,2021-05,360
LOAN_00001712,206593,0.06415684456184512,<620,60-70%,<20%,AZ,Refinance,Second Home,SFR,Servicer_E,2022-08,360
LOAN_00001713,361394,0.041470175161959874,740-779,80-90%,>50%,AZ,Purchase,Primary,SFR,Servicer_D,2022-03,180
LOAN_00001714,418426,0.05722275197123699,620-659,90-100%,20-30%,MD,Purchase,Primary,SFR,Servicer_C,2021-12,360
LOAN_00001715,304046,0.06427220221638558,<620,80-90%,>50%,TN,Purchase,Primary,SFR,Servicer_A,2022-08,240
LOAN_00001716,988222,0.050807570733763484,700-739,>100%,36-43%,NC,Purchase,Primary,SFR,Servicer_D,2021-12,360
LOAN_00001717,605609,0.03705827142907952,780+,>100%,20-30%,MD,Purchase,Primary,SFR,Servicer_C,2021-02,180
LOAN_00001718,534251,0.04253123270081326,740-779,90-100%,30-36%,MD,Cash-out Refinance,Primary,SFR,Servicer_D,2021-03,360
LOAN_00001719,434583,0.061505115332146615,620-659,90-100%,43-50%,IL,Refinance,Primary,Condo,Servicer_A,2021-07,360
LOAN_00001720,716175,0.03394460232917954,780+,>100%,30-36%,NY,Cash-out Refinance,Primary,SFR,Servicer_D,2020-04,240
LOAN_00001721,144569,0.03760786513784774,780+,<60%,<20%,MO,Refinance,Primary,2-4 Unit,Servicer_A,2022-03,180
LOAN_00001722,588387,0.06144201696320711,620-659,>100%,20-30%,MO,Purchase,Primary,Condo,Servicer_A,2021-12,360
LOAN_00001723,180661,0.05232940939783805,660-699,60-70%,43-50%,IN,Refinance,Primary,SFR,Servicer_C,2022-03,240
LOAN_00001724,223648,0.04665063532474244,740-779,60-70%,36-43%,MI,Cash-out Refinance,Primary,SFR,Servicer_A,2021-08,240
LOAN_00001725,392658,0.0490632142321296,700-739,90-100%,30-36%,MO,Refinance,Investment,SFR,Servicer_D,2022-05,360
LOAN_00001726,549415,0.03735023424586817,780+,90-100%,20-30%,TN,Purchase,Primary,SFR,Servicer_C,2022-11,360
LOAN_00001727,166576,0.060813441165459343,620-659,<60%,30-36%,MA,Refinance,Primary,SFR,Servicer_B,2021-09,240
LOAN_00001728,229515,0.04532147733979065,740-779,70-80%,43-50%,WA,Purchase,Primary,SFR,Servicer_B,2021-04,360
LOAN_00001729,311378,0.04857097378499355,700-739,80-90%,<20%,PA,Purchase,Primary,SFR,Servicer_C,2020-04,360
LOAN_00001730,270172,0.059161421639046134,620-659,70-80%,>50%,MA,Purchase,Primary,SFR,Servicer_C,2022-05,360
LOAN_00001731,454528,0.051920469574549405,700-739,90-100%,43-50%,MO,Purchase,Primary,SFR,Servicer_D,2022-09,180
LOAN_00001732,1500000,0.046544160284387966,740-779,>100%,20-30%,MO,Cash-out Refinance,Primary,SFR,Servicer_C,2022-02,360
LOAN_00001733,365733,0.031126738903312856,780+,80-90%,43-50%,VA,Purchase,Primary,Condo,Servicer_C,2022-08,360
LOAN_00001734,205335,0.05940911015041378,620-659,60-70%,36-43%,CA,Purchase,Primary,SFR,Servicer_D,2022-08,180
LOAN_00001735,155087,0.05594791561130082,660-699,<60%,36-43%,MA,Refinance,Primary,2-4 Unit,Servicer_C,2022-05,240
LOAN_00001736,252047,0.04879135050779952,700-739,70-80%,<20%,PA,Cash-out Refinance,Primary,2-4 Unit,Servicer_B,2021-07,360
LOAN_00001737,185326,0.04255121073439784,740-779,60-70%,>50%,IL,Refinance,Primary,2-4 Unit,Servicer_B,2020-04,360
LOAN_00001738,374660,0.0551531497438423,660-699,80-90%,30-36%,TX,Purchase,Second Home,SFR,Servicer_C,2020-01,360
LOAN_00001739,371762,0.060765661126309226,620-659,80-90%,43-50%,NY,Purchase,Primary,Condo,Servicer_A,2020-08,360
LOAN_00001740,235252,0.05617310657589165,660-699,70-80%,20-30%,MI,Refinance,Primary,SFR,Servicer_B,2021-04,360
LOAN_00001741,800088,0.07465678624590583,<620,>100%,20-30%,PA,Cash-out Refinance,Primary,SFR,Servicer_A,2022-03,360
LOAN_00001742,205310,0.06345729403126034,<620,60-70%,>50%,GA,Purchase,Primary,SFR,Servicer_C,2021-05,360
LOAN_00001743,279367,0.0537126029239115,660-699,70-80%,30-36%,NJ,Cash-out Refinance,Primary,SFR,Servicer_E,2020-01,360
LOAN_00001744,408228,0.06385934507315877,<620,90-100%,<20%,NJ,Refinance,Investment,2-4 Unit,Servicer_E,2020-08,360
LOAN_00001745,463252,0.05558394734069294,660-699,90-100%,43-50%,NC,Refinance,Investment,SFR,Servicer_A,2022-12,360
LOAN_00001746,561736,0.05554231305427185,660-699,>100%,20-30%,MI,Purchase,Primary,SFR,Servicer_E,2022-12,360
LOAN_00001747,367415,0.07055636556773226,<620,80-90%,43-50%,MO,Cash-out Refinance,Primary,SFR,Servicer_A,2021-02,180
LOAN_00001748,501548,0.044223305462313775,740-779,90-100%,>50%,PA,Refinance,Primary,SFR,Servicer_E,2022-05,240
LOAN_00001749,212659,0.0552797157766595,660-699,60-70%,<20%,CA,Purchase,Primary,Condo,Servicer_B,2022-02,360
LOAN_00001750,469320,0.06927652003179526,<620,90-100%,36-43%,IN,Purchase,Primary,2-4 Unit,Servicer_A,2022-10,360
LOAN_00001751,466197,0.05870788669809869,620-659,90-100%,>50%,TX,Purchase,Investment,SFR,Servicer_D,2022-08,180
LOAN_00001752,631872,0.05057136417557466,700-739,>100%,>50%,TN,Purchase,Primary,SFR,Servicer_E,2021-11,240
LOAN_00001753,128769,0.034526082815509965,780+,<60%,30-36%,OH,Purchase,Primary,SFR,Servicer_B,2021-03,360
LOAN_00001754,188416,0.027755836693675488,780+,60-70%,36-43%,IN,Purchase,Investment,SFR,Servicer_C,2021-11,360
LOAN_00001755,447562,0.07991417427712898,<620,90-100%,36-43%,NY,Purchase,Primary,SFR,Servicer_D,2020-12,180
LOAN_00001756,78772,0.05870214185500974,620-659,<60%,20-30%,NY,Refinance,Primary,Condo,Servicer_E,2021-01,180
LOAN_00001757,379269,0.04799112233096486,700-739,80-90%,36-43%,NC,Refinance,Primary,SFR,Servicer_C,2021-10,360
LOAN_00001758,503783,0.05919348266955809,620-659,90-100%,20-30%,NC,Refinance,Primary,SFR,Servicer_D,2021-09,360
LOAN_00001759,222306,0.0436279103403598,740-779,60-70%,20-30%,MA,Purchase,Primary,SFR,Servicer_D,2021-09,360
LOAN_00001760,239164,0.05102558467124481,700-739,70-80%,30-36%,WA,Purchase,Primary,SFR,Servicer_D,2021-02,360
LOAN_00001761,173326,0.04370871528408442,740-779,60-70%,43-50%,WI,Refinance,Primary,Condo,Servicer_E,2021-03,360
LOAN_00001762,228485,0.038040716985225945,780+,70-80%,20-30%,AZ,Refinance,Primary,SFR,Servicer_E,2020-01,360
LOAN_00001763,231819,0.029740180649944933,780+,70-80%,20-30%,IL,Purchase,Second Home,2-4 Unit,Servicer_C,2021-10,360
LOAN_00001764,210781,0.035828111293253986,780+,60-70%,<20%,TX,Cash-out Refinance,Primary,SFR,Servicer_B,2021-09,360
LOAN_00001765,205081,0.06725545316724953,<620,60-70%,20-30%,PA,Refinance,Primary,2-4 Unit,Servicer_E,2022-10,360
LOAN_00001766,258977,0.04315741646547962,740-779,70-80%,>50%,WI,Cash-out Refinance,Investment,SFR,Servicer_C,2021-07,360
LOAN_00001767,257415,0.06141870534163456,620-659,70-80%,30-36%,TN,Refinance,Investment,SFR,Servicer_E,2021-05,360
LOAN_00001768,756960,0.06647976867814256,<620,>100%,20-30%,MA,Purchase,Primary,SFR,Servicer_E,2020-03,360
LOAN_00001769,243508,0.05519895622248949,660-699,70-80%,>50%,PA,Cash-out Refinance,Primary,SFR,Servicer_A,2020-08,360
LOAN_00001770,352242,0.05141719345214715,700-739,80-90%,<20%,MI,Cash-out Refinance,Investment,SFR,Servicer_A,2021-01,360
LOAN_00001771,222250,0.05659627504633197,660-699,60-70%,30-36%,MA,Cash-out Refinance,Primary,SFR,Servicer_C,2021-02,360
LOAN_00001772,220841,0.050000555601710635,700-739,60-70%,43-50%,MD,Cash-out Refinance,Primary,SFR,Servicer_A,2021-02,360
LOAN_00001773,126476,0.06944691114467956,<620,<60%,43-50%,VA,Cash-out Refinance,Primary,Condo,Servicer_D,2021-03,360
LOAN_00001774,135173,0.0775184064897339,<620,<60%,20-30%,CA,Refinance,Primary,Condo,Servicer_A,2022-04,240
LOAN_00001775,162186,0.07239774196445146,<620,<60%,36-43%,MO,Purchase,Primary,Condo,Servicer_E,2020-05,180
LOAN_00001776,325087,0.02918124118271719,780+,80-90%,36-43%,MD,Refinance,Primary,Condo,Servicer_C,2020-12,360
LOAN_00001777,507923,0.049755678893678636,700-739,90-100%,36-43%,CA,Refinance,Primary,Manufactured,Servicer_D,2020-06,360
LOAN_00001778,121378,0.055049909665373875,660-699,<60%,20-30%,GA,Refinance,Primary,SFR,Servicer_C,2020-12,360
LOAN_00001779,225361,0.06055669552507052,620-659,60-70%,43-50%,WI,Purchase,Primary,Manufactured,Servicer_D,2022-01,360
LOAN_00001780,149724,0.03427222554757542,780+,<60%,36-43%,WI,Refinance,Primary,SFR,Servicer_D,2020-02,180
LOAN_00001781,259850,0.03407867607557241,780+,70-80%,36-43%,WI,Cash-out Refinance,Primary,SFR,Servicer_B,2021-01,360
LOAN_00001782,507821,0.07068147699550471,<620,90-100%,>50%,WI,Purchase,Primary,SFR,Servicer_E,2020-01,360
LOAN_00001783,237176,0.04829056817668265,700-739,70-80%,43-50%,CA,Purchase,Primary,SFR,Servicer_E,2022-11,180
LOAN_00001784,289595,0.037151123938561216,780+,70-80%,43-50%,NY,Refinance,Primary,SFR,Servicer_B,2022-03,360
LOAN_00001785,613916,0.04175631030732447,740-779,>100%,20-30%,MI,Purchase,Primary,SFR,Servicer_A,2020-09,240
LOAN_00001786,372857,0.05968569571974658,620-659,80-90%,<20%,WA,Purchase,Primary,Condo,Servicer_C,2020-08,360
LOAN_00001787,202795,0.04512942776243804,740-779,60-70%,36-43%,NC,Refinance,Second Home,2-4 Unit,Servicer_D,2020-04,240
LOAN_00001788,321083,0.0578995077062086,620-659,80-90%,<20%,PA,Cash-out Refinance,Primary,SFR,Servicer_D,2021-06,360
LOAN_00001789,196069,0.04325527164704195,740-779,60-70%,36-43%,PA,Purchase,Second Home,SFR,Servicer_B,2022-04,360
LOAN_00001790,365945,0.03406959847139175,780+,80-90%,36-43%,WA,Purchase,Second Home,SFR,Servicer_C,2021-10,180
LOAN_00001791,383720,0.07209256195865589,<620,90-100%,36-43%,WI,Purchase,Investment,SFR,Servicer_D,2022-08,180
LOAN_00001792,149704,0.05977827893546771,620-659,<60%,20-30%,IN,Refinance,Second Home,SFR,Servicer_C,2021-01,180
LOAN_00001793,323700,0.050994989665142605,700-739,80-90%,43-50%,NY,Purchase,Primary,SFR,Servicer_D,2020-11,360
LOAN_00001794,279627,0.04874365933982069,700-739,70-80%,36-43%,FL,Purchase,Primary,Condo,Servicer_D,2021-06,360
LOAN_00001795,389390,0.07257880442890283,<620,90-100%,30-36%,PA,Refinance,Primary,SFR,Servicer_A,2020-08,360
LOAN_00001796,449402,0.062098360546344704,620-659,90-100%,36-43%,MA,Cash-out Refinance,Primary,SFR,Servicer_B,2022-12,360
LOAN_00001797,376519,0.06876175637962911,<620,80-90%,<20%,CA,Purchase,Primary,SFR,Servicer_D,2020-07,360
LOAN_00001798,254843,0.0479956878701296,700-739,70-80%,36-43%,MA,Refinance,Investment,SFR,Servicer_D,2021-06,360
LOAN_00001799,472912,0.05560799848215494,660-699,90-100%,<20%,VA,Refinance,Primary,SFR,Servicer_E,2021-07,360
LOAN_00001800,191658,0.059826386991958386,620-659,60-70%,36-43%,AZ,Purchase,Primary,SFR,Servicer_B,2020-03,360
LOAN_00001801,153236,0.048399170688233906,700-739,<60%,20-30%,MO,Cash-out Refinance,Investment,2-4 Unit,Servicer_A,2021-05,360
LOAN_00001802,60015,0.05385361469195632,660-699,<60%,20-30%,VA,Purchase,Primary,SFR,Servicer_B,2021-05,360
LOAN_00001803,286338,0.047996675921401,700-739,70-80%,20-30%,WA,Purchase,Primary,SFR,Servicer_C,2020-10,360
LOAN_00001804,196659,0.05978871037002661,620-659,60-70%,<20%,MI,Purchase,Primary,SFR,Servicer_A,2020-05,180
LOAN_00001805,361810,0.03914327003379303,780+,80-90%,43-50%,AZ,Purchase,Primary,Manufactured,Servicer_A,2020-02,180
LOAN_00001806,110678,0.061863640230964696,620-659,<60%,43-50%,GA,Refinance,Primary,SFR,Servicer_A,2020-01,360
LOAN_00001807,214574,0.05872855842091493,620-659,60-70%,<20%,TX,Refinance,Primary,Condo,Servicer_A,2021-06,360
LOAN_00001808,375170,0.05256029765791213,660-699,80-90%,<20%,CA,Refinance,Primary,2-4 Unit,Servicer_B,2020-04,360
LOAN_00001809,177208,0.060394205747825,620-659,60-70%,43-50%,MA,Refinance,Primary,Manufactured,Servicer_E,2022-11,360
LOAN_00001810,363897,0.05062071443520427,700-739,80-90%,<20%,WA,Purchase,Primary,2-4 Unit,Servicer_B,2020-09,360
LOAN_00001811,224468,0.04695843110407256,740-779,60-70%,30-36%,NC,Cash-out Refinance,Primary,SFR,Servicer_B,2021-12,360
LOAN_00001812,291733,0.061524713857464136,620-659,80-90%,<20%,MA,Cash-out Refinance,Primary,SFR,Servicer_C,2022-01,360
LOAN_00001813,399344,0.062044168061852464,620-659,90-100%,36-43%,MI,Purchase,Primary,Manufactured,Servicer_D,2021-06,360
LOAN_00001814,477537,0.04891275713429159,700-739,90-100%,>50%,PA,Refinance,Primary,SFR,Servicer_B,2022-08,180
LOAN_00001815,310595,0.047883372493083304,700-739,80-90%,20-30%,VA,Cash-out Refinance,Primary,Condo,Servicer_A,2020-04,360
LOAN_00001816,197401,0.05280431819487452,660-699,60-70%,>50%,GA,Purchase,Primary,2-4 Unit,Servicer_B,2020-09,360
LOAN_00001817,235856,0.04837593216623179,700-739,70-80%,43-50%,WI,Purchase,Primary,SFR,Servicer_A,2020-10,360
LOAN_00001818,407777,0.07330142931858723,<620,90-100%,>50%,MA,Purchase,Primary,SFR,Servicer_A,2020-05,360
LOAN_00001819,177970,0.05879770857033048,620-659,60-70%,43-50%,MA,Cash-out Refinance,Second Home,SFR,Servicer_D,2020-11,360
LOAN_00001820,271296,0.05517520280256658,660-699,70-80%,43-50%,AZ,Refinance,Investment,SFR,Servicer_A,2020-12,360
LOAN_00001821,244521,0.043807300315731657,740-779,70-80%,36-43%,AZ,Refinance,Primary,SFR,Servicer_B,2022-04,360
LOAN_00001822,281621,0.06386787336443969,<620,70-80%,43-50%,TN,Cash-out Refinance,Primary,SFR,Servicer_B,2020-11,360
LOAN_00001823,179038,0.04766074120066702,700-739,60-70%,<20%,NC,Purchase,Primary,Manufactured,Servicer_E,2022-08,180
LOAN_00001824,117480,0.04716703226702752,700-739,<60%,36-43%,IN,Cash-out Refinance,Primary,2-4 Unit,Servicer_A,2022-04,240
LOAN_00001825,384758,0.06427137595691904,<620,90-100%,36-43%,CA,Refinance,Primary,SFR,Servicer_A,2022-09,360
LOAN_00001826,480251,0.05964787265190277,620-659,90-100%,<20%,AZ,Refinance,Primary,Condo,Servicer_C,2020-04,180
LOAN_00001827,121044,0.02495862869037331,780+,<60%,20-30%,NJ,Purchase,Second Home,SFR,Servicer_D,2022-12,360
LOAN_00001828,356633,0.05310675083482829,660-699,80-90%,20-30%,CA,Purchase,Primary,SFR,Servicer_C,2021-11,360
LOAN_00001829,509707,0.05650623544657144,660-699,90-100%,30-36%,AZ,Purchase,Second Home,2-4 Unit,Servicer_D,2022-12,360
LOAN_00001830,399494,0.050924846130626075,700-739,90-100%,20-30%,CA,Purchase,Primary,Manufactured,Servicer_E,2021-01,180
LOAN_00001831,240786,0.05692436398827766,620-659,70-80%,20-30%,MA,Purchase,Investment,SFR,Servicer_D,2022-11,360
LOAN_00001832,185026,0.03328374396509187,780+,60-70%,20-30%,NJ,Purchase,Primary,SFR,Servicer_C,2021-10,180
LOAN_00001833,308812,0.021027752807911297,780+,80-90%,36-43%,WA,Refinance,Primary,SFR,Servicer_D,2020-03,360
LOAN_00001834,335672,0.04329438113955675,740-779,80-90%,<20%,WA,Cash-out Refinance,Primary,Condo,Servicer_B,2021-03,360
LOAN_00001835,311110,0.0583869654612058,620-659,80-90%,20-30%,OH,Purchase,Primary,SFR,Servicer_B,2020-05,180
LOAN_00001836,271015,0.02,780+,70-80%,20-30%,WA,Purchase,Primary,SFR,Servicer_B,2022-10,180
LOAN_00001837,172590,0.04487744719312591,740-779,60-70%,30-36%,IL,Refinance,Primary,Condo,Servicer_D,2020-11,180
LOAN_00001838,366349,0.031926868369607356,780+,80-90%,<20%,TN,Refinance,Investment,SFR,Servicer_E,2020-09,360
LOAN_00001839,375279,0.05208850992962383,700-739,80-90%,>50%,TX,Refinance,Primary,SFR,Servicer_C,2021-08,360
LOAN_00001840,327882,0.0784947910954702,<620,80-90%,20-30%,FL,Cash-out Refinance,Investment,SFR,Servicer_D,2021-04,180
LOAN_00001841,313481,0.05239388806403078,660-699,80-90%,20-30%,MA,Purchase,Primary,SFR,Servicer_D,2020-04,180
LOAN_00001842,686680,0.053709965856029586,660-699,>100%,36-43%,TX,Purchase,Primary,SFR,Servicer_B,2022-06,360
LOAN_00001843,217034,0.06507077128945879,<620,60-70%,43-50%,WI,Cash-out Refinance,Primary,SFR,Servicer_A,2022-07,240
LOAN_00001844,562821,0.055255678693726884,660-699,>100%,30-36%,CA,Refinance,Primary,SFR,Servicer_D,2022-03,360
LOAN_00001845,205456,0.05242009875772793,660-699,60-70%,20-30%,NJ,Refinance,Primary,SFR,Servicer_A,2021-11,360
LOAN_00001846,516316,0.06611975108974005,<620,90-100%,36-43%,WI,Cash-out Refinance,Primary,SFR,Servicer_A,2021-03,360
LOAN_00001847,549455,0.06066264580614167,620-659,90-100%,30-36%,AZ,Purchase,Primary,SFR,Servicer_B,2021-08,360
LOAN_00001848,256138,0.05846350913879743,620-659,70-80%,30-36%,WA,Purchase,Primary,Condo,Servicer_D,2021-07,360
LOAN_00001849,680430,0.053334638169190415,660-699,>100%,>50%,AZ,Purchase,Primary,Condo,Servicer_B,2020-06,360
LOAN_00001850,374938,0.050847223543275234,700-739,80-90%,>50%,MA,Cash-out Refinance,Primary,SFR,Servicer_A,2020-03,240
LOAN_00001851,191255,0.06600605062277995,<620,60-70%,36-43%,NY,Cash-out Refinance,Primary,SFR,Servicer_A,2020-10,180
LOAN_00001852,245959,0.05096244856144992,700-739,70-80%,<20%,OH,Purchase,Primary,SFR,Servicer_B,2021-05,360
LOAN_00001853,522500,0.06977503455227216,<620,90-100%,36-43%,NY,Purchase,Primary,SFR,Servicer_A,2020-06,180
LOAN_00001854,470491,0.04243424360452861,740-779,90-100%,>50%,IL,Refinance,Primary,SFR,Servicer_B,2020-04,360
LOAN_00001855,174726,0.07220540745406934,<620,60-70%,>50%,IL,Purchase,Primary,SFR,Servicer_A,2022-07,360
LOAN_00001856,276612,0.06066448099706102,620-659,70-80%,20-30%,WA,Cash-out Refinance,Primary,Condo,Servicer_E,2021-02,360
LOAN_00001857,328325,0.04337758092337593,740-779,80-90%,20-30%,MD,Purchase,Primary,SFR,Servicer_A,2021-10,360
LOAN_00001858,230083,0.061107743614627674,620-659,70-80%,20-30%,VA,Cash-out Refinance,Primary,Manufactured,Servicer_A,2021-07,360
LOAN_00001859,964051,0.04719636522019264,700-739,>100%,43-50%,CA,Refinance,Investment,SFR,Servicer_A,2022-03,360
LOAN_00001860,333311,0.055401136652169704,660-699,80-90%,30-36%,AZ,Purchase,Primary,SFR,Servicer_B,2022-03,240
LOAN_00001861,287533,0.04916047435425699,700-739,70-80%,20-30%,NJ,Refinance,Primary,SFR,Servicer_E,2020-11,360
LOAN_00001862,537898,0.05340505403040306,660-699,90-100%,20-30%,TN,Refinance,Primary,Condo,Servicer_C,2022-07,360
LOAN_00001863,247061,0.0662971695257184,<620,70-80%,20-30%,GA,Purchase,Second Home,SFR,Servicer_E,2021-02,360
LOAN_00001864,490761,0.06122213982576024,620-659,90-100%,43-50%,NC,Purchase,Primary,SFR,Servicer_D,2022-07,360
LOAN_00001865,128815,0.041495615298771056,740-779,<60%,30-36%,AZ,Cash-out Refinance,Investment,SFR,Servicer_C,2021-03,180
LOAN_00001866,236374,0.042182842700098734,740-779,70-80%,20-30%,MA,Refinance,Second Home,SFR,Servicer_E,2020-04,360
LOAN_00001867,501087,0.058249307323184,620-659,90-100%,36-43%,IL,Refinance,Primary,Condo,Servicer_A,2022-04,360
LOAN_00001868,650241,0.05911824552274932,620-659,>100%,36-43%,VA,Purchase,Primary,Condo,Servicer_A,2020-02,180
LOAN_00001869,201461,0.04690666024735483,740-779,60-70%,36-43%,WI,Refinance,Primary,SFR,Servicer_B,2022-04,360
LOAN_00001870,190058,0.07409578579578445,<620,60-70%,43-50%,TX,Refinance,Second Home,SFR,Servicer_E,2020-02,360
LOAN_00001871,393849,0.06476193924723515,<620,90-100%,<20%,OH,Purchase,Investment,Condo,Servicer_E,2020-08,180
LOAN_00001872,217180,0.04749308361538247,700-739,60-70%,<20%,NJ,Purchase,Second Home,Condo,Servicer_C,2021-10,360
LOAN_00001873,259292,0.046332936210208085,740-779,70-80%,<20%,MD,Purchase,Investment,2-4 Unit,Servicer_E,2022-10,240
LOAN_00001874,459641,0.052266241435441035,660-699,90-100%,36-43%,WI,Refinance,Primary,SFR,Servicer_D,2021-03,360
LOAN_00001875,225922,0.051017747067110084,700-739,60-70%,>50%,VA,Purchase,Primary,2-4 Unit,Servicer_B,2020-05,240
LOAN_00001876,111000,0.07007388992478132,<620,<60%,20-30%,NJ,Cash-out Refinance,Primary,2-4 Unit,Servicer_A,2020-09,360
LOAN_00001877,154733,0.06681427567593864,<620,<60%,43-50%,NC,Purchase,Primary,SFR,Servicer_A,2022-09,240
LOAN_00001878,298038,0.05542083416201669,660-699,80-90%,36-43%,NC,Cash-out Refinance,Primary,Condo,Servicer_E,2022-03,360
LOAN_00001879,116808,0.06313486673067058,620-659,<60%,>50%,MA,Purchase,Primary,SFR,Servicer_B,2020-04,180
LOAN_00001880,255612,0.06487570271613459,<620,70-80%,30-36%,NJ,Refinance,Primary,SFR,Servicer_C,2021-02,360
LOAN_00001881,147849,0.05569912873919841,660-699,<60%,20-30%,VA,Refinance,Primary,SFR,Servicer_B,2020-10,360
LOAN_00001882,673315,0.05983142415242908,620-659,>100%,43-50%,IN,Refinance,Primary,SFR,Servicer_A,2020-07,240
LOAN_00001883,875518,0.062130250649107384,620-659,>100%,43-50%,FL,Cash-out Refinance,Primary,SFR,Servicer_A,2022-07,360
LOAN_00001884,174713,0.06085126868378661,620-659,60-70%,36-43%,WI,Purchase,Primary,SFR,Servicer_D,2021-11,360
LOAN_00001885,337182,0.045654354058290506,740-779,80-90%,43-50%,MA,Purchase,Primary,Manufactured,Servicer_D,2020-07,360
LOAN_00001886,183468,0.04686748291184725,740-779,60-70%,30-36%,VA,Purchase,Primary,SFR,Servicer_B,2021-12,360
LOAN_00001887,254064,0.051536864059767394,700-739,70-80%,36-43%,VA,Refinance,Primary,SFR,Servicer_A,2021-03,240
LOAN_00001888,730682,0.04652002865143733,740-779,>100%,20-30%,VA,Cash-out Refinance,Primary,SFR,Servicer_C,2020-03,360
LOAN_00001889,234839,0.03732279312837217,780+,70-80%,30-36%,VA,Purchase,Primary,SFR,Servicer_A,2021-05,360
LOAN_00001890,257038,0.06311142353138849,620-659,70-80%,20-30%,GA,Refinance,Primary,2-4 Unit,Servicer_B,2020-07,240
LOAN_00001891,185115,0.05915689752242802,620-659,60-70%,20-30%,MA,Purchase,Primary,SFR,Servicer_D,2020-09,360
LOAN_00001892,526020,0.03892760108448945,780+,90-100%,<20%,PA,Cash-out Refinance,Primary,SFR,Servicer_A,2022-08,360
LOAN_00001893,58009,0.05210899945926956,660-699,<60%,36-43%,AZ,Purchase,Primary,SFR,Servicer_D,2022-02,360
LOAN_00001894,237661,0.052788570192968474,660-699,70-80%,43-50%,NJ,Cash-out Refinance,Second Home,Manufactured,Servicer_E,2020-05,360
LOAN_00001895,289832,0.05718333314211927,620-659,70-80%,20-30%,GA,Refinance,Primary,SFR,Servicer_A,2022-07,360
LOAN_00001896,213088,0.04201693061622809,740-779,60-70%,30-36%,IN,Cash-out Refinance,Primary,2-4 Unit,Servicer_D,2021-09,240
LOAN_00001897,456695,0.038752069168067046,780+,90-100%,<20%,OH,Refinance,Second Home,SFR,Servicer_D,2022-08,360
LOAN_00001898,540912,0.06123669395240692,620-659,90-100%,30-36%,AZ,Purchase,Primary,2-4 Unit,Servicer_C,2022-03,240
LOAN_00001899,146382,0.036592455852776526,780+,<60%,20-30%,PA,Cash-out Refinance,Primary,SFR,Servicer_B,2021-01,360
LOAN_00001900,844705,0.05220803808334404,660-699,>100%,36-43%,IL,Purchase,Primary,2-4 Unit,Servicer_E,2021-08,360
LOAN_00001901,145563,0.05108707377090128,700-739,<60%,>50%,VA,Purchase,Primary,SFR,Servicer_B,2021-08,360
LOAN_00001902,564849,0.053520588181278576,660-699,>100%,30-36%,WI,Purchase,Primary,SFR,Servicer_B,2022-02,180
LOAN_00001903,319628,0.05803261145413422,620-659,80-90%,36-43%,PA,Cash-out Refinance,Primary,SFR,Servicer_A,2020-09,360
LOAN_00001904,230533,0.07418284741373687,<620,70-80%,36-43%,FL,Refinance,Primary,SFR,Servicer_E,2020-12,360
LOAN_00001905,241667,0.0358060935929092,780+,70-80%,20-30%,FL,Purchase,Primary,SFR,Servicer_B,2020-09,360
LOAN_00001906,291630,0.06551897899279299,<620,80-90%,20-30%,MI,Cash-out Refinance,Investment,SFR,Servicer_A,2020-11,360
LOAN_00001907,329130,0.024854105126423474,780+,80-90%,<20%,TN,Purchase,Primary,2-4 Unit,Servicer_A,2020-06,360
LOAN_00001908,187198,0.07172453378580781,<620,60-70%,30-36%,MA,Purchase,Second Home,SFR,Servicer_B,2020-02,360
LOAN_00001909,263822,0.03048556791355412,780+,70-80%,43-50%,IL,Purchase,Primary,SFR,Servicer_D,2022-10,240
LOAN_00001910,201725,0.0842367356564175,<620,60-70%,30-36%,IN,Purchase,Primary,Condo,Servicer_D,2020-03,360
LOAN_00001911,161534,0.05032278604627414,700-739,<60%,30-36%,NY,Refinance,Primary,Condo,Servicer_E,2022-08,180
LOAN_00001912,197075,0.07048459672927641,<620,60-70%,20-30%,VA,Purchase,Primary,SFR,Servicer_D,2020-01,360
LOAN_00001913,166877,0.06800987228093038,<620,<60%,20-30%,IN,Purchase,Primary,SFR,Servicer_A,2022-04,240
LOAN_00001914,240367,0.0497621309043471,700-739,70-80%,>50%,IN,Purchase,Primary,SFR,Servicer_E,2020-12,360
LOAN_00001915,368146,0.050683009381748786,700-739,80-90%,20-30%,MA,Cash-out Refinance,Primary,Condo,Servicer_B,2021-07,360
LOAN_00001916,315008,0.04495409244241269,740-779,80-90%,36-43%,OH,Refinance,Primary,SFR,Servicer_E,2020-11,360
LOAN_00001917,795855,0.06444844199733146,<620,>100%,<20%,TN,Purchase,Primary,SFR,Servicer_B,2021-06,180
LOAN_00001918,98201,0.04991838274937838,700-739,<60%,<20%,GA,Refinance,Primary,Condo,Servicer_A,2021-05,180
LOAN_00001919,374995,0.045172197663391186,740-779,80-90%,20-30%,GA,Purchase,Primary,SFR,Servicer_B,2021-08,360
LOAN_00001920,297512,0.06144731214347383,620-659,80-90%,>50%,NJ,Cash-out Refinance,Primary,2-4 Unit,Servicer_C,2021-03,360
LOAN_00001921,445893,0.044233882703131014,740-779,90-100%,20-30%,WA,Purchase,Primary,Condo,Servicer_E,2021-08,240
LOAN_00001922,424315,0.051052212498975964,700-739,90-100%,36-43%,IL,Purchase,Primary,2-4 Unit,Servicer_C,2022-06,360
LOAN_00001923,273075,0.05628527037846632,660-699,70-80%,20-30%,MD,Purchase,Primary,SFR,Servicer_A,2021-04,240
LOAN_00001924,323296,0.047290846128864784,700-739,80-90%,36-43%,MO,Purchase,Investment,SFR,Servicer_A,2021-02,360
LOAN_00001925,204426,0.04910141582896078,700-739,60-70%,36-43%,PA,Purchase,Primary,SFR,Servicer_D,2020-05,360
LOAN_00001926,403059,0.07341979841367349,<620,90-100%,36-43%,IL,Refinance,Primary,SFR,Servicer_A,2021-01,240
LOAN_00001927,115909,0.05254917759657824,660-699,<60%,20-30%,TX,Purchase,Investment,SFR,Servicer_C,2020-05,180
LOAN_00001928,437316,0.05068447648259665,700-739,90-100%,20-30%,NC,Purchase,Primary,SFR,Servicer_E,2020-07,240
LOAN_00001929,293142,0.05289849834317534,660-699,80-90%,43-50%,NY,Refinance,Primary,SFR,Servicer_E,2022-11,180
LOAN_00001930,232458,0.06045345986198881,620-659,70-80%,36-43%,MD,Refinance,Primary,SFR,Servicer_D,2020-04,360
LOAN_00001931,264007,0.042593635807913637,740-779,70-80%,20-30%,MO,Cash-out Refinance,Primary,SFR,Servicer_B,2021-06,360
LOAN_00001932,273868,0.060126584805500635,620-659,70-80%,30-36%,IN,Purchase,Primary,SFR,Servicer_C,2022-07,360
LOAN_00001933,567304,0.05806984228071089,620-659,>100%,<20%,PA,Cash-out Refinance,Investment,SFR,Servicer_A,2022-11,360
LOAN_00001934,1493670,0.03353613539111059,780+,>100%,30-36%,AZ,Refinance,Primary,SFR,Servicer_D,2020-06,360
LOAN_00001935,545760,0.07653106724090514,<620,90-100%,30-36%,MI,Refinance,Primary,SFR,Servicer_A,2020-06,360
LOAN_00001936,223538,0.07252976272915848,<620,60-70%,<20%,PA,Purchase,Primary,Condo,Servicer_A,2021-02,360
LOAN_00001937,406317,0.04539324480706195,740-779,90-100%,30-36%,NJ,Purchase,Primary,Condo,Servicer_D,2021-08,240
LOAN_00001938,415261,0.0415308815476326,740-779,90-100%,36-43%,NY,Purchase,Second Home,2-4 Unit,Servicer_C,2022-11,360
LOAN_00001939,186730,0.05773661796430291,620-659,60-70%,>50%,WI,Refinance,Investment,Manufactured,Servicer_C,2020-08,360
LOAN_00001940,157881,0.03788964054602455,780+,<60%,36-43%,NY,Refinance,Second Home,SFR,Servicer_C,2020-06,180
LOAN_00001941,287322,0.07137139544442707,<620,70-80%,30-36%,OH,Purchase,Primary,SFR,Servicer_C,2020-10,360
LOAN_00001942,444121,0.04937855517097129,700-739,90-100%,43-50%,IL,Purchase,Second Home,Condo,Servicer_C,2022-08,360
LOAN_00001943,132467,0.0744616831397058,<620,<60%,20-30%,NJ,Cash-out Refinance,Primary,Condo,Servicer_A,2020-02,360
LOAN_00001944,206809,0.0451071595553648,740-779,60-70%,36-43%,AZ,Purchase,Primary,SFR,Servicer_C,2021-02,180
LOAN_00001945,394875,0.05365357497319936,660-699,90-100%,<20%,WI,Refinance,Primary,Manufactured,Servicer_A,2020-05,360
LOAN_00001946,302810,0.07020655127892839,<620,80-90%,<20%,GA,Cash-out Refinance,Primary,2-4 Unit,Servicer_A,2020-06,360
LOAN_00001947,602074,0.05112112624433404,700-739,>100%,36-43%,IL,Purchase,Primary,2-4 Unit,Servicer_C,2022-10,360
LOAN_00001948,146431,0.05826510091810889,620-659,<60%,20-30%,CA,Refinance,Primary,SFR,Servicer_D,2020-01,360
LOAN_00001949,961339,0.06811190506765616,<620,>100%,36-43%,VA,Refinance,Second Home,SFR,Servicer_A,2020-12,180
LOAN_00001950,137448,0.048327430589990006,700-739,<60%,36-43%,WI,Purchase,Primary,SFR,Servicer_B,2022-09,360
LOAN_00001951,107518,0.03985913091342771,740-779,<60%,<20%,TX,Purchase,Primary,SFR,Servicer_E,2021-10,360
LOAN_00001952,287950,0.03749547284430906,780+,70-80%,30-36%,WI,Cash-out Refinance,Primary,SFR,Servicer_D,2020-03,360
LOAN_00001953,168176,0.062001192993254496,620-659,<60%,36-43%,PA,Purchase,Primary,SFR,Servicer_E,2021-05,360
LOAN_00001954,290867,0.05966534064397142,620-659,80-90%,36-43%,MD,Purchase,Primary,2-4 Unit,Servicer_D,2022-11,360
LOAN_00001955,285825,0.06773995807697308,<620,70-80%,43-50%,TX,Purchase,Primary,SFR,Servicer_A,2021-03,360
LOAN_00001956,268904,0.051711463372208916,700-739,70-80%,20-30%,MO,Refinance,Primary,SFR,Servicer_B,2021-08,180
LOAN_00001957,194618,0.03783115290879349,780+,60-70%,43-50%,OH,Purchase,Primary,SFR,Servicer_C,2021-08,360
LOAN_00001958,368180,0.026766972324621083,780+,80-90%,30-36%,PA,Purchase,Investment,2-4 Unit,Servicer_D,2021-12,180
LOAN_00001959,253047,0.08941555041222041,<620,70-80%,<20%,IL,Purchase,Second Home,2-4 Unit,Servicer_A,2020-07,360
LOAN_00001960,514953,0.061323076222450035,620-659,90-100%,36-43%,FL,Purchase,Primary,SFR,Servicer_E,2022-07,360
LOAN_00001961,270983,0.05664150107298753,620-659,70-80%,20-30%,TN,Refinance,Primary,SFR,Servicer_E,2022-12,360
LOAN_00001962,183079,0.0583436771237658,620-659,60-70%,<20%,TX,Cash-out Refinance,Primary,SFR,Servicer_A,2020-06,360
LOAN_00001963,127534,0.03782393262121077,780+,<60%,20-30%,MI,Purchase,Primary,SFR,Servicer_C,2022-06,360
LOAN_00001964,272105,0.04546153610844344,740-779,70-80%,43-50%,MD,Refinance,Primary,Condo,Servicer_A,2022-06,240
LOAN_00001965,157219,0.0759199615358949,<620,<60%,>50%,NC,Refinance,Primary,Manufactured,Servicer_B,2022-03,240
LOAN_00001966,150997,0.06290016743022663,620-659,<60%,>50%,IN,Refinance,Primary,SFR,Servicer_E,2021-02,240
LOAN_00001967,386052,0.04583682810846477,740-779,90-100%,20-30%,AZ,Refinance,Primary,SFR,Servicer_D,2021-05,360
LOAN_00001968,121925,0.04027821606300113,740-779,<60%,30-36%,TN,Purchase,Second Home,SFR,Servicer_B,2022-07,360
LOAN_00001969,600847,0.048811670692665204,700-739,>100%,43-50%,MD,Refinance,Primary,SFR,Servicer_A,2020-06,240
LOAN_00001970,321212,0.05121483223332546,700-739,80-90%,20-30%,TX,Refinance,Primary,SFR,Servicer_E,2022-06,360
LOAN_00001971,290128,0.07958975243016045,<620,70-80%,30-36%,OH,Refinance,Investment,SFR,Servicer_B,2022-10,360
LOAN_00001972,176772,0.05274079148840854,660-699,60-70%,20-30%,OH,Purchase,Primary,2-4 Unit,Servicer_D,2022-01,360
LOAN_00001973,434602,0.04072537859040385,740-779,90-100%,36-43%,TX,Purchase,Primary,SFR,Servicer_B,2021-01,180
LOAN_00001974,296128,0.05429677163667899,660-699,80-90%,36-43%,FL,Purchase,Primary,SFR,Servicer_D,2021-09,360
LOAN_00001975,210439,0.058172061620536016,620-659,60-70%,20-30%,FL,Purchase,Primary,SFR,Servicer_B,2020-02,360
LOAN_00001976,327719,0.039633441068951544,780+,80-90%,<20%,MD,Purchase,Primary,Condo,Servicer_D,2022-10,360
LOAN_00001977,127849,0.05982598641343137,620-659,<60%,36-43%,MO,Purchase,Primary,Condo,Servicer_A,2021-01,240
LOAN_00001978,130919,0.06950699142725884,<620,<60%,36-43%,VA,Purchase,Primary,2-4 Unit,Servicer_D,2020-03,360
LOAN_00001979,169381,0.05666405539900916,620-659,<60%,20-30%,IN,Purchase,Primary,SFR,Servicer_E,2022-05,360
LOAN_00001980,353190,0.04543521817780384,740-779,80-90%,20-30%,OH,Cash-out Refinance,Primary,SFR,Servicer_C,2021-12,360
LOAN_00001981,296075,0.0486535547491582,700-739,80-90%,>50%,MI,Refinance,Primary,Condo,Servicer_C,2021-11,360
LOAN_00001982,501064,0.035093968280057654,780+,90-100%,36-43%,MO,Purchase,Primary,Manufactured,Servicer_D,2020-02,360
LOAN_00001983,187213,0.053393977190769576,660-699,60-70%,36-43%,FL,Refinance,Primary,SFR,Servicer_E,2022-04,240
LOAN_00001984,395273,0.05872935948195896,620-659,90-100%,36-43%,FL,Purchase,Primary,SFR,Servicer_E,2021-11,360
LOAN_00001985,280145,0.044240408981614264,740-779,70-80%,>50%,NJ,Purchase,Investment,SFR,Servicer_A,2022-05,360
LOAN_00001986,185067,0.07827640181233153,<620,60-70%,20-30%,PA,Refinance,Primary,SFR,Servicer_B,2022-06,360
LOAN_00001987,359566,0.06450735394541378,<620,80-90%,20-30%,AZ,Purchase,Primary,SFR,Servicer_E,2020-08,180
LOAN_00001988,286930,0.03348667193261869,780+,70-80%,30-36%,WA,Refinance,Primary,SFR,Servicer_E,2020-08,360
LOAN_00001989,216520,0.033732849297909304,780+,60-70%,43-50%,OH,Purchase,Primary,SFR,Servicer_D,2022-10,360
LOAN_00001990,302852,0.043191714367554174,740-779,80-90%,<20%,FL,Purchase,Primary,SFR,Servicer_A,2021-08,360
LOAN_00001991,277960,0.07387822488111127,<620,70-80%,20-30%,TX,Purchase,Primary,SFR,Servicer_D,2021-04,360
LOAN_00001992,274623,0.06569106052662835,<620,70-80%,20-30%,NC,Purchase,Primary,SFR,Servicer_E,2020-11,360
LOAN_00001993,241277,0.07448454634669945,<620,70-80%,36-43%,OH,Refinance,Investment,SFR,Servicer_E,2021-12,180
LOAN_00001994,154434,0.05512251143875306,660-699,<60%,36-43%,CA,Purchase,Primary,SFR,Servicer_D,2022-04,360
LOAN_00001995,307854,0.052486128064452665,660-699,80-90%,30-36%,AZ,Purchase,Primary,SFR,Servicer_C,2020-01,360
LOAN_00001996,198519,0.040029886167272516,740-779,60-70%,20-30%,WI,Purchase,Primary,SFR,Servicer_E,2021-08,360
LOAN_00001997,178052,0.05919620709900155,620-659,60-70%,43-50%,WI,Refinance,Primary,SFR,Servicer_D,2022-12,360
LOAN_00001998,262931,0.05264598199699575,660-699,70-80%,<20%,FL,Refinance,Primary,SFR,Servicer_C,2020-11,360
LOAN_00001999,428057,0.05218393371421766,660-699,90-100%,36-43%,NY,Cash-out Refinance,Primary,SFR,Servicer_E,2020-11,360
LOAN_00002000,325398,0.07441661009263406,<620,80-90%,20-30%,NC,Refinance,Primary,SFR,Servicer_A,2022-08,180
LOAN_00002001,227391,0.05348385276562528,660-699,70-80%,>50%,MD,Cash-out Refinance,Primary,Condo,Servicer_A,2020-03,360
LOAN_00002002,222866,0.07097177732857221,<620,60-70%,30-36%,VA,Purchase,Primary,Condo,Servicer_E,2021-03,360
LOAN_00002003,407544,0.035943104066288645,780+,90-100%,36-43%,MI,Refinance,Primary,SFR,Servicer_A,2021-05,360
LOAN_00002004,89467,0.08725734679435507,<620,<60%,<20%,MD,Purchase,Primary,SFR,Servicer_E,2022-05,180
LOAN_00002005,441830,0.05052075445893557,700-739,90-100%,20-30%,AZ,Purchase,Primary,SFR,Servicer_E,2020-05,360
LOAN_00002006,116191,0.06348620827928832,<620,<60%,36-43%,WI,Refinance,Primary,2-4 Unit,Servicer_B,2021-04,360
LOAN_00002007,146136,0.06539527494335814,<620,<60%,36-43%,MO,Cash-out Refinance,Second Home,SFR,Servicer_E,2020-06,240
LOAN_00002008,229318,0.04903171923549477,700-739,70-80%,43-50%,WI,Refinance,Primary,SFR,Servicer_C,2022-05,360
LOAN_00002009,877701,0.06482836108070865,<620,>100%,36-43%,VA,Purchase,Primary,SFR,Servicer_C,2021-11,360
LOAN_00002010,686052,0.06545203811897486,<620,>100%,36-43%,GA,Refinance,Primary,SFR,Servicer_E,2021-06,360
LOAN_00002011,422203,0.046442265987450784,740-779,90-100%,43-50%,TX,Purchase,Primary,SFR,Servicer_D,2021-03,360
LOAN_00002012,354431,0.04658439730981728,740-779,80-90%,30-36%,MA,Refinance,Primary,SFR,Servicer_E,2020-06,360
LOAN_00002013,116875,0.05554368188181691,660-699,<60%,43-50%,PA,Purchase,Primary,SFR,Servicer_E,2022-10,180
LOAN_00002014,320737,0.053614072627775976,660-699,80-90%,30-36%,CA,Purchase,Primary,SFR,Servicer_D,2021-12,180
LOAN_00002015,225345,0.07171756115019443,<620,60-70%,20-30%,IN,Purchase,Primary,SFR,Servicer_C,2020-12,360
LOAN_00002016,197139,0.06343201821934094,<620,60-70%,43-50%,NC,Cash-out Refinance,Primary,2-4 Unit,Servicer_A,2021-03,360
LOAN_00002017,320424,0.054154917166442905,660-699,80-90%,<20%,VA,Purchase,Primary,SFR,Servicer_A,2022-03,360
LOAN_00002018,234320,0.06227293550449208,620-659,70-80%,20-30%,TN,Purchase,Investment,SFR,Servicer_B,2022-02,360
LOAN_00002019,458011,0.030440163066439704,780+,90-100%,<20%,OH,Purchase,Primary,SFR,Servicer_C,2021-05,240
LOAN_00002020,112647,0.0476162683164191,700-739,<60%,30-36%,IN,Purchase,Second Home,SFR,Servicer_A,2020-11,180
LOAN_00002021,307892,0.058453852099826654,620-659,80-90%,36-43%,VA,Purchase,Investment,Condo,Servicer_B,2021-12,360
LOAN_00002022,191080,0.06838438602270941,<620,60-70%,<20%,VA,Refinance,Primary,SFR,Servicer_D,2021-12,360
LOAN_00002023,241634,0.05739723201586952,620-659,70-80%,20-30%,PA,Purchase,Primary,SFR,Servicer_A,2021-10,360
LOAN_00002024,345349,0.07249886799973188,<620,80-90%,20-30%,TN,Purchase,Primary,Condo,Servicer_B,2020-03,360
LOAN_00002025,169625,0.06541527829630317,<620,<60%,20-30%,IL,Purchase,Primary,Condo,Servicer_E,2021-06,360
LOAN_00002026,321938,0.04914004691114387,700-739,80-90%,<20%,WA,Purchase,Second Home,Condo,Servicer_B,2021-11,360
LOAN_00002027,266686,0.053319632248554766,660-699,70-80%,20-30%,IN,Refinance,Second Home,SFR,Servicer_D,2022-11,360
LOAN_00002028,213140,0.05990106023486286,620-659,60-70%,43-50%,FL,Purchase,Primary,SFR,Servicer_D,2021-07,240
LOAN_00002029,234383,0.04961637336572364,700-739,70-80%,36-43%,NC,Refinance,Primary,Manufactured,Servicer_D,2021-01,360
LOAN_00002030,274504,0.07337548213499911,<620,70-80%,20-30%,AZ,Purchase,Primary,SFR,Servicer_D,2021-09,360
LOAN_00002031,202011,0.04169528638849253,740-779,60-70%,20-30%,PA,Purchase,Primary,2-4 Unit,Servicer_C,2020-07,360
LOAN_00002032,297612,0.05879327740509263,620-659,80-90%,<20%,CA,Purchase,Primary,SFR,Servicer_E,2020-04,360
LOAN_00002033,258050,0.06382536176326069,<620,70-80%,20-30%,NC,Refinance,Primary,Condo,Servicer_B,2022-01,360
LOAN_00002034,218460,0.05123863612646677,700-739,60-70%,30-36%,MI,Purchase,Primary,SFR,Servicer_B,2022-12,360
LOAN_00002035,656659,0.04853440800820902,700-739,>100%,>50%,MD,Refinance,Primary,2-4 Unit,Servicer_C,2022-07,180
LOAN_00002036,364988,0.05408702444260002,660-699,80-90%,36-43%,IN,Cash-out Refinance,Primary,2-4 Unit,Servicer_D,2021-10,360
LOAN_00002037,244909,0.06474398215342209,<620,70-80%,30-36%,NY,Purchase,Investment,Condo,Servicer_D,2020-02,360
LOAN_00002038,318994,0.049001824029665755,700-739,80-90%,<20%,PA,Purchase,Primary,2-4 Unit,Servicer_E,2022-12,180
LOAN_00002039,177475,0.04217294575708849,740-779,60-70%,36-43%,NY,Purchase,Primary,Condo,Servicer_C,2021-05,360
LOAN_00002040,238378,0.06880701732391631,<620,70-80%,>50%,MD,Purchase,Primary,SFR,Servicer_D,2020-11,180
LOAN_00002041,252700,0.05979155767522705,620-659,70-80%,<20%,GA,Purchase,Primary,SFR,Servicer_A,2022-09,180
LOAN_00002042,158991,0.0670942891658742,<620,<60%,43-50%,MO,Refinance,Primary,Condo,Servicer_A,2022-03,360
LOAN_00002043,359934,0.06411198077520928,<620,80-90%,20-30%,TX,Refinance,Primary,Condo,Servicer_E,2022-03,360
LOAN_00002044,230312,0.08115867169938358,<620,70-80%,36-43%,VA,Refinance,Primary,SFR,Servicer_C,2020-10,360
LOAN_00002045,248268,0.06837966442727855,<620,70-80%,20-30%,TX,Purchase,Primary,SFR,Servicer_B,2022-12,360
LOAN_00002046,223159,0.046311045257502154,740-779,60-70%,36-43%,VA,Purchase,Primary,2-4 Unit,Servicer_D,2021-05,360
LOAN_00002047,1302173,0.060643215606778995,620-659,>100%,20-30%,CA,Refinance,Primary,SFR,Servicer_B,2021-08,360
LOAN_00002048,212924,0.048310135347477454,700-739,60-70%,30-36%,NY,Purchase,Primary,Condo,Servicer_A,2022-04,360
LOAN_00002049,105415,0.049550486033946,700-739,<60%,36-43%,FL,Refinance,Primary,SFR,Servicer_C,2021-12,360
LOAN_00002050,133256,0.03804999519261641,780+,<60%,36-43%,MA,Refinance,Primary,Condo,Servicer_A,2020-07,180
LOAN_00002051,433501,0.05156664181760154,700-739,90-100%,36-43%,WA,Purchase,Primary,SFR,Servicer_E,2020-11,360
LOAN_00002052,578518,0.0615404114624164,620-659,>100%,<20%,VA,Purchase,Primary,SFR,Servicer_B,2021-02,180
LOAN_00002053,210891,0.05420773953839512,660-699,60-70%,36-43%,NY,Refinance,Primary,SFR,Servicer_B,2022-11,360
LOAN_00002054,562122,0.0418075791610157,740-779,>100%,20-30%,PA,Refinance,Second Home,SFR,Servicer_E,2022-02,360
LOAN_00002055,429679,0.03672376801038022,780+,90-100%,36-43%,GA,Purchase,Primary,Condo,Servicer_A,2021-02,360
LOAN_00002056,269752,0.08034215122576681,<620,70-80%,<20%,WI,Purchase,Second Home,SFR,Servicer_D,2022-03,360
LOAN_00002057,260348,0.058901929036498,620-659,70-80%,30-36%,MA,Purchase,Primary,SFR,Servicer_E,2022-03,360
LOAN_00002058,324627,0.04511116996480136,740-779,80-90%,30-36%,CA,Refinance,Primary,SFR,Servicer_A,2021-03,180
LOAN_00002059,459883,0.060541401516434515,620-659,90-100%,>50%,CA,Purchase,Second Home,SFR,Servicer_E,2021-03,360
LOAN_00002060,361727,0.08127023293367304,<620,80-90%,36-43%,OH,Cash-out Refinance,Primary,2-4 Unit,Servicer_D,2022-09,360
LOAN_00002061,211418,0.06244554831575074,620-659,60-70%,<20%,IL,Cash-out Refinance,Primary,Condo,Servicer_A,2021-09,240
LOAN_00002062,271820,0.021555185571657608,780+,70-80%,36-43%,NC,Cash-out Refinance,Primary,SFR,Servicer_E,2020-06,360
LOAN_00002063,798612,0.08682750025584332,<620,>100%,20-30%,WI,Purchase,Primary,SFR,Servicer_E,2022-02,360
LOAN_00002064,336248,0.03280904223651547,780+,80-90%,20-30%,NY,Purchase,Primary,Condo,Servicer_E,2021-10,240
LOAN_00002065,458017,0.05252785665547802,660-699,90-100%,30-36%,VA,Cash-out Refinance,Primary,SFR,Servicer_E,2021-07,360
LOAN_00002066,388458,0.0413991483996058,740-779,90-100%,43-50%,MI,Refinance,Investment,SFR,Servicer_D,2022-03,360
LOAN_00002067,339992,0.04611997468032144,740-779,80-90%,>50%,AZ,Purchase,Primary,2-4 Unit,Servicer_A,2022-09,180
LOAN_00002068,313122,0.05841291621979165,620-659,80-90%,>50%,NJ,Cash-out Refinance,Primary,2-4 Unit,Servicer_D,2020-12,360
LOAN_00002069,464490,0.030147717894416688,780+,90-100%,20-30%,NJ,Refinance,Primary,SFR,Servicer_D,2021-04,360
LOAN_00002070,424777,0.053917052974124934,660-699,90-100%,<20%,PA,Refinance,Primary,SFR,Servicer_D,2020-07,360
LOAN_00002071,338387,0.06876810907289634,<620,80-90%,43-50%,WI,Cash-out Refinance,Primary,SFR,Servicer_A,2021-12,360
LOAN_00002072,209634,0.04488111610494939,740-779,60-70%,20-30%,PA,Cash-out Refinance,Primary,2-4 Unit,Servicer_D,2021-03,240
LOAN_00002073,359611,0.03831657928069413,780+,80-90%,36-43%,FL,Refinance,Investment,SFR,Servicer_E,2021-01,360
LOAN_00002074,286787,0.053328338774131095,660-699,70-80%,>50%,TX,Purchase,Primary,SFR,Servicer_A,2022-02,360
LOAN_00002075,254198,0.05093990211938349,700-739,70-80%,20-30%,TX,Refinance,Primary,SFR,Servicer_A,2021-03,240
LOAN_00002076,1131877,0.04785726795598637,700-739,>100%,30-36%,GA,Refinance,Primary,SFR,Servicer_A,2021-05,360
LOAN_00002077,137375,0.040739847086588635,740-779,<60%,43-50%,IN,Refinance,Primary,SFR,Servicer_D,2021-04,180
LOAN_00002078,478904,0.06123021497423346,620-659,90-100%,36-43%,NY,Purchase,Primary,2-4 Unit,Servicer_B,2020-10,360
LOAN_00002079,192656,0.06214316213730076,620-659,60-70%,>50%,CA,Refinance,Primary,SFR,Servicer_E,2020-05,180
LOAN_00002080,316664,0.04221223918652215,740-779,80-90%,36-43%,NJ,Refinance,Primary,SFR,Servicer_E,2022-06,360
LOAN_00002081,1071203,0.04387295626475488,740-779,>100%,20-30%,VA,Cash-out Refinance,Primary,SFR,Servicer_A,2020-04,360
LOAN_00002082,183288,0.05663790392806871,660-699,60-70%,43-50%,VA,Cash-out Refinance,Primary,SFR,Servicer_D,2020-12,360
LOAN_00002083,206501,0.043420340102948,740-779,60-70%,43-50%,CA,Purchase,Second Home,SFR,Servicer_D,2022-01,360
LOAN_00002084,293972,0.057143943792361464,620-659,80-90%,>50%,IL,Refinance,Primary,SFR,Servicer_A,2020-05,360
LOAN_00002085,194151,0.07261655834339276,<620,60-70%,30-36%,OH,Refinance,Primary,SFR,Servicer_A,2021-12,360
LOAN_00002086,461403,0.05428212782526023,660-699,90-100%,30-36%,MA,Refinance,Second Home,SFR,Servicer_E,2022-03,360
LOAN_00002087,227006,0.040436603590729106,740-779,70-80%,20-30%,AZ,Purchase,Primary,SFR,Servicer_A,2021-12,360
LOAN_00002088,411269,0.05970524196786098,620-659,90-100%,20-30%,IN,Refinance,Primary,SFR,Servicer_A,2020-11,360
LOAN_00002089,152574,0.05286814324576461,660-699,<60%,>50%,NJ,Refinance,Primary,Manufactured,Servicer_E,2020-01,360
LOAN_00002090,120160,0.05319811555010423,660-699,<60%,>50%,NC,Purchase,Primary,Manufactured,Servicer_D,2022-08,240
LOAN_00002091,264476,0.06070387447454546,620-659,70-80%,30-36%,VA,Cash-out Refinance,Investment,SFR,Servicer_E,2020-12,360
LOAN_00002092,135367,0.06329244883333991,620-659,<60%,>50%,GA,Cash-out Refinance,Primary,SFR,Servicer_B,2022-05,360
LOAN_00002093,633575,0.05542602598567965,660-699,>100%,30-36%,NY,Cash-out Refinance,Primary,SFR,Servicer_D,2020-08,240
LOAN_00002094,138012,0.054271836199488596,660-699,<60%,43-50%,VA,Cash-out Refinance,Primary,SFR,Servicer_D,2020-06,240
LOAN_00002095,176514,0.07976249788568068,<620,60-70%,36-43%,PA,Purchase,Primary,Condo,Servicer_E,2022-05,360
LOAN_00002096,364692,0.06940664798688757,<620,80-90%,36-43%,PA,Cash-out Refinance,Second Home,SFR,Servicer_B,2022-10,360
LOAN_00002097,221198,0.06500255341678202,<620,60-70%,36-43%,MA,Cash-out Refinance,Primary,SFR,Servicer_A,2022-07,240
LOAN_00002098,138802,0.05657447135056236,660-699,<60%,36-43%,TX,Refinance,Second Home,SFR,Servicer_B,2022-04,360
LOAN_00002099,822399,0.04293108116926031,740-779,>100%,43-50%,CA,Purchase,Primary,2-4 Unit,Servicer_C,2020-09,360
LOAN_00002100,179724,0.06852863663120792,<620,60-70%,30-36%,GA,Purchase,Investment,SFR,Servicer_C,2022-09,360
LOAN_00002101,268839,0.05673152976061625,620-659,70-80%,43-50%,VA,Purchase,Second Home,Condo,Servicer_E,2022-01,360
LOAN_00002102,267106,0.048073971834122396,700-739,70-80%,20-30%,IN,Refinance,Primary,Condo,Servicer_D,2020-07,360
LOAN_00002103,423011,0.052082314556947666,700-739,90-100%,20-30%,NJ,Refinance,Second Home,SFR,Servicer_E,2020-05,360
LOAN_00002104,373687,0.043405809205142226,740-779,80-90%,36-43%,PA,Refinance,Primary,SFR,Servicer_D,2022-08,360
LOAN_00002105,196143,0.06768794851583035,<620,60-70%,43-50%,OH,Refinance,Primary,SFR,Servicer_B,2020-10,360
LOAN_00002106,251975,0.06319644499746144,620-659,70-80%,>50%,GA,Purchase,Primary,SFR,Servicer_E,2022-04,360
LOAN_00002107,264749,0.057179589538340216,620-659,70-80%,20-30%,OH,Purchase,Primary,SFR,Servicer_B,2020-05,240
LOAN_00002108,431265,0.05448657311649676,660-699,90-100%,<20%,AZ,Refinance,Investment,SFR,Servicer_E,2020-11,180
LOAN_00002109,165353,0.04683197347300189,740-779,<60%,30-36%,TN,Purchase,Primary,2-4 Unit,Servicer_D,2020-11,360
LOAN_00002110,813462,0.029439128274897756,780+,>100%,43-50%,MA,Cash-out Refinance,Primary,Condo,Servicer_B,2020-11,360
LOAN_00002111,202887,0.0380448772400792,780+,60-70%,>50%,GA,Cash-out Refinance,Investment,SFR,Servicer_A,2022-01,360
LOAN_00002112,295264,0.046088255925768526,740-779,80-90%,43-50%,PA,Purchase,Primary,Condo,Servicer_E,2022-09,360
LOAN_00002113,166043,0.04428440341583376,740-779,<60%,30-36%,TX,Refinance,Primary,Condo,Servicer_D,2022-09,360
LOAN_00002114,154959,0.05847232749539278,620-659,<60%,43-50%,TN,Cash-out Refinance,Second Home,Condo,Servicer_A,2022-03,360
LOAN_00002115,191527,0.06473792490367986,<620,60-70%,20-30%,WI,Cash-out Refinance,Primary,SFR,Servicer_B,2020-08,360
LOAN_00002116,182542,0.053458729373187575,660-699,60-70%,>50%,TX,Refinance,Second Home,SFR,Servicer_C,2022-11,180
LOAN_00002117,241076,0.07190700322145721,<620,70-80%,36-43%,FL,Cash-out Refinance,Primary,SFR,Servicer_C,2021-08,360
LOAN_00002118,181773,0.045605227364960435,740-779,60-70%,30-36%,IL,Refinance,Primary,SFR,Servicer_B,2021-08,360
LOAN_00002119,419901,0.05337355447902067,660-699,90-100%,36-43%,TN,Purchase,Primary,SFR,Servicer_A,2022-02,360
LOAN_00002120,200487,0.05438815384866885,660-699,60-70%,43-50%,IL,Refinance,Primary,SFR,Servicer_D,2022-04,240
LOAN_00002121,189679,0.06810623594601302,<620,60-70%,20-30%,CA,Refinance,Primary,2-4 Unit,Servicer_D,2022-11,360
LOAN_00002122,243656,0.05627064498498614,660-699,70-80%,<20%,OH,Cash-out Refinance,Primary,Manufactured,Servicer_D,2021-09,360
LOAN_00002123,487194,0.05660282697469754,660-699,90-100%,36-43%,GA,Purchase,Primary,SFR,Servicer_E,2021-10,360
LOAN_00002124,330194,0.035141882619904946,780+,80-90%,>50%,GA,Purchase,Primary,SFR,Servicer_B,2022-03,180
LOAN_00002125,282139,0.04420111948947094,740-779,70-80%,36-43%,NJ,Refinance,Primary,SFR,Servicer_C,2020-10,360
LOAN_00002126,144853,0.068151427284371,<620,<60%,<20%,IL,Cash-out Refinance,Primary,2-4 Unit,Servicer_B,2020-12,360
LOAN_00002127,167484,0.030095892836833796,780+,<60%,36-43%,CA,Refinance,Primary,SFR,Servicer_E,2021-11,360
LOAN_00002128,156497,0.07111591182916753,<620,<60%,<20%,FL,Purchase,Primary,Condo,Servicer_C,2020-03,240
LOAN_00002129,570019,0.060995973867450766,620-659,>100%,20-30%,MA,Cash-out Refinance,Primary,Condo,Servicer_C,2020-12,360
LOAN_00002130,386652,0.04602974405963493,740-779,90-100%,<20%,AZ,Refinance,Primary,SFR,Servicer_D,2022-02,360
LOAN_00002131,192757,0.04501541228311255,740-779,60-70%,30-36%,PA,Cash-out Refinance,Primary,Condo,Servicer_B,2022-12,360
LOAN_00002132,223644,0.0777514635981797,<620,60-70%,20-30%,MD,Cash-out Refinance,Investment,SFR,Servicer_B,2021-07,360
LOAN_00002133,196291,0.07193686967775305,<620,60-70%,<20%,NJ,Purchase,Primary,SFR,Servicer_E,2021-03,360
LOAN_00002134,190435,0.05356671074147803,660-699,60-70%,20-30%,TN,Cash-out Refinance,Primary,2-4 Unit,Servicer_A,2021-04,360
LOAN_00002135,373304,0.05661510075342855,660-699,80-90%,36-43%,TN,Purchase,Primary,SFR,Servicer_A,2022-01,180
LOAN_00002136,256845,0.04724582366907673,700-739,70-80%,20-30%,OH,Cash-out Refinance,Primary,SFR,Servicer_E,2021-08,360
LOAN_00002137,839518,0.05661740773391326,660-699,>100%,<20%,VA,Purchase,Primary,SFR,Servicer_B,2020-01,360
LOAN_00002138,554144,0.046913155737168456,740-779,90-100%,30-36%,VA,Refinance,Primary,SFR,Servicer_D,2021-08,240
LOAN_00002139,570769,0.05405748370990984,660-699,>100%,43-50%,MI,Purchase,Primary,SFR,Servicer_D,2021-03,240
LOAN_00002140,414852,0.0767239525571769,<620,90-100%,43-50%,WA,Purchase,Second Home,SFR,Servicer_A,2022-02,240
LOAN_00002141,240066,0.05385263144139489,660-699,70-80%,30-36%,OH,Cash-out Refinance,Primary,SFR,Servicer_A,2022-08,180
LOAN_00002142,399870,0.04242373742471648,740-779,90-100%,36-43%,TX,Purchase,Second Home,SFR,Servicer_E,2022-11,360
LOAN_00002143,249093,0.03860353542418031,780+,70-80%,43-50%,CA,Purchase,Primary,SFR,Servicer_E,2021-10,180
LOAN_00002144,670070,0.056525413088373756,660-699,>100%,36-43%,NC,Cash-out Refinance,Primary,SFR,Servicer_B,2021-02,360
LOAN_00002145,362993,0.045869258146086514,740-779,80-90%,30-36%,MD,Purchase,Primary,SFR,Servicer_C,2021-04,360
LOAN_00002146,338128,0.05795923770379044,620-659,80-90%,<20%,IL,Refinance,Second Home,Condo,Servicer_E,2020-07,360
LOAN_00002147,316012,0.03556596288245745,780+,80-90%,20-30%,VA,Cash-out Refinance,Primary,SFR,Servicer_B,2022-10,240
LOAN_00002148,707953,0.06328300161491059,620-659,>100%,20-30%,NY,Purchase,Primary,SFR,Servicer_D,2022-07,360
LOAN_00002149,144802,0.04227802153848394,740-779,<60%,30-36%,WA,Purchase,Primary,Condo,Servicer_B,2022-07,360
LOAN_00002150,743514,0.055555567111328065,660-699,>100%,>50%,NY,Refinance,Investment,SFR,Servicer_E,2020-12,360
LOAN_00002151,270201,0.05094036139072034,700-739,70-80%,20-30%,NC,Refinance,Primary,SFR,Servicer_B,2020-12,360
LOAN_00002152,146814,0.07562066754734643,<620,<60%,30-36%,IN,Purchase,Primary,SFR,Servicer_C,2022-07,180
LOAN_00002153,203596,0.05705787008115433,620-659,60-70%,>50%,GA,Refinance,Investment,SFR,Servicer_D,2021-08,180
LOAN_00002154,129909,0.07834566337737513,<620,<60%,36-43%,MD,Purchase,Second Home,SFR,Servicer_D,2022-02,360
LOAN_00002155,411197,0.061728908800749036,620-659,90-100%,20-30%,CA,Purchase,Primary,Condo,Servicer_A,2021-06,360
LOAN_00002156,176460,0.07210487106774975,<620,60-70%,>50%,TX,Purchase,Primary,SFR,Servicer_A,2021-04,360
LOAN_00002157,322653,0.05249442152292495,660-699,80-90%,20-30%,NY,Cash-out Refinance,Primary,Condo,Servicer_E,2021-11,180
LOAN_00002158,522880,0.05914603659388387,620-659,90-100%,<20%,IL,Purchase,Investment,Condo,Servicer_D,2022-06,360
LOAN_00002159,211925,0.06962372306822748,<620,60-70%,30-36%,NC,Purchase,Primary,SFR,Servicer_A,2021-01,240
LOAN_00002160,259353,0.06585951938300859,<620,70-80%,20-30%,MD,Cash-out Refinance,Primary,Condo,Servicer_D,2022-06,360
LOAN_00002161,154556,0.06137191933821483,620-659,<60%,43-50%,IL,Purchase,Primary,SFR,Servicer_B,2020-09,360
LOAN_00002162,244219,0.051064782006547266,700-739,70-80%,20-30%,GA,Cash-out Refinance,Investment,Manufactured,Servicer_C,2021-03,360
LOAN_00002163,1074119,0.05309468207431935,660-699,>100%,43-50%,CA,Cash-out Refinance,Primary,Condo,Servicer_D,2022-09,180
LOAN_00002164,437558,0.06865194341924027,<620,90-100%,<20%,MA,Purchase,Primary,SFR,Servicer_D,2022-11,360
LOAN_00002165,259791,0.07115093498478568,<620,70-80%,>50%,NJ,Purchase,Primary,SFR,Servicer_B,2022-10,360
LOAN_00002166,218415,0.04788564724864392,700-739,60-70%,<20%,CA,Purchase,Investment,SFR,Servicer_E,2020-12,360
LOAN_00002167,290303,0.04607489230774036,740-779,70-80%,>50%,MI,Purchase,Investment,Condo,Servicer_C,2022-07,360
LOAN_00002168,316483,0.0441503945407574,740-779,80-90%,<20%,IL,Purchase,Primary,SFR,Servicer_E,2022-10,360
LOAN_00002169,240497,0.06495640738876186,<620,70-80%,43-50%,NC,Purchase,Primary,Condo,Servicer_C,2022-12,360
LOAN_00002170,386555,0.04384629973524977,740-779,90-100%,43-50%,PA,Purchase,Primary,SFR,Servicer_B,2020-01,240
LOAN_00002171,184107,0.06481124087226096,<620,60-70%,36-43%,TN,Cash-out Refinance,Primary,Manufactured,Servicer_B,2022-03,360
LOAN_00002172,183653,0.061548284117452154,620-659,60-70%,<20%,TX,Purchase,Primary,SFR,Servicer_A,2022-12,180
LOAN_00002173,356859,0.04845889786761064,700-739,80-90%,36-43%,VA,Purchase,Primary,SFR,Servicer_C,2022-04,360
LOAN_00002174,165326,0.0737663117662152,<620,<60%,36-43%,TN,Purchase,Primary,SFR,Servicer_C,2020-09,360
LOAN_00002175,426986,0.03745289310278528,780+,90-100%,36-43%,CA,Purchase,Primary,2-4 Unit,Servicer_E,2022-04,180
LOAN_00002176,294448,0.07491439119710272,<620,80-90%,36-43%,MD,Refinance,Primary,Condo,Servicer_B,2020-04,180
LOAN_00002177,118900,0.05882663037094596,620-659,<60%,>50%,TN,Refinance,Investment,SFR,Servicer_A,2021-06,180
LOAN_00002178,313247,0.0301184037200957,780+,80-90%,>50%,PA,Purchase,Primary,2-4 Unit,Servicer_E,2021-11,180
LOAN_00002179,127698,0.07410255562985936,<620,<60%,30-36%,MI,Refinance,Primary,SFR,Servicer_C,2021-05,360
LOAN_00002180,419442,0.06666655005063987,<620,90-100%,<20%,AZ,Purchase,Primary,SFR,Servicer_A,2022-02,360
LOAN_00002181,261880,0.049861459799043543,700-739,70-80%,<20%,NJ,Cash-out Refinance,Primary,SFR,Servicer_B,2020-09,180
LOAN_00002182,748287,0.04342335321710324,740-779,>100%,36-43%,TN,Purchase,Primary,SFR,Servicer_E,2021-10,360
LOAN_00002183,506690,0.03617119907393938,780+,90-100%,>50%,MO,Refinance,Second Home,SFR,Servicer_E,2021-12,360
LOAN_00002184,174495,0.0839853539417247,<620,60-70%,30-36%,GA,Purchase,Primary,SFR,Servicer_C,2021-11,360
LOAN_00002185,107972,0.04391941751005787,740-779,<60%,<20%,FL,Purchase,Investment,SFR,Servicer_A,2020-11,360
LOAN_00002186,203302,0.03983693725598889,740-779,60-70%,30-36%,NC,Refinance,Primary,SFR,Servicer_D,2020-11,360
LOAN_00002187,161033,0.058215029492201795,620-659,<60%,30-36%,VA,Purchase,Primary,SFR,Servicer_A,2020-10,360
LOAN_00002188,738863,0.035345278398866614,780+,>100%,>50%,TN,Refinance,Investment,SFR,Servicer_B,2021-05,360
LOAN_00002189,295033,0.043221419218665326,740-779,80-90%,36-43%,PA,Refinance,Primary,SFR,Servicer_C,2021-10,360
LOAN_00002190,472933,0.06693963032992561,<620,90-100%,<20%,MD,Purchase,Primary,SFR,Servicer_D,2021-02,360
LOAN_00002191,257167,0.06057052713783256,620-659,70-80%,20-30%,CA,Cash-out Refinance,Primary,SFR,Servicer_D,2021-03,240
LOAN_00002192,271079,0.050363560483127415,700-739,70-80%,<20%,VA,Purchase,Primary,SFR,Servicer_C,2020-11,360
LOAN_00002193,291759,0.05521968007517655,660-699,80-90%,36-43%,NC,Cash-out Refinance,Primary,Condo,Servicer_A,2020-08,360
LOAN_00002194,515694,0.04969035363759996,700-739,90-100%,36-43%,AZ,Purchase,Primary,SFR,Servicer_A,2021-12,360
LOAN_00002195,346560,0.05425602628757153,660-699,80-90%,<20%,PA,Purchase,Primary,SFR,Servicer_E,2022-06,360
LOAN_00002196,174788,0.04585826340928417,740-779,60-70%,20-30%,MD,Purchase,Primary,Manufactured,Servicer_D,2020-11,360
LOAN_00002197,667474,0.04803712816567087,700-739,>100%,>50%,CA,Refinance,Primary,Condo,Servicer_B,2022-07,360
LOAN_00002198,256168,0.04767186234945481,700-739,70-80%,43-50%,IN,Refinance,Primary,SFR,Servicer_D,2021-09,360
LOAN_00002199,236154,0.04628966977773094,740-779,70-80%,36-43%,MI,Refinance,Primary,2-4 Unit,Servicer_E,2020-07,360
LOAN_00002200,72059,0.06752693195699778,<620,<60%,30-36%,NJ,Purchase,Primary,SFR,Servicer_A,2021-02,360
LOAN_00002201,407257,0.06424140870415664,<620,90-100%,>50%,OH,Purchase,Primary,SFR,Servicer_E,2020-01,360
LOAN_00002202,311921,0.04381164077930861,740-779,80-90%,36-43%,GA,Refinance,Primary,SFR,Servicer_B,2020-02,360
LOAN_00002203,311751,0.04066727448948915,740-779,80-90%,>50%,NC,Cash-out Refinance,Primary,SFR,Servicer_D,2021-01,360
LOAN_00002204,242458,0.05311268028243261,660-699,70-80%,<20%,OH,Purchase,Primary,2-4 Unit,Servicer_C,2021-05,180
LOAN_00002205,222435,0.08086345117947455,<620,60-70%,20-30%,CA,Cash-out Refinance,Primary,SFR,Servicer_D,2022-05,360
LOAN_00002206,246522,0.04266753755564143,740-779,70-80%,<20%,NC,Refinance,Primary,SFR,Servicer_A,2020-05,180
LOAN_00002207,373838,0.05306530732355152,660-699,80-90%,43-50%,NC,Refinance,Primary,SFR,Servicer_D,2022-07,360
LOAN_00002208,408218,0.05606464496461194,660-699,90-100%,36-43%,MA,Refinance,Second Home,Condo,Servicer_E,2020-09,240
LOAN_00002209,264205,0.0536962939114582,660-699,70-80%,20-30%,MI,Purchase,Second Home,SFR,Servicer_D,2020-05,360
LOAN_00002210,476617,0.04950148150936614,700-739,90-100%,>50%,NJ,Purchase,Primary,SFR,Servicer_D,2022-02,360
LOAN_00002211,285076,0.06886095966638264,<620,70-80%,>50%,MI,Refinance,Primary,2-4 Unit,Servicer_A,2022-04,240
LOAN_00002212,230472,0.06045350347532145,620-659,70-80%,20-30%,NC,Cash-out Refinance,Second Home,SFR,Servicer_B,2021-10,360
LOAN_00002213,327488,0.06514966388494091,<620,80-90%,36-43%,MA,Refinance,Primary,SFR,Servicer_E,2020-05,360
LOAN_00002214,150287,0.06207255939599597,620-659,<60%,36-43%,AZ,Purchase,Primary,SFR,Servicer_C,2020-05,360
LOAN_00002215,333153,0.06572737986167185,<620,80-90%,<20%,WI,Purchase,Primary,SFR,Servicer_C,2021-03,240
LOAN_00002216,137160,0.07401286999568876,<620,<60%,36-43%,MI,Purchase,Primary,SFR,Servicer_A,2021-05,360
LOAN_00002217,177395,0.07097252760146001,<620,60-70%,20-30%,CA,Refinance,Primary,SFR,Servicer_D,2022-12,360
LOAN_00002218,108082,0.08289764751515097,<620,<60%,>50%,VA,Purchase,Second Home,SFR,Servicer_C,2020-11,360
LOAN_00002219,271696,0.06960809537688631,<620,70-80%,43-50%,GA,Purchase,Primary,SFR,Servicer_C,2020-07,180
LOAN_00002220,663190,0.04696663868166992,740-779,>100%,>50%,TX,Refinance,Investment,Condo,Servicer_E,2022-11,360
LOAN_00002221,279696,0.06516774450166994,<620,70-80%,43-50%,MO,Purchase,Primary,SFR,Servicer_D,2020-06,360
LOAN_00002222,409131,0.06352522214781514,<620,90-100%,20-30%,WA,Purchase,Primary,SFR,Servicer_C,2020-01,360
LOAN_00002223,961410,0.07804353886278625,<620,>100%,30-36%,WA,Refinance,Second Home,SFR,Servicer_B,2021-04,360
LOAN_00002224,362952,0.043394097799884526,740-779,80-90%,36-43%,WA,Purchase,Primary,Manufactured,Servicer_D,2021-03,180
LOAN_00002225,202277,0.06169541297671524,620-659,60-70%,20-30%,WI,Purchase,Primary,Condo,Servicer_C,2021-11,360
LOAN_00002226,216688,0.04682715586279651,740-779,60-70%,36-43%,AZ,Purchase,Primary,SFR,Servicer_B,2022-08,360
LOAN_00002227,296656,0.06115054124920162,620-659,80-90%,20-30%,MA,Purchase,Primary,Condo,Servicer_B,2022-10,360
LOAN_00002228,216112,0.05242304002480337,660-699,60-70%,20-30%,TN,Cash-out Refinance,Primary,SFR,Servicer_B,2020-11,360
LOAN_00002229,224348,0.06075362565029066,620-659,60-70%,30-36%,MA,Refinance,Primary,SFR,Servicer_D,2022-12,360
LOAN_00002230,485350,0.038075941767022906,780+,90-100%,36-43%,MA,Purchase,Second Home,SFR,Servicer_C,2021-11,360
LOAN_00002231,495378,0.06451871777867077,<620,90-100%,30-36%,TX,Purchase,Primary,SFR,Servicer_B,2020-03,360
LOAN_00002232,130164,0.0574727141822332,620-659,<60%,36-43%,NC,Purchase,Primary,SFR,Servicer_A,2022-10,360
LOAN_00002233,196991,0.05682631458126286,620-659,60-70%,30-36%,PA,Cash-out Refinance,Primary,SFR,Servicer_E,2020-05,240
LOAN_00002234,235154,0.07840273959816796,<620,70-80%,43-50%,MO,Refinance,Primary,Condo,Servicer_E,2021-10,360
LOAN_00002235,400129,0.05041019922078612,700-739,90-100%,36-43%,VA,Refinance,Investment,2-4 Unit,Servicer_E,2022-05,360
LOAN_00002236,525201,0.05910718509726378,620-659,90-100%,36-43%,NJ,Purchase,Primary,2-4 Unit,Servicer_D,2020-09,360
LOAN_00002237,1145078,0.05620324838847106,660-699,>100%,30-36%,NJ,Cash-out Refinance,Primary,SFR,Servicer_E,2020-10,180
LOAN_00002238,234958,0.05737646992288879,620-659,70-80%,30-36%,AZ,Cash-out Refinance,Second Home,SFR,Servicer_D,2021-06,180
LOAN_00002239,240899,0.08166164685571335,<620,70-80%,<20%,TN,Purchase,Primary,SFR,Servicer_E,2022-08,360
LOAN_00002240,398030,0.055765685108964985,660-699,90-100%,36-43%,IL,Purchase,Primary,SFR,Servicer_E,2020-09,240
LOAN_00002241,210847,0.048192642406140844,700-739,60-70%,20-30%,WI,Purchase,Primary,Condo,Servicer_C,2021-12,240
LOAN_00002242,276376,0.07745083354536665,<620,70-80%,43-50%,TN,Refinance,Primary,SFR,Servicer_B,2021-05,360
LOAN_00002243,240982,0.05130773481473245,700-739,70-80%,43-50%,IL,Purchase,Primary,2-4 Unit,Servicer_E,2020-05,360
LOAN_00002244,79951,0.03573786223349134,780+,<60%,30-36%,WA,Purchase,Primary,SFR,Servicer_E,2022-02,180
LOAN_00002245,315406,0.04610987552285378,740-779,80-90%,43-50%,NC,Refinance,Primary,SFR,Servicer_C,2022-06,180
LOAN_00002246,270714,0.040040950071485726,740-779,70-80%,36-43%,GA,Refinance,Second Home,SFR,Servicer_E,2021-09,360
LOAN_00002247,559957,0.033400414404226586,780+,>100%,<20%,MO,Purchase,Second Home,Condo,Servicer_A,2020-07,360
LOAN_00002248,297373,0.05064381994758239,700-739,80-90%,36-43%,PA,Purchase,Primary,SFR,Servicer_E,2020-06,360
LOAN_00002249,158360,0.05415740841671881,660-699,<60%,>50%,IN,Purchase,Investment,SFR,Servicer_A,2021-04,180
LOAN_00002250,260654,0.06916633498154688,<620,70-80%,<20%,WA,Purchase,Second Home,SFR,Servicer_A,2021-07,240
LOAN_00002251,104240,0.06255281934474478,620-659,<60%,20-30%,IN,Cash-out Refinance,Primary,SFR,Servicer_A,2021-08,360
LOAN_00002252,161868,0.062006011697544,620-659,<60%,36-43%,MA,Refinance,Primary,SFR,Servicer_A,2020-09,360
LOAN_00002253,407482,0.04428147993762736,740-779,90-100%,30-36%,WA,Cash-out Refinance,Second Home,Manufactured,Servicer_A,2021-07,360
LOAN_00002254,262060,0.06561919914356938,<620,70-80%,36-43%,NY,Refinance,Investment,SFR,Servicer_B,2020-11,360
LOAN_00002255,470360,0.07169479403678482,<620,90-100%,36-43%,WI,Refinance,Primary,SFR,Servicer_B,2022-01,360
LOAN_00002256,110918,0.05973485069855392,620-659,<60%,43-50%,WA,Purchase,Primary,SFR,Servicer_C,2022-05,360
LOAN_00002257,262700,0.0600702104355751,620-659,70-80%,<20%,GA,Purchase,Primary,SFR,Servicer_E,2021-12,360
LOAN_00002258,233805,0.03982369240360026,740-779,70-80%,30-36%,PA,Cash-out Refinance,Primary,Condo,Servicer_C,2020-01,180
LOAN_00002259,478266,0.06765322969126393,<620,90-100%,43-50%,FL,Refinance,Investment,SFR,Servicer_B,2022-12,360
LOAN_00002260,415144,0.07636996658513703,<620,90-100%,30-36%,OH,Cash-out Refinance,Primary,Manufactured,Servicer_A,2020-01,360
LOAN_00002261,408859,0.05887542878856205,620-659,90-100%,30-36%,FL,Refinance,Investment,SFR,Servicer_E,2022-12,360
LOAN_00002262,640948,0.04786771265959018,700-739,>100%,<20%,MO,Purchase,Primary,Condo,Servicer_B,2020-02,360
LOAN_00002263,246706,0.053056061728145885,660-699,70-80%,20-30%,NC,Purchase,Primary,SFR,Servicer_E,2021-07,360
LOAN_00002264,578122,0.049954951419848945,700-739,>100%,30-36%,WA,Purchase,Investment,2-4 Unit,Servicer_D,2020-04,360
LOAN_00002265,175939,0.05067460416207647,700-739,60-70%,30-36%,IN,Refinance,Investment,SFR,Servicer_E,2020-04,360
LOAN_00002266,172743,0.0627757967643287,620-659,60-70%,36-43%,WI,Cash-out Refinance,Primary,SFR,Servicer_A,2022-01,360
LOAN_00002267,432083,0.058353569340044105,620-659,90-100%,36-43%,MI,Cash-out Refinance,Investment,SFR,Servicer_D,2022-03,360
LOAN_00002268,139752,0.06704723927165643,<620,<60%,43-50%,TX,Refinance,Second Home,SFR,Servicer_D,2020-05,240
LOAN_00002269,394898,0.05945083053733865,620-659,90-100%,43-50%,WA,Purchase,Second Home,Condo,Servicer_E,2022-12,360
LOAN_00002270,311968,0.044630944312261805,740-779,80-90%,20-30%,MD,Purchase,Second Home,SFR,Servicer_D,2020-12,360
LOAN_00002271,506827,0.048991695713807314,700-739,90-100%,<20%,GA,Purchase,Primary,Condo,Servicer_A,2020-12,360
LOAN_00002272,287873,0.048245907126545716,700-739,70-80%,43-50%,FL,Cash-out Refinance,Primary,SFR,Servicer_C,2020-11,180
LOAN_00002273,304987,0.05276235908057858,660-699,80-90%,20-30%,MA,Refinance,Primary,SFR,Servicer_C,2021-05,360
LOAN_00002274,382556,0.07653656429697506,<620,90-100%,20-30%,WA,Refinance,Primary,SFR,Servicer_C,2020-07,180
LOAN_00002275,212920,0.07845879509977154,<620,60-70%,20-30%,NY,Cash-out Refinance,Primary,SFR,Servicer_B,2021-04,180
LOAN_00002276,208333,0.06503921440535904,<620,60-70%,36-43%,CA,Purchase,Primary,SFR,Servicer_E,2020-08,360
LOAN_00002277,375951,0.056425165562003415,660-699,80-90%,20-30%,NJ,Cash-out Refinance,Primary,2-4 Unit,Servicer_B,2020-02,180
LOAN_00002278,292247,0.038660173365947265,780+,80-90%,20-30%,FL,Refinance,Primary,SFR,Servicer_C,2021-02,360
LOAN_00002279,241915,0.057640099668761005,620-659,70-80%,30-36%,NY,Purchase,Primary,SFR,Servicer_C,2022-01,360
LOAN_00002280,284533,0.045519912442755356,740-779,70-80%,43-50%,OH,Refinance,Primary,SFR,Servicer_D,2022-04,360
LOAN_00002281,658210,0.07456626275879104,<620,>100%,20-30%,MI,Purchase,Primary,SFR,Servicer_C,2021-01,360
LOAN_00002282,237634,0.03572673172251413,780+,70-80%,36-43%,IN,Refinance,Primary,Condo,Servicer_E,2020-12,360
LOAN_00002283,234213,0.05961381199996141,620-659,70-80%,30-36%,NC,Purchase,Primary,2-4 Unit,Servicer_E,2022-05,360
LOAN_00002284,126282,0.044509127468195575,740-779,<60%,30-36%,IN,Purchase,Second Home,SFR,Servicer_C,2022-01,360
LOAN_00002285,290344,0.054885817774198334,660-699,70-80%,30-36%,WA,Refinance,Primary,SFR,Servicer_B,2022-06,360
LOAN_00002286,411861,0.06299281828373268,620-659,90-100%,<20%,GA,Purchase,Primary,SFR,Servicer_D,2022-09,360
LOAN_00002287,450493,0.06726362426538517,<620,90-100%,20-30%,NJ,Purchase,Investment,SFR,Servicer_E,2022-06,360
LOAN_00002288,313047,0.054271717588821024,660-699,80-90%,43-50%,FL,Cash-out Refinance,Primary,SFR,Servicer_E,2022-10,180
LOAN_00002289,478263,0.06413459860217835,<620,90-100%,<20%,WI,Purchase,Primary,2-4 Unit,Servicer_A,2021-03,360
LOAN_00002290,427459,0.04705035881665477,740-779,90-100%,>50%,OH,Refinance,Primary,SFR,Servicer_A,2021-03,360
LOAN_00002291,517350,0.05794646061727864,620-659,90-100%,<20%,MD,Refinance,Primary,Condo,Servicer_D,2020-12,180
LOAN_00002292,485119,0.06702648897325438,<620,90-100%,30-36%,WA,Purchase,Primary,SFR,Servicer_B,2020-09,360
LOAN_00002293,650169,0.05898519373767985,620-659,>100%,36-43%,PA,Cash-out Refinance,Second Home,2-4 Unit,Servicer_B,2022-03,360
LOAN_00002294,272434,0.04864787564352033,700-739,70-80%,43-50%,MI,Purchase,Primary,2-4 Unit,Servicer_A,2022-02,360
LOAN_00002295,152736,0.05165149158923881,700-739,<60%,<20%,FL,Purchase,Investment,2-4 Unit,Servicer_E,2022-05,240
LOAN_00002296,413271,0.06718787275057528,<620,90-100%,<20%,WA,Purchase,Primary,SFR,Servicer_A,2020-07,240
LOAN_00002297,438132,0.041897864596862115,740-779,90-100%,36-43%,TX,Refinance,Investment,SFR,Servicer_D,2021-06,360
LOAN_00002298,650175,0.04366821839191057,740-779,>100%,20-30%,WA,Purchase,Primary,SFR,Servicer_E,2020-08,360
LOAN_00002299,562780,0.06221906511774083,620-659,>100%,36-43%,NY,Purchase,Primary,SFR,Servicer_A,2022-09,360
LOAN_00002300,784448,0.04973027686549843,700-739,>100%,43-50%,FL,Refinance,Primary,SFR,Servicer_D,2020-10,360
LOAN_00002301,404305,0.037563301643803726,780+,90-100%,<20%,IL,Refinance,Primary,Manufactured,Servicer_E,2020-06,240
LOAN_00002302,332503,0.07120982400450293,<620,80-90%,43-50%,TX,Purchase,Primary,SFR,Servicer_C,2021-09,180
LOAN_00002303,148376,0.04180479654544111,740-779,<60%,<20%,MO,Purchase,Second Home,SFR,Servicer_B,2022-08,360
LOAN_00002304,345949,0.052606839840164336,660-699,80-90%,43-50%,MD,Purchase,Primary,SFR,Servicer_D,2022-09,360
LOAN_00002305,224975,0.047565752275754825,700-739,60-70%,>50%,MD,Purchase,Primary,SFR,Servicer_E,2020-04,360
LOAN_00002306,329639,0.05142779817351735,700-739,80-90%,36-43%,MA,Refinance,Primary,SFR,Servicer_C,2020-12,360
LOAN_00002307,304752,0.04438456650818392,740-779,80-90%,>50%,IL,Purchase,Primary,SFR,Servicer_A,2020-06,360
LOAN_00002308,375444,0.06357135085232155,<620,80-90%,43-50%,TN,Purchase,Primary,SFR,Servicer_D,2020-12,360
LOAN_00002309,282471,0.05632988229168294,660-699,70-80%,<20%,TN,Purchase,Primary,2-4 Unit,Servicer_B,2021-08,360
LOAN_00002310,473312,0.0668038431425307,<620,90-100%,<20%,IL,Refinance,Second Home,SFR,Servicer_E,2020-11,360
LOAN_00002311,75995,0.04768998146149933,700-739,<60%,<20%,IN,Refinance,Primary,2-4 Unit,Servicer_B,2020-03,360
LOAN_00002312,326112,0.08059626123939054,<620,80-90%,30-36%,WI,Purchase,Investment,SFR,Servicer_D,2021-07,360
LOAN_00002313,541038,0.03214421457395267,780+,90-100%,36-43%,GA,Refinance,Primary,SFR,Servicer_D,2020-02,360
LOAN_00002314,755416,0.03597838110493247,780+,>100%,30-36%,VA,Refinance,Primary,Condo,Servicer_C,2020-09,360
LOAN_00002315,427615,0.07603701817259714,<620,90-100%,36-43%,MO,Purchase,Primary,2-4 Unit,Servicer_D,2020-01,180
LOAN_00002316,688617,0.06068850000935661,620-659,>100%,30-36%,PA,Purchase,Primary,SFR,Servicer_E,2020-04,240
LOAN_00002317,322696,0.0590966329966729,620-659,80-90%,<20%,WI,Purchase,Primary,SFR,Servicer_D,2021-04,360
LOAN_00002318,296983,0.06017530368781614,620-659,80-90%,20-30%,OH,Cash-out Refinance,Primary,SFR,Servicer_D,2022-07,360
LOAN_00002319,386430,0.06185448724180539,620-659,90-100%,>50%,WI,Purchase,Primary,SFR,Servicer_A,2022-04,360
LOAN_00002320,296085,0.05859721264520741,620-659,80-90%,20-30%,IL,Purchase,Second Home,SFR,Servicer_B,2020-04,360
LOAN_00002321,200550,0.04340914610049873,740-779,60-70%,20-30%,MA,Refinance,Investment,SFR,Servicer_C,2020-02,360
LOAN_00002322,229206,0.0648182908608735,<620,70-80%,20-30%,NJ,Refinance,Primary,SFR,Servicer_A,2021-01,360
LOAN_00002323,170062,0.06292813853845879,620-659,<60%,>50%,GA,Cash-out Refinance,Primary,Manufactured,Servicer_C,2021-12,360
LOAN_00002324,386230,0.07214117376087796,<620,90-100%,20-30%,NC,Purchase,Primary,Condo,Servicer_A,2022-03,360
LOAN_00002325,298252,0.07617089292281398,<620,80-90%,36-43%,IL,Purchase,Primary,Condo,Servicer_B,2022-06,360
LOAN_00002326,247671,0.058965712955719146,620-659,70-80%,<20%,AZ,Refinance,Primary,SFR,Servicer_A,2021-01,240
LOAN_00002327,223386,0.0402694117884138,740-779,60-70%,<20%,WI,Refinance,Primary,SFR,Servicer_C,2020-07,360
LOAN_00002328,381752,0.07627027517442564,<620,90-100%,36-43%,VA,Cash-out Refinance,Primary,SFR,Servicer_C,2020-01,360
LOAN_00002329,438109,0.04278220077996471,740-779,90-100%,36-43%,PA,Refinance,Primary,SFR,Servicer_C,2020-06,360
LOAN_00002330,168508,0.05905557032406857,620-659,<60%,36-43%,AZ,Purchase,Investment,2-4 Unit,Servicer_E,2020-03,360
LOAN_00002331,155773,0.05191919288294974,700-739,<60%,20-30%,NC,Purchase,Primary,SFR,Servicer_C,2022-07,360
LOAN_00002332,477946,0.04983249579778248,700-739,90-100%,>50%,MD,Cash-out Refinance,Primary,SFR,Servicer_A,2020-10,360
LOAN_00002333,149109,0.06417160145837822,<620,<60%,36-43%,PA,Refinance,Primary,Condo,Servicer_D,2022-06,360
LOAN_00002334,389938,0.05793351519121559,620-659,90-100%,>50%,NJ,Purchase,Primary,SFR,Servicer_E,2021-08,360
LOAN_00002335,665606,0.06115889789521757,620-659,>100%,20-30%,MI,Purchase,Primary,2-4 Unit,Servicer_B,2021-08,360
LOAN_00002336,666381,0.04521176451803956,740-779,>100%,30-36%,MO,Refinance,Primary,2-4 Unit,Servicer_A,2021-05,180
LOAN_00002337,428881,0.05291110041550408,660-699,90-100%,20-30%,FL,Purchase,Primary,SFR,Servicer_E,2022-06,180
LOAN_00002338,422694,0.0457655802419116,740-779,90-100%,43-50%,WA,Refinance,Primary,SFR,Servicer_A,2020-02,180
LOAN_00002339,914336,0.05261114094427042,660-699,>100%,36-43%,IN,Refinance,Primary,SFR,Servicer_E,2020-04,240
LOAN_00002340,92300,0.05357485330159109,660-699,<60%,30-36%,GA,Purchase,Primary,SFR,Servicer_C,2021-04,360
LOAN_00002341,235115,0.07713165007845756,<620,70-80%,<20%,NJ,Cash-out Refinance,Primary,2-4 Unit,Servicer_D,2021-03,360
LOAN_00002342,453271,0.05188733782637511,700-739,90-100%,20-30%,PA,Cash-out Refinance,Investment,SFR,Servicer_D,2021-08,360
LOAN_00002343,250535,0.02949282010563225,780+,70-80%,<20%,NC,Purchase,Second Home,2-4 Unit,Servicer_E,2022-03,360
LOAN_00002344,551219,0.07174109844784944,<620,90-100%,43-50%,WI,Purchase,Primary,Manufactured,Servicer_D,2021-10,360
LOAN_00002345,290780,0.06039111248831228,620-659,80-90%,20-30%,GA,Cash-out Refinance,Primary,SFR,Servicer_C,2020-10,360
LOAN_00002346,316751,0.053427874785359326,660-699,80-90%,<20%,IL,Purchase,Primary,SFR,Servicer_B,2020-12,180
LOAN_00002347,258503,0.04975341559766686,700-739,70-80%,30-36%,VA,Cash-out Refinance,Investment,SFR,Servicer_E,2022-04,360
LOAN_00002348,228375,0.043636892127317375,740-779,70-80%,<20%,MI,Purchase,Primary,SFR,Servicer_A,2020-08,180
LOAN_00002349,225583,0.07825657716503791,<620,60-70%,>50%,TN,Refinance,Primary,SFR,Servicer_B,2021-07,360
LOAN_00002350,339620,0.05562213866392044,660-699,80-90%,20-30%,CA,Refinance,Primary,SFR,Servicer_B,2021-08,240
LOAN_00002351,201333,0.034146986278222304,780+,60-70%,>50%,MD,Purchase,Primary,SFR,Servicer_C,2022-04,360
LOAN_00002352,477635,0.058932880399422904,620-659,90-100%,36-43%,MA,Refinance,Investment,SFR,Servicer_B,2022-02,360
LOAN_00002353,411108,0.06947406042441809,<620,90-100%,36-43%,IN,Purchase,Primary,SFR,Servicer_E,2021-05,180
LOAN_00002354,513861,0.05687721602024197,620-659,90-100%,30-36%,NC,Purchase,Primary,SFR,Servicer_C,2020-12,180
LOAN_00002355,168642,0.044180878333656234,740-779,<60%,36-43%,NC,Purchase,Investment,SFR,Servicer_E,2021-02,360
LOAN_00002356,126786,0.04310710856770411,740-779,<60%,36-43%,OH,Purchase,Primary,SFR,Servicer_A,2021-03,360
LOAN_00002357,295938,0.04399217286736917,740-779,80-90%,<20%,IN,Purchase,Primary,SFR,Servicer_C,2020-08,360
LOAN_00002358,1263505,0.07325989596456342,<620,>100%,>50%,TX,Purchase,Primary,SFR,Servicer_C,2021-11,180
LOAN_00002359,558552,0.054140031337158105,660-699,90-100%,30-36%,NJ,Purchase,Primary,SFR,Servicer_E,2020-08,360
LOAN_00002360,224757,0.03485530702385643,780+,60-70%,30-36%,PA,Purchase,Primary,SFR,Servicer_D,2021-12,360
LOAN_00002361,366684,0.05960960711013357,620-659,80-90%,30-36%,WA,Purchase,Primary,SFR,Servicer_D,2022-04,360
LOAN_00002362,426681,0.05669244142688263,620-659,90-100%,36-43%,WI,Cash-out Refinance,Primary,SFR,Servicer_E,2022-11,360
LOAN_00002363,149612,0.049613254397400025,700-739,<60%,30-36%,AZ,Purchase,Primary,SFR,Servicer_B,2020-05,360
LOAN_00002364,588194,0.04275511892693427,740-779,>100%,30-36%,CA,Refinance,Primary,SFR,Servicer_E,2022-04,360
LOAN_00002365,272743,0.0422332612027255,740-779,70-80%,<20%,GA,Purchase,Primary,Condo,Servicer_E,2020-04,180
LOAN_00002366,283412,0.06803960578559606,<620,70-80%,30-36%,CA,Purchase,Primary,SFR,Servicer_E,2021-01,360
LOAN_00002367,300106,0.05797015426966117,620-659,80-90%,<20%,MI,Purchase,Primary,SFR,Servicer_C,2020-07,240
LOAN_00002368,525586,0.06074372397594141,620-659,90-100%,43-50%,NY,Purchase,Primary,2-4 Unit,Servicer_A,2020-06,360
LOAN_00002369,203294,0.05793710571496144,620-659,60-70%,20-30%,AZ,Refinance,Primary,Condo,Servicer_E,2020-07,360
LOAN_00002370,126312,0.05893226445894186,620-659,<60%,>50%,NJ,Refinance,Primary,SFR,Servicer_C,2020-02,360
LOAN_00002371,348529,0.04937926403886111,700-739,80-90%,36-43%,OH,Purchase,Primary,SFR,Servicer_E,2022-06,240
LOAN_00002372,106742,0.052530047746230685,660-699,<60%,43-50%,MO,Purchase,Investment,SFR,Servicer_A,2020-03,360
LOAN_00002373,255109,0.06897894166510052,<620,70-80%,>50%,MA,Cash-out Refinance,Primary,SFR,Servicer_A,2021-03,360
LOAN_00002374,536830,0.07197508201382935,<620,90-100%,20-30%,WA,Purchase,Second Home,SFR,Servicer_B,2022-02,360
LOAN_00002375,396149,0.040334896146882994,740-779,90-100%,36-43%,GA,Refinance,Primary,Manufactured,Servicer_E,2022-12,360
LOAN_00002376,499407,0.052500894002706605,660-699,90-100%,<20%,PA,Refinance,Second Home,Manufactured,Servicer_A,2022-07,240
LOAN_00002377,404406,0.06507142430792398,<620,90-100%,<20%,VA,Purchase,Second Home,SFR,Servicer_A,2020-05,360
LOAN_00002378,989709,0.07758495678658876,<620,>100%,30-36%,TN,Purchase,Second Home,Manufactured,Servicer_C,2022-12,360
LOAN_00002379,220991,0.076383514975969,<620,60-70%,36-43%,IN,Purchase,Primary,Condo,Servicer_E,2021-12,360
LOAN_00002380,361879,0.045450906220642004,740-779,80-90%,43-50%,TN,Refinance,Primary,SFR,Servicer_A,2020-07,180
LOAN_00002381,238217,0.07030055341846991,<620,70-80%,20-30%,CA,Cash-out Refinance,Primary,2-4 Unit,Servicer_D,2021-05,360
LOAN_00002382,478494,0.055703635625284194,660-699,90-100%,36-43%,WI,Purchase,Primary,SFR,Servicer_C,2022-10,360
LOAN_00002383,287567,0.06753299966650886,<620,70-80%,20-30%,IL,Cash-out Refinance,Primary,SFR,Servicer_D,2021-03,360
LOAN_00002384,700410,0.06445934416985544,<620,>100%,<20%,CA,Purchase,Second Home,2-4 Unit,Servicer_D,2020-07,360
LOAN_00002385,227428,0.039832431489222844,740-779,70-80%,<20%,VA,Purchase,Primary,SFR,Servicer_E,2022-08,360
LOAN_00002386,599327,0.061599687479526107,620-659,>100%,36-43%,MI,Refinance,Primary,Condo,Servicer_A,2022-11,180
LOAN_00002387,398941,0.06706835909403147,<620,90-100%,30-36%,FL,Cash-out Refinance,Second Home,Condo,Servicer_D,2022-12,360
LOAN_00002388,291784,0.05475813693966602,660-699,80-90%,20-30%,IL,Purchase,Primary,2-4 Unit,Servicer_C,2022-11,360
LOAN_00002389,388955,0.05204420287232055,700-739,90-100%,<20%,IL,Refinance,Second Home,SFR,Servicer_B,2022-08,360
LOAN_00002390,337942,0.03614003305872294,780+,80-90%,36-43%,NC,Purchase,Primary,SFR,Servicer_D,2021-05,240
LOAN_00002391,354327,0.06320341019861121,620-659,80-90%,43-50%,MA,Cash-out Refinance,Primary,SFR,Servicer_C,2020-07,360
LOAN_00002392,267416,0.057504980413766935,620-659,70-80%,<20%,AZ,Cash-out Refinance,Primary,2-4 Unit,Servicer_C,2021-11,360
LOAN_00002393,208815,0.043933793023478974,740-779,60-70%,36-43%,CA,Refinance,Investment,SFR,Servicer_D,2020-08,360
LOAN_00002394,250813,0.0510899200374832,700-739,70-80%,36-43%,NY,Refinance,Primary,SFR,Servicer_C,2021-06,360
LOAN_00002395,127826,0.05685403898953327,620-659,<60%,30-36%,WA,Refinance,Investment,2-4 Unit,Servicer_B,2021-12,360
LOAN_00002396,451790,0.048296370531367955,700-739,90-100%,<20%,IN,Cash-out Refinance,Primary,SFR,Servicer_B,2022-11,240
LOAN_00002397,159918,0.05503212553011869,660-699,<60%,>50%,CA,Refinance,Primary,SFR,Servicer_B,2020-11,360
LOAN_00002398,265980,0.03400080823355861,780+,70-80%,30-36%,OH,Purchase,Primary,SFR,Servicer_B,2020-10,360
LOAN_00002399,410045,0.07119306036222346,<620,90-100%,30-36%,FL,Cash-out Refinance,Primary,SFR,Servicer_C,2022-03,360
LOAN_00002400,451214,0.055190911419595416,660-699,90-100%,43-50%,MI,Refinance,Primary,Condo,Servicer_A,2020-01,360
LOAN_00002401,122109,0.04180775792211627,740-779,<60%,43-50%,GA,Refinance,Primary,Condo,Servicer_E,2021-09,360
LOAN_00002402,283247,0.025483493819347808,780+,70-80%,36-43%,NY,Refinance,Primary,SFR,Servicer_C,2022-03,240
LOAN_00002403,373200,0.06734961929240071,<620,80-90%,43-50%,WI,Purchase,Primary,SFR,Servicer_D,2021-08,360
LOAN_00002404,304372,0.0616970986326837,620-659,80-90%,<20%,TN,Purchase,Second Home,SFR,Servicer_C,2021-02,360
LOAN_00002405,580727,0.05752822856162861,620-659,>100%,43-50%,NJ,Purchase,Primary,SFR,Servicer_E,2022-06,360
LOAN_00002406,196633,0.06536377601517525,<620,60-70%,20-30%,TN,Cash-out Refinance,Primary,Condo,Servicer_E,2021-02,360
LOAN_00002407,106455,0.06533078075556054,<620,<60%,43-50%,OH,Refinance,Primary,SFR,Servicer_C,2022-02,180
LOAN_00002408,444703,0.05733325684064239,620-659,90-100%,30-36%,MD,Cash-out Refinance,Primary,SFR,Servicer_B,2021-05,360
LOAN_00002409,226716,0.0519494293929062,700-739,70-80%,<20%,NC,Purchase,Primary,SFR,Servicer_E,2020-01,240
LOAN_00002410,123097,0.049994300816616905,700-739,<60%,30-36%,GA,Cash-out Refinance,Investment,SFR,Servicer_C,2021-08,180
LOAN_00002411,273961,0.060051304286862395,620-659,70-80%,43-50%,VA,Purchase,Primary,Condo,Servicer_D,2020-02,360
LOAN_00002412,548684,0.07176437649855219,<620,90-100%,30-36%,VA,Purchase,Investment,SFR,Servicer_A,2022-10,360
LOAN_00002413,157688,0.05376516194420835,660-699,<60%,43-50%,WA,Cash-out Refinance,Second Home,SFR,Servicer_B,2021-10,360
LOAN_00002414,953598,0.07271772887100067,<620,>100%,<20%,IN,Refinance,Primary,SFR,Servicer_B,2021-02,360
LOAN_00002415,195059,0.059477829681428944,620-659,60-70%,20-30%,PA,Cash-out Refinance,Primary,SFR,Servicer_C,2021-06,360
LOAN_00002416,309745,0.05956829162219994,620-659,80-90%,36-43%,MA,Refinance,Primary,Condo,Servicer_C,2021-11,360
LOAN_00002417,161205,0.08386131360788768,<620,<60%,30-36%,NY,Purchase,Primary,SFR,Servicer_E,2020-10,360
LOAN_00002418,302793,0.07483213859462119,<620,80-90%,36-43%,IL,Purchase,Primary,SFR,Servicer_A,2020-11,360
LOAN_00002419,277375,0.07514331093265858,<620,70-80%,>50%,MI,Cash-out Refinance,Primary,SFR,Servicer_E,2021-04,360
LOAN_00002420,140822,0.045428636099597706,740-779,<60%,36-43%,NJ,Purchase,Primary,SFR,Servicer_E,2020-10,360
LOAN_00002421,1218234,0.0813061900258755,<620,>100%,30-36%,WA,Refinance,Primary,Condo,Servicer_C,2022-04,240
LOAN_00002422,231499,0.05401339847056052,660-699,70-80%,30-36%,FL,Purchase,Primary,SFR,Servicer_B,2020-04,360
LOAN_00002423,231600,0.05227010584295792,660-699,70-80%,>50%,IN,Purchase,Primary,Condo,Servicer_E,2022-06,360
LOAN_00002424,481430,0.029089019039041132,780+,90-100%,36-43%,VA,Cash-out Refinance,Primary,SFR,Servicer_A,2021-01,360
LOAN_00002425,734633,0.05891548989464587,620-659,>100%,43-50%,VA,Cash-out Refinance,Primary,SFR,Servicer_E,2021-09,360
LOAN_00002426,520850,0.04199975250276832,740-779,90-100%,20-30%,MA,Purchase,Primary,SFR,Servicer_E,2020-06,240
LOAN_00002427,162658,0.05989904594256389,620-659,<60%,36-43%,AZ,Purchase,Primary,SFR,Servicer_B,2021-02,360
LOAN_00002428,330035,0.041061218401147695,740-779,80-90%,<20%,NC,Purchase,Primary,SFR,Servicer_C,2022-04,360
LOAN_00002429,115764,0.07657239805353765,<620,<60%,36-43%,MI,Purchase,Investment,Condo,Servicer_C,2020-10,360
LOAN_00002430,465493,0.061618887554520746,620-659,90-100%,43-50%,IL,Cash-out Refinance,Primary,SFR,Servicer_D,2020-05,360
LOAN_00002431,130928,0.08235845890899492,<620,<60%,>50%,VA,Purchase,Primary,SFR,Servicer_D,2021-07,360
LOAN_00002432,198471,0.04272371162208985,740-779,60-70%,<20%,IL,Purchase,Primary,SFR,Servicer_E,2020-06,360
LOAN_00002433,296084,0.07359015093649571,<620,80-90%,43-50%,WA,Refinance,Primary,SFR,Servicer_A,2020-12,360
LOAN_00002434,370460,0.03336745099560608,780+,80-90%,<20%,NC,Refinance,Primary,SFR,Servicer_E,2021-05,360
LOAN_00002435,260285,0.05749690571769153,620-659,70-80%,30-36%,IL,Purchase,Second Home,SFR,Servicer_E,2021-09,240
LOAN_00002436,633833,0.047420522560696586,700-739,>100%,36-43%,MI,Cash-out Refinance,Primary,SFR,Servicer_D,2021-12,360
LOAN_00002437,425755,0.04962452157699571,700-739,90-100%,30-36%,MD,Purchase,Primary,2-4 Unit,Servicer_B,2022-01,360
LOAN_00002438,409364,0.04880204298509405,700-739,90-100%,20-30%,VA,Purchase,Primary,SFR,Servicer_D,2022-07,360
LOAN_00002439,160379,0.04402340577578405,740-779,<60%,36-43%,OH,Cash-out Refinance,Second Home,SFR,Servicer_C,2020-03,240
LOAN_00002440,693623,0.03988374032019169,740-779,>100%,36-43%,MI,Purchase,Primary,SFR,Servicer_B,2021-02,360
LOAN_00002441,198484,0.04969087831682237,700-739,60-70%,36-43%,WA,Cash-out Refinance,Primary,2-4 Unit,Servicer_B,2020-01,180
LOAN_00002442,706989,0.05639234076744245,660-699,>100%,30-36%,NY,Refinance,Primary,Condo,Servicer_C,2020-01,360
LOAN_00002443,815125,0.06896433227951222,<620,>100%,36-43%,VA,Cash-out Refinance,Primary,SFR,Servicer_D,2020-08,360
LOAN_00002444,383206,0.05854420475945265,620-659,90-100%,30-36%,CA,Purchase,Second Home,SFR,Servicer_B,2021-10,360
LOAN_00002445,496831,0.06899848241553264,<620,90-100%,<20%,MO,Purchase,Primary,Manufactured,Servicer_B,2022-09,360
LOAN_00002446,63483,0.0372618775365148,780+,<60%,30-36%,WA,Cash-out Refinance,Primary,SFR,Servicer_B,2022-04,360
LOAN_00002447,269008,0.049804367131495095,700-739,70-80%,36-43%,FL,Cash-out Refinance,Primary,SFR,Servicer_C,2021-12,360
LOAN_00002448,514567,0.0635320590296371,<620,90-100%,20-30%,MI,Cash-out Refinance,Primary,Condo,Servicer_E,2022-05,360
LOAN_00002449,470831,0.0591182890694963,620-659,90-100%,<20%,MO,Purchase,Primary,SFR,Servicer_B,2020-07,360
LOAN_00002450,161157,0.044665898624089866,740-779,<60%,>50%,WI,Refinance,Primary,SFR,Servicer_E,2022-07,240
LOAN_00002451,256052,0.06620882670599082,<620,70-80%,43-50%,FL,Purchase,Primary,Condo,Servicer_A,2022-09,360
LOAN_00002452,83434,0.048624721816570224,700-739,<60%,36-43%,PA,Purchase,Primary,Manufactured,Servicer_C,2020-04,240
LOAN_00002453,364578,0.04567163726327535,740-779,80-90%,43-50%,FL,Refinance,Primary,SFR,Servicer_E,2021-05,360
LOAN_00002454,115651,0.0608433731259617,620-659,<60%,>50%,GA,Refinance,Primary,SFR,Servicer_B,2022-06,240
LOAN_00002455,521903,0.05507403238401083,660-699,90-100%,36-43%,MO,Refinance,Primary,SFR,Servicer_B,2021-06,240
LOAN_00002456,535717,0.04872505197965668,700-739,90-100%,20-30%,MA,Purchase,Investment,2-4 Unit,Servicer_D,2022-07,360
LOAN_00002457,233939,0.04831757769703474,700-739,70-80%,36-43%,PA,Cash-out Refinance,Primary,2-4 Unit,Servicer_B,2022-10,240
LOAN_00002458,384861,0.04216243840231962,740-779,90-100%,>50%,OH,Cash-out Refinance,Primary,2-4 Unit,Servicer_A,2021-06,360
LOAN_00002459,266052,0.05025102104729362,700-739,70-80%,36-43%,WA,Purchase,Primary,SFR,Servicer_A,2020-03,360
LOAN_00002460,334688,0.06820011322584923,<620,80-90%,<20%,VA,Cash-out Refinance,Primary,SFR,Servicer_C,2021-01,240
LOAN_00002461,167103,0.05793460555585797,620-659,<60%,>50%,MI,Cash-out Refinance,Primary,SFR,Servicer_C,2020-08,240
LOAN_00002462,404839,0.06650312896932814,<620,90-100%,43-50%,NC,Purchase,Primary,SFR,Servicer_A,2021-06,360
LOAN_00002463,130536,0.06119282245209642,620-659,<60%,30-36%,MD,Refinance,Primary,SFR,Servicer_B,2021-10,240
LOAN_00002464,118780,0.047653045516338165,700-739,<60%,>50%,NJ,Cash-out Refinance,Investment,SFR,Servicer_D,2021-05,240
LOAN_00002465,279019,0.03521030470258908,780+,70-80%,36-43%,TN,Refinance,Second Home,Condo,Servicer_C,2020-08,180
LOAN_00002466,266833,0.04387774762355445,740-779,70-80%,43-50%,WI,Purchase,Primary,SFR,Servicer_D,2020-11,360
LOAN_00002467,339813,0.04694517026682976,740-779,80-90%,>50%,OH,Refinance,Investment,Condo,Servicer_D,2022-01,360
LOAN_00002468,214324,0.04601700555650008,740-779,60-70%,<20%,TN,Refinance,Primary,SFR,Servicer_E,2020-01,180
LOAN_00002469,761348,0.06677223912231664,<620,>100%,43-50%,IN,Refinance,Primary,Condo,Servicer_A,2020-08,360
LOAN_00002470,321355,0.06664706160219643,<620,80-90%,30-36%,IL,Purchase,Primary,SFR,Servicer_C,2022-09,360
LOAN_00002471,333180,0.08154255568331975,<620,80-90%,43-50%,IL,Purchase,Primary,SFR,Servicer_B,2020-04,180
LOAN_00002472,327294,0.04583534594569137,740-779,80-90%,43-50%,NY,Cash-out Refinance,Primary,SFR,Servicer_D,2021-03,360
LOAN_00002473,489654,0.07416937967277298,<620,90-100%,43-50%,WA,Purchase,Primary,Condo,Servicer_B,2020-08,360
LOAN_00002474,395540,0.07409520646796956,<620,90-100%,43-50%,TN,Cash-out Refinance,Primary,SFR,Servicer_A,2020-04,360
LOAN_00002475,369907,0.052212834903533636,660-699,80-90%,43-50%,TN,Purchase,Primary,Condo,Servicer_E,2021-04,360
LOAN_00002476,428476,0.060682664763282816,620-659,90-100%,20-30%,GA,Cash-out Refinance,Primary,SFR,Servicer_C,2021-07,360
LOAN_00002477,119096,0.06988879898969452,<620,<60%,30-36%,MA,Purchase,Investment,SFR,Servicer_A,2020-07,240
LOAN_00002478,121367,0.05429290452805287,660-699,<60%,<20%,CA,Cash-out Refinance,Second Home,2-4 Unit,Servicer_B,2020-03,360
LOAN_00002479,285492,0.05336329867342429,660-699,70-80%,43-50%,AZ,Cash-out Refinance,Primary,Condo,Servicer_D,2020-05,360
LOAN_00002480,268649,0.047471950946590576,700-739,70-80%,36-43%,MI,Purchase,Primary,SFR,Servicer_C,2021-12,360
LOAN_00002481,396291,0.026679537776043642,780+,90-100%,36-43%,IN,Purchase,Primary,SFR,Servicer_E,2022-07,240
LOAN_00002482,299541,0.05584565939786175,660-699,80-90%,20-30%,WI,Cash-out Refinance,Primary,SFR,Servicer_A,2020-07,360
LOAN_00002483,396698,0.046481568070558886,740-779,90-100%,36-43%,VA,Refinance,Primary,Condo,Servicer_A,2020-12,240
LOAN_00002484,159086,0.042095816516598064,740-779,<60%,30-36%,WA,Refinance,Primary,Manufactured,Servicer_D,2021-01,360
LOAN_00002485,294969,0.060066299801731775,620-659,80-90%,>50%,MD,Purchase,Primary,Condo,Servicer_B,2021-01,360
LOAN_00002486,151671,0.03758425311014682,780+,<60%,43-50%,OH,Cash-out Refinance,Investment,Condo,Servicer_E,2020-09,360
LOAN_00002487,359845,0.0646729586953674,<620,80-90%,30-36%,FL,Refinance,Second Home,SFR,Servicer_D,2020-02,240
LOAN_00002488,115943,0.06080319178312625,620-659,<60%,43-50%,NJ,Purchase,Primary,Condo,Servicer_A,2021-07,360
LOAN_00002489,352975,0.05019768145963298,700-739,80-90%,20-30%,GA,Purchase,Investment,SFR,Servicer_E,2021-01,180
LOAN_00002490,142272,0.05424027696586649,660-699,<60%,<20%,WA,Purchase,Primary,SFR,Servicer_E,2021-01,180
LOAN_00002491,244809,0.04071734687014909,740-779,70-80%,36-43%,TN,Cash-out Refinance,Investment,SFR,Servicer_B,2020-10,360
LOAN_00002492,463918,0.06400406324038452,<620,90-100%,36-43%,NJ,Cash-out Refinance,Primary,SFR,Servicer_D,2022-10,360
LOAN_00002493,332265,0.05724837089261518,620-659,80-90%,<20%,OH,Purchase,Primary,SFR,Servicer_D,2021-10,360
LOAN_00002494,130244,0.05814219945507453,620-659,<60%,20-30%,VA,Purchase,Primary,Manufactured,Servicer_A,2021-04,360
LOAN_00002495,211885,0.06102268455607757,620-659,60-70%,30-36%,NC,Purchase,Primary,2-4 Unit,Servicer_D,2020-08,240
LOAN_00002496,139987,0.04729101503329931,700-739,<60%,<20%,NY,Purchase,Second Home,Condo,Servicer_E,2022-05,240
LOAN_00002497,127086,0.03677130070094879,780+,<60%,30-36%,TN,Cash-out Refinance,Second Home,Condo,Servicer_C,2022-08,360
LOAN_00002498,314529,0.06648782049895158,<620,80-90%,30-36%,OH,Refinance,Primary,Condo,Servicer_E,2020-02,360
LOAN_00002499,392444,0.0632646209633489,620-659,90-100%,>50%,NJ,Purchase,Second Home,SFR,Servicer_D,2022-10,360
LOAN_00002500,369646,0.04857569436074879,700-739,80-90%,20-30%,MD,Purchase,Primary,SFR,Servicer_D,2022-02,240
LOAN_00002501,400838,0.05990932238956048,620-659,90-100%,20-30%,NY,Purchase,Primary,2-4 Unit,Servicer_C,2020-04,360
LOAN_00002502,294797,0.0700956812646154,<620,80-90%,<20%,NC,Refinance,Primary,SFR,Servicer_D,2022-04,360
LOAN_00002503,258669,0.06866440963700728,<620,70-80%,<20%,NY,Purchase,Second Home,Condo,Servicer_E,2020-04,240
LOAN_00002504,173418,0.04822529396281605,700-739,60-70%,43-50%,NC,Purchase,Primary,SFR,Servicer_C,2020-02,180
LOAN_00002505,237984,0.037134867454788986,780+,70-80%,30-36%,OH,Cash-out Refinance,Primary,SFR,Servicer_C,2020-05,360
LOAN_00002506,153173,0.039193418324838955,780+,<60%,20-30%,MD,Refinance,Primary,SFR,Servicer_A,2021-05,360
LOAN_00002507,194350,0.05125928784453867,700-739,60-70%,>50%,OH,Cash-out Refinance,Second Home,Condo,Servicer_C,2021-11,360
LOAN_00002508,310042,0.0725478055994459,<620,80-90%,43-50%,WA,Purchase,Primary,2-4 Unit,Servicer_E,2021-03,360
LOAN_00002509,279594,0.046258655054303585,740-779,70-80%,<20%,FL,Purchase,Primary,SFR,Servicer_D,2020-05,360
LOAN_00002510,1372801,0.047844065763887736,700-739,>100%,20-30%,MI,Cash-out Refinance,Primary,SFR,Servicer_D,2020-08,240
LOAN_00002511,151312,0.04759706682258018,700-739,<60%,43-50%,IN,Cash-out Refinance,Primary,2-4 Unit,Servicer_A,2022-07,360
LOAN_00002512,278577,0.04861923044453599,700-739,70-80%,36-43%,AZ,Refinance,Primary,SFR,Servicer_E,2022-11,240
LOAN_00002513,145529,0.054865277870960474,660-699,<60%,>50%,PA,Refinance,Primary,Condo,Servicer_C,2022-04,360
LOAN_00002514,244288,0.03963939790537893,780+,70-80%,<20%,WI,Purchase,Primary,Condo,Servicer_C,2020-04,240
LOAN_00002515,249310,0.06801231947592341,<620,70-80%,43-50%,IN,Refinance,Second Home,Condo,Servicer_A,2022-06,360
LOAN_00002516,452453,0.05326214706388424,660-699,90-100%,<20%,NC,Purchase,Investment,SFR,Servicer_E,2022-01,360
LOAN_00002517,236846,0.08474961489670402,<620,70-80%,20-30%,WI,Purchase,Primary,Condo,Servicer_D,2021-07,360
LOAN_00002518,269504,0.04091714801739982,740-779,70-80%,43-50%,NY,Refinance,Primary,Manufactured,Servicer_B,2020-06,360
LOAN_00002519,239148,0.0740783940618989,<620,70-80%,36-43%,OH,Purchase,Primary,SFR,Servicer_C,2022-12,360
LOAN_00002520,147189,0.07169614477583784,<620,<60%,<20%,MD,Purchase,Primary,Condo,Servicer_E,2021-04,360
LOAN_00002521,214046,0.050059791893852214,700-739,60-70%,20-30%,WI,Purchase,Primary,SFR,Servicer_E,2020-02,360
LOAN_00002522,245004,0.05025927263785759,700-739,70-80%,43-50%,IN,Purchase,Primary,Manufactured,Servicer_B,2020-08,360
LOAN_00002523,307709,0.04394442620644124,740-779,80-90%,<20%,NY,Cash-out Refinance,Primary,SFR,Servicer_D,2021-03,360
LOAN_00002524,392178,0.04408214289712534,740-779,90-100%,20-30%,IL,Cash-out Refinance,Primary,SFR,Servicer_A,2020-03,360
LOAN_00002525,263735,0.0549927286027017,660-699,70-80%,20-30%,WA,Purchase,Primary,SFR,Servicer_C,2020-12,360
LOAN_00002526,261427,0.05524835181095633,660-699,70-80%,<20%,TX,Purchase,Second Home,Manufactured,Servicer_C,2021-05,360
LOAN_00002527,125441,0.03577173679670602,780+,<60%,43-50%,WI,Cash-out Refinance,Investment,SFR,Servicer_D,2022-11,360
LOAN_00002528,388429,0.08252206387991036,<620,90-100%,<20%,MD,Purchase,Primary,SFR,Servicer_A,2020-04,360
LOAN_00002529,209410,0.05188579771404325,700-739,60-70%,30-36%,IN,Refinance,Primary,SFR,Servicer_B,2021-09,180
LOAN_00002530,430869,0.055787347326606264,660-699,90-100%,36-43%,WI,Purchase,Primary,2-4 Unit,Servicer_B,2022-09,180
LOAN_00002531,572758,0.0474851507990387,700-739,>100%,<20%,IL,Refinance,Second Home,SFR,Servicer_B,2022-06,360
LOAN_00002532,269963,0.05179588553089799,700-739,70-80%,36-43%,MO,Purchase,Primary,SFR,Servicer_D,2022-10,180
LOAN_00002533,177787,0.0507054626650695,700-739,60-70%,20-30%,PA,Refinance,Primary,SFR,Servicer_A,2020-07,360
LOAN_00002534,294092,0.054964834890096875,660-699,80-90%,43-50%,FL,Refinance,Primary,Condo,Servicer_D,2022-05,360
LOAN_00002535,353045,0.05482492107486263,660-699,80-90%,43-50%,PA,Purchase,Primary,SFR,Servicer_A,2022-12,240
LOAN_00002536,253277,0.06465839618249285,<620,70-80%,43-50%,TN,Purchase,Primary,Condo,Servicer_C,2020-12,360
LOAN_00002537,223682,0.05772663924518531,620-659,60-70%,30-36%,MD,Refinance,Second Home,SFR,Servicer_E,2021-06,240
LOAN_00002538,393079,0.06345139624479404,<620,90-100%,43-50%,WA,Cash-out Refinance,Primary,SFR,Servicer_E,2021-08,360
LOAN_00002539,380327,0.054882270138334785,660-699,90-100%,36-43%,IL,Purchase,Primary,SFR,Servicer_E,2021-06,360
LOAN_00002540,249410,0.05777503066127069,620-659,70-80%,30-36%,WA,Purchase,Primary,SFR,Servicer_C,2020-11,240
LOAN_00002541,129698,0.05210433180780074,660-699,<60%,<20%,NJ,Refinance,Primary,SFR,Servicer_C,2022-11,240
LOAN_00002542,372573,0.06703734081205179,<620,80-90%,<20%,NJ,Purchase,Primary,SFR,Servicer_E,2022-11,360
LOAN_00002543,202063,0.05887146915419109,620-659,60-70%,20-30%,OH,Cash-out Refinance,Primary,2-4 Unit,Servicer_A,2021-02,360
LOAN_00002544,330106,0.05310310174584519,660-699,80-90%,20-30%,FL,Cash-out Refinance,Primary,2-4 Unit,Servicer_E,2022-05,240
LOAN_00002545,319840,0.05274507838538415,660-699,80-90%,>50%,GA,Purchase,Primary,SFR,Servicer_A,2021-03,360
LOAN_00002546,115326,0.053689127905036035,660-699,<60%,>50%,MO,Refinance,Primary,SFR,Servicer_A,2022-05,240
LOAN_00002547,308828,0.05536532708412438,660-699,80-90%,<20%,NC,Refinance,Primary,Condo,Servicer_A,2021-10,360
LOAN_00002548,383565,0.054323666785372954,660-699,90-100%,>50%,CA,Purchase,Primary,Manufactured,Servicer_B,2021-05,240
LOAN_00002549,407817,0.04829390013746368,700-739,90-100%,36-43%,OH,Refinance,Primary,SFR,Servicer_E,2020-05,360
LOAN_00002550,314482,0.06417880666321914,<620,80-90%,30-36%,MI,Purchase,Primary,SFR,Servicer_B,2021-12,240
LOAN_00002551,110349,0.06493691191057804,<620,<60%,>50%,VA,Purchase,Primary,SFR,Servicer_C,2020-12,360
LOAN_00002552,561597,0.07640628205480895,<620,>100%,36-43%,WA,Refinance,Primary,SFR,Servicer_E,2020-08,360
LOAN_00002553,364219,0.04775644347226286,700-739,80-90%,36-43%,NC,Refinance,Primary,SFR,Servicer_E,2020-07,180
LOAN_00002554,162484,0.06299726470182528,620-659,<60%,20-30%,FL,Refinance,Investment,SFR,Servicer_C,2022-12,360
LOAN_00002555,200009,0.03209035220460781,780+,60-70%,20-30%,NC,Purchase,Primary,SFR,Servicer_B,2020-04,360
LOAN_00002556,332904,0.06494851678026266,<620,80-90%,>50%,CA,Refinance,Primary,Condo,Servicer_C,2022-05,360
LOAN_00002557,416604,0.03752101461991378,780+,90-100%,20-30%,NJ,Purchase,Primary,SFR,Servicer_C,2022-08,360
LOAN_00002558,232354,0.043188026757132576,740-779,70-80%,<20%,NC,Refinance,Primary,SFR,Servicer_B,2020-02,360
LOAN_00002559,448095,0.05898670394818982,620-659,90-100%,20-30%,GA,Purchase,Primary,SFR,Servicer_D,2021-10,180
LOAN_00002560,121008,0.04754201157493225,700-739,<60%,30-36%,AZ,Refinance,Primary,SFR,Servicer_E,2021-09,240
LOAN_00002561,176093,0.04589975787996507,740-779,60-70%,30-36%,TN,Purchase,Primary,SFR,Servicer_A,2021-01,240
LOAN_00002562,105642,0.04918220773001985,700-739,<60%,>50%,PA,Purchase,Primary,Manufactured,Servicer_E,2022-01,360
LOAN_00002563,189339,0.06375551190302231,<620,60-70%,30-36%,NJ,Purchase,Primary,SFR,Servicer_D,2021-03,180
LOAN_00002564,630355,0.04380531524298708,740-779,>100%,43-50%,NJ,Refinance,Primary,SFR,Servicer_A,2021-04,360
LOAN_00002565,829767,0.05435014162932957,660-699,>100%,36-43%,NJ,Purchase,Primary,SFR,Servicer_D,2021-04,360
LOAN_00002566,333465,0.050456124585527964,700-739,80-90%,30-36%,NC,Purchase,Primary,SFR,Servicer_C,2022-05,360
LOAN_00002567,215514,0.06483868925594817,<620,60-70%,20-30%,IL,Purchase,Primary,SFR,Servicer_A,2021-11,360
LOAN_00002568,265449,0.06517506104899412,<620,70-80%,20-30%,NY,Refinance,Primary,2-4 Unit,Servicer_A,2021-02,360
LOAN_00002569,375746,0.032976618430766644,780+,80-90%,43-50%,CA,Cash-out Refinance,Primary,SFR,Servicer_A,2022-10,360
LOAN_00002570,135741,0.06754131302517177,<620,<60%,43-50%,TX,Cash-out Refinance,Primary,SFR,Servicer_C,2022-05,360
LOAN_00002571,222737,0.047670929122494266,700-739,60-70%,30-36%,IN,Cash-out Refinance,Primary,2-4 Unit,Servicer_C,2022-10,360
LOAN_00002572,607706,0.05783550638316009,620-659,>100%,>50%,TX,Cash-out Refinance,Primary,Condo,Servicer_B,2022-03,360
LOAN_00002573,175807,0.04373309511540044,740-779,60-70%,43-50%,MO,Purchase,Primary,Condo,Servicer_E,2021-03,360
LOAN_00002574,203920,0.0594536152325174,620-659,60-70%,<20%,MO,Purchase,Primary,SFR,Servicer_A,2022-04,360
LOAN_00002575,298521,0.08561618744345323,<620,80-90%,36-43%,IL,Purchase,Primary,SFR,Servicer_E,2020-12,240
LOAN_00002576,341659,0.0565259867354204,660-699,80-90%,43-50%,NC,Purchase,Primary,SFR,Servicer_A,2020-10,360
LOAN_00002577,216966,0.04948182738824372,700-739,60-70%,43-50%,GA,Cash-out Refinance,Primary,SFR,Servicer_A,2021-05,180
LOAN_00002578,308193,0.05221406518389351,660-699,80-90%,<20%,GA,Cash-out Refinance,Primary,SFR,Servicer_C,2022-11,360
LOAN_00002579,401904,0.03737164051314376,780+,90-100%,20-30%,GA,Refinance,Investment,2-4 Unit,Servicer_D,2021-09,360
LOAN_00002580,790741,0.0723875594339735,<620,>100%,30-36%,OH,Cash-out Refinance,Primary,SFR,Servicer_D,2021-02,240
LOAN_00002581,278417,0.058754597291159325,620-659,70-80%,20-30%,AZ,Refinance,Primary,SFR,Servicer_D,2021-05,360
LOAN_00002582,290497,0.042413225124425843,740-779,80-90%,<20%,NC,Purchase,Primary,SFR,Servicer_C,2020-11,360
LOAN_00002583,636491,0.042804180518454964,740-779,>100%,36-43%,NY,Purchase,Investment,2-4 Unit,Servicer_E,2021-12,180
LOAN_00002584,225351,0.05518338854978592,660-699,60-70%,30-36%,GA,Cash-out Refinance,Primary,SFR,Servicer_D,2021-01,360
LOAN_00002585,152943,0.06618394472006185,<620,<60%,20-30%,WI,Refinance,Primary,SFR,Servicer_A,2021-08,360
LOAN_00002586,336086,0.04118812109515634,740-779,80-90%,36-43%,WI,Purchase,Primary,Condo,Servicer_C,2021-02,360
LOAN_00002587,507924,0.06836091210240605,<620,90-100%,<20%,TX,Purchase,Primary,SFR,Servicer_E,2020-12,360
LOAN_00002588,355231,0.05390039737651716,660-699,80-90%,30-36%,VA,Refinance,Primary,Condo,Servicer_D,2022-11,360
LOAN_00002589,282516,0.04383707937991484,740-779,70-80%,43-50%,WI,Cash-out Refinance,Primary,SFR,Servicer_E,2021-01,360
LOAN_00002590,143746,0.04938771488112427,700-739,<60%,43-50%,NY,Refinance,Primary,Condo,Servicer_D,2020-03,360
LOAN_00002591,288028,0.07598264652555652,<620,70-80%,20-30%,TX,Cash-out Refinance,Primary,SFR,Servicer_D,2021-02,360
LOAN_00002592,549397,0.03834143996145595,780+,90-100%,43-50%,IL,Purchase,Primary,SFR,Servicer_B,2021-08,360
LOAN_00002593,160001,0.04621728452864624,740-779,<60%,43-50%,OH,Cash-out Refinance,Second Home,SFR,Servicer_A,2020-04,360
LOAN_00002594,262400,0.06643100301561905,<620,70-80%,36-43%,MD,Refinance,Primary,2-4 Unit,Servicer_B,2020-12,360
LOAN_00002595,244325,0.057597484521443615,620-659,70-80%,>50%,PA,Refinance,Primary,SFR,Servicer_B,2020-06,360
LOAN_00002596,209221,0.04550511018090338,740-779,60-70%,20-30%,OH,Cash-out Refinance,Primary,Condo,Servicer_D,2021-07,360
LOAN_00002597,335696,0.06657751883637787,<620,80-90%,<20%,PA,Cash-out Refinance,Primary,SFR,Servicer_B,2022-03,360
LOAN_00002598,370145,0.06714754879803017,<620,80-90%,43-50%,GA,Purchase,Primary,Condo,Servicer_B,2022-11,360
LOAN_00002599,368211,0.05897668802221698,620-659,80-90%,30-36%,WI,Cash-out Refinance,Primary,SFR,Servicer_E,2021-03,360
LOAN_00002600,181969,0.04765124094899783,700-739,60-70%,20-30%,TX,Refinance,Primary,SFR,Servicer_A,2022-08,360
LOAN_00002601,130223,0.0495003445619877,700-739,<60%,<20%,MI,Purchase,Primary,SFR,Servicer_D,2020-08,360
LOAN_00002602,338132,0.05841611278358078,620-659,80-90%,<20%,WA,Refinance,Primary,SFR,Servicer_B,2022-05,180
LOAN_00002603,230277,0.039256851265439444,780+,70-80%,<20%,FL,Purchase,Second Home,2-4 Unit,Servicer_E,2021-09,360
LOAN_00002604,743523,0.07093341857359735,<620,>100%,20-30%,CA,Refinance,Primary,2-4 Unit,Servicer_E,2022-04,360
LOAN_00002605,760898,0.07540250906411006,<620,>100%,>50%,WI,Purchase,Second Home,SFR,Servicer_C,2022-04,360
LOAN_00002606,802385,0.052168541801916754,660-699,>100%,20-30%,PA,Purchase,Primary,2-4 Unit,Servicer_D,2021-08,240
LOAN_00002607,185339,0.05927325390916968,620-659,60-70%,43-50%,IL,Purchase,Investment,SFR,Servicer_E,2020-10,360
LOAN_00002608,394227,0.06922962451419191,<620,90-100%,<20%,OH,Refinance,Second Home,SFR,Servicer_D,2021-07,360
LOAN_00002609,458390,0.07846673006281227,<620,90-100%,20-30%,TX,Purchase,Primary,Condo,Servicer_E,2022-06,360
LOAN_00002610,433296,0.07368377602588838,<620,90-100%,>50%,FL,Refinance,Primary,SFR,Servicer_D,2022-11,240
LOAN_00002611,248401,0.03417354983969449,780+,70-80%,20-30%,CA,Refinance,Primary,SFR,Servicer_A,2022-10,360
LOAN_00002612,562182,0.05121335574006977,700-739,>100%,20-30%,NJ,Purchase,Primary,Condo,Servicer_D,2020-07,360
LOAN_00002613,296629,0.06100825901779863,620-659,80-90%,43-50%,MI,Purchase,Primary,SFR,Servicer_B,2021-10,360
LOAN_00002614,316175,0.04906939243717682,700-739,80-90%,<20%,PA,Purchase,Primary,SFR,Servicer_C,2020-04,180
LOAN_00002615,137459,0.07639320094048438,<620,<60%,<20%,MD,Cash-out Refinance,Primary,Condo,Servicer_D,2022-01,360
LOAN_00002616,409373,0.0745525020736316,<620,90-100%,>50%,OH,Cash-out Refinance,Primary,SFR,Servicer_A,2022-12,360
LOAN_00002617,260353,0.04520883830489524,740-779,70-80%,30-36%,CA,Purchase,Primary,SFR,Servicer_D,2020-02,360
LOAN_00002618,374141,0.05305119976113132,660-699,80-90%,36-43%,TX,Purchase,Primary,Manufactured,Servicer_C,2021-12,180
LOAN_00002619,333552,0.046005350365724354,740-779,80-90%,<20%,MA,Refinance,Primary,SFR,Servicer_B,2022-11,360
LOAN_00002620,324638,0.052658458670725966,660-699,80-90%,20-30%,NJ,Purchase,Investment,SFR,Servicer_D,2022-07,360
LOAN_00002621,289857,0.0522948118079994,660-699,70-80%,30-36%,PA,Purchase,Primary,SFR,Servicer_D,2021-03,360
LOAN_00002622,439459,0.0664510949769623,<620,90-100%,36-43%,IL,Purchase,Primary,Manufactured,Servicer_A,2020-04,360
LOAN_00002623,268485,0.04433842403519399,740-779,70-80%,20-30%,IL,Refinance,Primary,SFR,Servicer_B,2022-10,360
LOAN_00002624,143257,0.023599004740530838,780+,<60%,43-50%,NC,Purchase,Second Home,SFR,Servicer_A,2022-10,360
LOAN_00002625,394146,0.03574548301318216,780+,90-100%,43-50%,MA,Cash-out Refinance,Primary,SFR,Servicer_D,2021-09,180
LOAN_00002626,197896,0.042660380647519244,740-779,60-70%,36-43%,WA,Purchase,Primary,Condo,Servicer_E,2022-12,360
LOAN_00002627,152950,0.04713170093203514,700-739,<60%,30-36%,MA,Purchase,Second Home,SFR,Servicer_E,2020-01,240
LOAN_00002628,177882,0.05724609280738256,620-659,60-70%,36-43%,CA,Cash-out Refinance,Primary,SFR,Servicer_B,2021-11,360
LOAN_00002629,341692,0.04204247313365369,740-779,80-90%,36-43%,VA,Purchase,Primary,SFR,Servicer_B,2020-02,360
LOAN_00002630,282586,0.040466792916880816,740-779,70-80%,<20%,TN,Purchase,Primary,SFR,Servicer_B,2022-10,360
LOAN_00002631,102094,0.04384663098817468,740-779,<60%,43-50%,IL,Purchase,Primary,SFR,Servicer_A,2022-01,240
LOAN_00002632,244793,0.041612151986082625,740-779,70-80%,30-36%,VA,Refinance,Primary,SFR,Servicer_B,2022-09,240
LOAN_00002633,532115,0.04834607506845225,700-739,90-100%,>50%,CA,Refinance,Primary,SFR,Servicer_D,2021-09,360
LOAN_00002634,236653,0.04783255124925921,700-739,70-80%,>50%,MD,Refinance,Primary,SFR,Servicer_A,2020-03,360
LOAN_00002635,273009,0.06326868180368572,620-659,70-80%,<20%,MA,Purchase,Primary,SFR,Servicer_D,2020-01,360
LOAN_00002636,499566,0.04312564737916453,740-779,90-100%,30-36%,WA,Purchase,Primary,Manufactured,Servicer_E,2021-01,180
LOAN_00002637,441416,0.050708840460042745,700-739,90-100%,30-36%,VA,Purchase,Investment,SFR,Servicer_B,2022-03,180
LOAN_00002638,494288,0.04845972784099877,700-739,90-100%,30-36%,AZ,Purchase,Primary,SFR,Servicer_D,2020-06,240
LOAN_00002639,74140,0.06470661971245081,<620,<60%,43-50%,NC,Purchase,Investment,SFR,Servicer_C,2022-07,360
LOAN_00002640,705570,0.05314864868778755,660-699,>100%,<20%,WI,Refinance,Primary,SFR,Servicer_E,2020-09,360
LOAN_00002641,407664,0.06760836068079033,<620,90-100%,36-43%,IL,Refinance,Second Home,SFR,Servicer_C,2021-06,360
LOAN_00002642,1015344,0.041171557887942294,740-779,>100%,>50%,IN,Refinance,Primary,Condo,Servicer_C,2020-08,360
LOAN_00002643,200553,0.054407600698782164,660-699,60-70%,>50%,TN,Refinance,Primary,SFR,Servicer_E,2021-05,360
LOAN_00002644,122795,0.048089307795640815,700-739,<60%,<20%,IN,Refinance,Primary,2-4 Unit,Servicer_B,2021-05,360
LOAN_00002645,297630,0.040287446825372754,740-779,80-90%,>50%,TX,Purchase,Primary,SFR,Servicer_D,2020-01,360
LOAN_00002646,258412,0.05418986750817931,660-699,70-80%,<20%,NC,Refinance,Primary,SFR,Servicer_E,2021-09,360
LOAN_00002647,411198,0.07579513309882269,<620,90-100%,30-36%,WA,Purchase,Primary,SFR,Servicer_B,2022-05,360
LOAN_00002648,507607,0.044765094364886404,740-779,90-100%,20-30%,WA,Refinance,Primary,SFR,Servicer_E,2022-10,360
LOAN_00002649,283893,0.0534705402179468,660-699,70-80%,36-43%,AZ,Purchase,Primary,Condo,Servicer_B,2020-12,360
LOAN_00002650,262930,0.03925322056488939,780+,70-80%,<20%,WA,Refinance,Primary,SFR,Servicer_D,2022-08,360
LOAN_00002651,385139,0.03748926673715189,780+,90-100%,20-30%,IL,Cash-out Refinance,Primary,Condo,Servicer_B,2022-08,180
LOAN_00002652,260885,0.045552972047885186,740-779,70-80%,20-30%,IN,Purchase,Primary,SFR,Servicer_D,2022-12,360
LOAN_00002653,250198,0.04960020386044983,700-739,70-80%,>50%,MI,Purchase,Primary,SFR,Servicer_A,2021-02,240
LOAN_00002654,498105,0.0501330035088262,700-739,90-100%,36-43%,WI,Cash-out Refinance,Primary,SFR,Servicer_E,2022-07,180
LOAN_00002655,556759,0.05228769981904929,660-699,90-100%,36-43%,NJ,Purchase,Primary,SFR,Servicer_A,2021-09,180
LOAN_00002656,509906,0.03522000831155957,780+,90-100%,36-43%,NJ,Purchase,Primary,SFR,Servicer_B,2020-03,360
LOAN_00002657,272633,0.047488645461916335,700-739,70-80%,30-36%,VA,Purchase,Investment,SFR,Servicer_E,2020-10,360
LOAN_00002658,101732,0.0610211016808441,620-659,<60%,<20%,MO,Purchase,Primary,Manufactured,Servicer_A,2022-01,360
LOAN_00002659,275377,0.038701059125265544,780+,70-80%,<20%,MD,Refinance,Primary,SFR,Servicer_E,2020-06,360
LOAN_00002660,203009,0.05073825166185915,700-739,60-70%,30-36%,VA,Cash-out Refinance,Second Home,SFR,Servicer_C,2021-04,360
LOAN_00002661,277933,0.05851412511925681,620-659,70-80%,>50%,NJ,Refinance,Investment,Condo,Servicer_B,2022-04,360
LOAN_00002662,212023,0.04561279693571596,740-779,60-70%,20-30%,TX,Refinance,Primary,SFR,Servicer_E,2020-06,180
LOAN_00002663,293499,0.05909829275393017,620-659,80-90%,36-43%,TX,Refinance,Primary,Condo,Servicer_E,2021-06,360
LOAN_00002664,176374,0.03674648464737963,780+,60-70%,43-50%,MA,Cash-out Refinance,Second Home,2-4 Unit,Servicer_E,2020-08,360
LOAN_00002665,156317,0.06566139487518646,<620,<60%,>50%,OH,Purchase,Primary,SFR,Servicer_C,2021-08,360
LOAN_00002666,546530,0.05938960879712435,620-659,90-100%,20-30%,NC,Refinance,Primary,Manufactured,Servicer_A,2020-09,360
LOAN_00002667,182621,0.055667984842113605,660-699,60-70%,>50%,WA,Purchase,Primary,SFR,Servicer_D,2022-11,360
LOAN_00002668,296607,0.06849781631567009,<620,80-90%,36-43%,IL,Purchase,Primary,SFR,Servicer_D,2020-03,180
LOAN_00002669,477948,0.051047811289160624,700-739,90-100%,30-36%,OH,Refinance,Second Home,SFR,Servicer_E,2022-11,360
LOAN_00002670,468434,0.04758572665045706,700-739,90-100%,43-50%,CA,Refinance,Primary,Condo,Servicer_D,2022-05,360
LOAN_00002671,441275,0.07147053140916695,<620,90-100%,20-30%,TN,Cash-out Refinance,Primary,SFR,Servicer_B,2022-07,360
LOAN_00002672,345046,0.07708918962681754,<620,80-90%,43-50%,NJ,Purchase,Investment,SFR,Servicer_C,2022-07,360
LOAN_00002673,425917,0.04667874752658685,740-779,90-100%,36-43%,NY,Purchase,Primary,SFR,Servicer_D,2020-07,180
LOAN_00002674,589213,0.053635081154706214,660-699,>100%,43-50%,VA,Purchase,Primary,SFR,Servicer_D,2022-10,240
LOAN_00002675,366777,0.06754051051913745,<620,80-90%,43-50%,FL,Purchase,Primary,SFR,Servicer_B,2021-10,180
LOAN_00002676,118349,0.05406225997827073,660-699,<60%,36-43%,TN,Purchase,Primary,SFR,Servicer_B,2022-11,240
LOAN_00002677,227688,0.0621350621048558,620-659,70-80%,<20%,IL,Refinance,Primary,Manufactured,Servicer_E,2022-08,180
LOAN_00002678,420073,0.06436484316986059,<620,90-100%,20-30%,PA,Refinance,Primary,Condo,Servicer_E,2021-09,360
LOAN_00002679,216739,0.04825234509332147,700-739,60-70%,43-50%,MO,Purchase,Second Home,Manufactured,Servicer_B,2021-02,360
LOAN_00002680,666671,0.06003129596080311,620-659,>100%,36-43%,MA,Purchase,Primary,SFR,Servicer_A,2020-05,360
LOAN_00002681,287336,0.054925687665880754,660-699,70-80%,43-50%,AZ,Purchase,Investment,SFR,Servicer_D,2020-04,360
LOAN_00002682,309472,0.04039757687927485,740-779,80-90%,30-36%,WA,Refinance,Primary,SFR,Servicer_A,2021-03,180
LOAN_00002683,520409,0.043124168242859195,740-779,90-100%,30-36%,NJ,Purchase,Investment,SFR,Servicer_A,2022-06,360
LOAN_00002684,270648,0.04717099690724358,700-739,70-80%,43-50%,NY,Purchase,Primary,SFR,Servicer_C,2021-07,180
LOAN_00002685,323883,0.06614223820963125,<620,80-90%,43-50%,OH,Purchase,Primary,SFR,Servicer_B,2021-06,360
LOAN_00002686,464892,0.06653629794775993,<620,90-100%,30-36%,WI,Purchase,Primary,Condo,Servicer_A,2020-09,180
LOAN_00002687,142040,0.06399895501985942,<620,<60%,<20%,MD,Purchase,Primary,SFR,Servicer_B,2021-09,360
LOAN_00002688,257133,0.06028132843918742,620-659,70-80%,43-50%,MA,Cash-out Refinance,Investment,SFR,Servicer_D,2021-11,360
LOAN_00002689,448909,0.059953915685877275,620-659,90-100%,43-50%,MO,Purchase,Second Home,SFR,Servicer_D,2022-12,360
LOAN_00002690,306446,0.05833072539465796,620-659,80-90%,30-36%,IN,Purchase,Primary,SFR,Servicer_D,2022-03,360
LOAN_00002691,617643,0.05989116466505961,620-659,>100%,30-36%,GA,Purchase,Primary,SFR,Servicer_B,2021-10,360
LOAN_00002692,134866,0.06070435100397043,620-659,<60%,20-30%,MA,Purchase,Primary,Manufactured,Servicer_D,2022-09,180
LOAN_00002693,127388,0.03814693401127143,780+,<60%,30-36%,TN,Cash-out Refinance,Primary,SFR,Servicer_B,2021-04,360
LOAN_00002694,435758,0.04551703424866914,740-779,90-100%,20-30%,FL,Refinance,Investment,SFR,Servicer_D,2022-10,360
LOAN_00002695,457212,0.042652940506215486,740-779,90-100%,20-30%,MD,Purchase,Primary,SFR,Servicer_A,2021-02,360
LOAN_00002696,269244,0.06828574009184811,<620,70-80%,43-50%,MI,Refinance,Second Home,SFR,Servicer_C,2020-05,360
LOAN_00002697,362288,0.07484920124300336,<620,80-90%,30-36%,OH,Purchase,Investment,2-4 Unit,Servicer_B,2021-04,360
LOAN_00002698,430457,0.0289714249550539,780+,90-100%,43-50%,MI,Purchase,Primary,Condo,Servicer_D,2020-05,360
LOAN_00002699,197415,0.07377777534245994,<620,60-70%,30-36%,OH,Purchase,Primary,SFR,Servicer_B,2020-05,360
LOAN_00002700,208266,0.056040656482378354,660-699,60-70%,<20%,OH,Cash-out Refinance,Primary,Manufactured,Servicer_B,2022-08,360
LOAN_00002701,326068,0.06715263782990442,<620,80-90%,30-36%,NJ,Refinance,Second Home,SFR,Servicer_C,2022-05,240
LOAN_00002702,466048,0.06107760585501876,620-659,90-100%,20-30%,WI,Purchase,Primary,2-4 Unit,Servicer_D,2020-08,240
LOAN_00002703,165548,0.07228474064319905,<620,<60%,36-43%,NC,Refinance,Primary,SFR,Servicer_C,2022-07,360
LOAN_00002704,268612,0.057516909200289956,620-659,70-80%,>50%,IL,Purchase,Primary,Condo,Servicer_E,2020-03,240
LOAN_00002705,262467,0.038638546494245,780+,70-80%,43-50%,TN,Purchase,Primary,2-4 Unit,Servicer_E,2020-11,180
LOAN_00002706,365484,0.05373190139472148,660-699,80-90%,43-50%,PA,Purchase,Primary,SFR,Servicer_D,2022-02,180
LOAN_00002707,295271,0.06118787255328167,620-659,80-90%,43-50%,NJ,Purchase,Investment,SFR,Servicer_C,2020-11,360
LOAN_00002708,225721,0.0524084667815877,660-699,60-70%,43-50%,PA,Purchase,Primary,SFR,Servicer_C,2022-03,180
LOAN_00002709,553647,0.06289278066583205,620-659,90-100%,36-43%,IL,Cash-out Refinance,Primary,SFR,Servicer_A,2022-08,180
LOAN_00002710,226470,0.054211631336314674,660-699,70-80%,36-43%,PA,Purchase,Primary,SFR,Servicer_C,2020-03,360
LOAN_00002711,256261,0.04785388817062156,700-739,70-80%,30-36%,GA,Purchase,Second Home,SFR,Servicer_E,2020-01,240
LOAN_00002712,133820,0.04196825940026151,740-779,<60%,<20%,WI,Purchase,Primary,SFR,Servicer_D,2022-10,360
LOAN_00002713,207562,0.05029821540959987,700-739,60-70%,36-43%,AZ,Purchase,Primary,SFR,Servicer_A,2021-07,360
LOAN_00002714,383861,0.057454859796403926,620-659,90-100%,36-43%,AZ,Purchase,Primary,2-4 Unit,Servicer_A,2021-07,360
LOAN_00002715,348119,0.03148729834892859,780+,80-90%,20-30%,TX,Purchase,Primary,SFR,Servicer_E,2021-05,360
LOAN_00002716,400215,0.04563908307141972,740-779,90-100%,>50%,CA,Purchase,Primary,SFR,Servicer_D,2021-04,360
LOAN_00002717,390620,0.03103969546270722,780+,90-100%,<20%,OH,Purchase,Second Home,SFR,Servicer_C,2022-01,180
LOAN_00002718,842270,0.04759510175226352,700-739,>100%,36-43%,MO,Purchase,Second Home,Manufactured,Servicer_E,2021-09,360
LOAN_00002719,204039,0.06936777681144668,<620,60-70%,>50%,CA,Refinance,Primary,SFR,Servicer_A,2020-06,180
LOAN_00002720,131964,0.04076660341925397,740-779,<60%,20-30%,TN,Cash-out Refinance,Primary,SFR,Servicer_D,2021-11,180
LOAN_00002721,175382,0.06343791695033596,<620,60-70%,>50%,IN,Purchase,Primary,SFR,Servicer_E,2022-01,360
LOAN_00002722,208600,0.08918590152774784,<620,60-70%,43-50%,PA,Refinance,Primary,SFR,Servicer_C,2020-05,180
LOAN_00002723,182195,0.0724424575750882,<620,60-70%,36-43%,FL,Refinance,Primary,Manufactured,Servicer_C,2021-02,180
LOAN_00002724,310776,0.05660216056469454,660-699,80-90%,>50%,NY,Refinance,Primary,SFR,Servicer_B,2022-05,360
LOAN_00002725,554780,0.06530121346955779,<620,90-100%,36-43%,TX,Refinance,Primary,SFR,Servicer_E,2021-11,360
LOAN_00002726,640388,0.0385638063707585,780+,>100%,30-36%,IN,Refinance,Primary,SFR,Servicer_D,2020-05,180
LOAN_00002727,381609,0.03611902415907335,780+,90-100%,36-43%,TN,Cash-out Refinance,Primary,SFR,Servicer_C,2020-02,180
LOAN_00002728,865130,0.055344377308952725,660-699,>100%,30-36%,AZ,Purchase,Primary,SFR,Servicer_B,2021-09,240
LOAN_00002729,248156,0.05978332676162094,620-659,70-80%,20-30%,TX,Purchase,Primary,SFR,Servicer_C,2021-05,240
LOAN_00002730,131103,0.06813285141099089,<620,<60%,<20%,WI,Refinance,Primary,Condo,Servicer_C,2022-11,360
LOAN_00002731,502117,0.04817485430318422,700-739,90-100%,30-36%,AZ,Cash-out Refinance,Primary,SFR,Servicer_B,2021-07,360
LOAN_00002732,118267,0.05732074581233975,620-659,<60%,43-50%,IN,Purchase,Primary,SFR,Servicer_E,2022-10,360
LOAN_00002733,203312,0.05690933867863569,620-659,60-70%,>50%,GA,Cash-out Refinance,Primary,SFR,Servicer_B,2020-08,360
LOAN_00002734,384637,0.053423270733082395,660-699,90-100%,>50%,NY,Refinance,Investment,Condo,Servicer_A,2021-05,360
LOAN_00002735,281759,0.05413030148639199,660-699,70-80%,20-30%,IN,Refinance,Primary,SFR,Servicer_D,2020-06,360
LOAN_00002736,269553,0.04474354596832528,740-779,70-80%,36-43%,TX,Cash-out Refinance,Second Home,Condo,Servicer_D,2021-09,240
LOAN_00002737,164325,0.058356488900619556,620-659,<60%,36-43%,NY,Refinance,Primary,Condo,Servicer_A,2020-07,180
LOAN_00002738,294961,0.05734059976234094,620-659,80-90%,20-30%,NY,Refinance,Primary,2-4 Unit,Servicer_D,2021-06,360
LOAN_00002739,489838,0.04971985880852758,700-739,90-100%,36-43%,TX,Refinance,Primary,SFR,Servicer_C,2021-01,360
LOAN_00002740,299534,0.0629892911922828,620-659,80-90%,30-36%,VA,Purchase,Primary,2-4 Unit,Servicer_D,2020-07,180
LOAN_00002741,195807,0.06733397906118756,<620,60-70%,>50%,IL,Cash-out Refinance,Second Home,Condo,Servicer_B,2020-04,360
LOAN_00002742,158931,0.06312851555170555,620-659,<60%,20-30%,WI,Cash-out Refinance,Primary,SFR,Servicer_A,2021-07,360
LOAN_00002743,197837,0.04249068015927131,740-779,60-70%,43-50%,MD,Refinance,Primary,SFR,Servicer_C,2022-11,360
LOAN_00002744,360831,0.0561957492023439,660-699,80-90%,43-50%,NY,Purchase,Primary,SFR,Servicer_A,2020-08,360
LOAN_00002745,352145,0.04406282124563857,740-779,80-90%,36-43%,IN,Purchase,Primary,SFR,Servicer_B,2021-03,360
LOAN_00002746,198738,0.056158656955598,660-699,60-70%,20-30%,CA,Purchase,Primary,Condo,Servicer_A,2020-09,360
LOAN_00002747,98186,0.044109559635761034,740-779,<60%,20-30%,PA,Purchase,Investment,Manufactured,Servicer_B,2022-06,240
LOAN_00002748,365860,0.07032596004825743,<620,80-90%,>50%,AZ,Refinance,Primary,SFR,Servicer_E,2021-03,180
LOAN_00002749,189310,0.0643999776282381,<620,60-70%,<20%,IL,Cash-out Refinance,Primary,Manufactured,Servicer_C,2022-12,360
LOAN_00002750,418541,0.06883587166410868,<620,90-100%,<20%,TX,Refinance,Primary,SFR,Servicer_D,2020-09,360
LOAN_00002751,203199,0.06762066508234596,<620,60-70%,>50%,NY,Purchase,Primary,Manufactured,Servicer_D,2020-03,180
LOAN_00002752,180963,0.05175280346111602,700-739,60-70%,43-50%,AZ,Cash-out Refinance,Investment,SFR,Servicer_A,2021-09,360
LOAN_00002753,320163,0.04989268307767089,700-739,80-90%,36-43%,IL,Cash-out Refinance,Primary,SFR,Servicer_E,2021-12,360
LOAN_00002754,964002,0.07590068594440183,<620,>100%,20-30%,IL,Refinance,Second Home,SFR,Servicer_A,2022-12,360
LOAN_00002755,431280,0.05301856419793102,660-699,90-100%,30-36%,IL,Purchase,Primary,Manufactured,Servicer_B,2022-08,360
LOAN_00002756,317460,0.03874503229033601,780+,80-90%,43-50%,MO,Refinance,Primary,SFR,Servicer_D,2022-08,360
LOAN_00002757,354841,0.0670896008039899,<620,80-90%,20-30%,MO,Purchase,Primary,SFR,Servicer_C,2021-11,360
LOAN_00002758,123555,0.05672530801916465,620-659,<60%,20-30%,IN,Purchase,Second Home,2-4 Unit,Servicer_B,2021-01,360
LOAN_00002759,169198,0.07307132948774779,<620,<60%,<20%,CA,Refinance,Primary,SFR,Servicer_B,2021-04,240
LOAN_00002760,84502,0.057915636135770186,620-659,<60%,36-43%,PA,Refinance,Primary,SFR,Servicer_C,2020-05,360
LOAN_00002761,704283,0.05475998215183944,660-699,>100%,20-30%,MO,Purchase,Primary,SFR,Servicer_D,2021-04,360
LOAN_00002762,636470,0.07331344970529628,<620,>100%,43-50%,VA,Cash-out Refinance,Primary,Condo,Servicer_D,2021-02,240
LOAN_00002763,360919,0.03653840385955615,780+,80-90%,20-30%,CA,Cash-out Refinance,Second Home,2-4 Unit,Servicer_B,2020-02,360
LOAN_00002764,317285,0.04797565234476391,700-739,80-90%,20-30%,IL,Refinance,Investment,SFR,Servicer_B,2020-08,360
LOAN_00002765,136517,0.0443516443377375,740-779,<60%,>50%,IN,Purchase,Primary,SFR,Servicer_A,2021-08,180
LOAN_00002766,265760,0.02865904265712059,780+,70-80%,>50%,MO,Purchase,Primary,SFR,Servicer_E,2021-02,360
LOAN_00002767,726646,0.06547811713619923,<620,>100%,36-43%,NC,Refinance,Primary,SFR,Servicer_D,2022-12,360
LOAN_00002768,316699,0.04831097903220473,700-739,80-90%,>50%,NY,Cash-out Refinance,Primary,SFR,Servicer_B,2021-06,360
LOAN_00002769,223614,0.0658644164997589,<620,60-70%,20-30%,TX,Refinance,Primary,SFR,Servicer_A,2022-11,360
LOAN_00002770,123126,0.05966903789481525,620-659,<60%,30-36%,IL,Purchase,Primary,SFR,Servicer_E,2021-12,360
LOAN_00002771,591343,0.06228570959953221,620-659,>100%,20-30%,TN,Purchase,Primary,SFR,Servicer_A,2020-02,360
LOAN_00002772,286346,0.049535206229912226,700-739,70-80%,30-36%,IN,Purchase,Second Home,Condo,Servicer_A,2020-08,360
LOAN_00002773,123208,0.04582902227217942,740-779,<60%,43-50%,PA,Refinance,Primary,SFR,Servicer_E,2022-02,360
LOAN_00002774,186813,0.05607713050263665,660-699,60-70%,43-50%,WI,Purchase,Second Home,2-4 Unit,Servicer_B,2021-08,360
LOAN_00002775,156565,0.06603001819969803,<620,<60%,<20%,MO,Purchase,Primary,2-4 Unit,Servicer_E,2020-11,360
LOAN_00002776,277653,0.0543954159341951,660-699,70-80%,30-36%,WI,Refinance,Investment,SFR,Servicer_C,2021-07,360
LOAN_00002777,328952,0.04657676412841249,740-779,80-90%,>50%,TN,Cash-out Refinance,Investment,2-4 Unit,Servicer_C,2022-09,360
LOAN_00002778,230588,0.0406117829032197,740-779,70-80%,36-43%,VA,Purchase,Primary,Manufactured,Servicer_E,2021-02,240
LOAN_00002779,437364,0.057449956183885924,620-659,90-100%,20-30%,WI,Purchase,Primary,Condo,Servicer_A,2020-02,360
LOAN_00002780,308476,0.048351189580857545,700-739,80-90%,30-36%,AZ,Refinance,Primary,SFR,Servicer_B,2020-12,360
LOAN_00002781,504415,0.05413911295132312,660-699,90-100%,20-30%,IN,Cash-out Refinance,Second Home,SFR,Servicer_B,2022-10,360
LOAN_00002782,248054,0.052134654613016085,660-699,70-80%,30-36%,NC,Purchase,Primary,Condo,Servicer_D,2022-04,360
LOAN_00002783,1359547,0.04966682830378546,700-739,>100%,30-36%,IL,Purchase,Primary,Condo,Servicer_B,2022-07,360
LOAN_00002784,223631,0.05852564272911415,620-659,60-70%,30-36%,VA,Refinance,Second Home,SFR,Servicer_E,2022-09,240
LOAN_00002785,188779,0.06165404900972928,620-659,60-70%,30-36%,NC,Purchase,Primary,SFR,Servicer_D,2020-05,180
LOAN_00002786,177521,0.0785833473358094,<620,60-70%,30-36%,GA,Cash-out Refinance,Primary,SFR,Servicer_E,2020-11,360
LOAN_00002787,266873,0.06409561257621414,<620,70-80%,<20%,AZ,Refinance,Primary,Condo,Servicer_E,2020-03,360
LOAN_00002788,125521,0.07412418795368969,<620,<60%,<20%,WA,Purchase,Primary,2-4 Unit,Servicer_D,2020-01,360
LOAN_00002789,343616,0.04517679554317916,740-779,80-90%,30-36%,OH,Cash-out Refinance,Primary,SFR,Servicer_B,2022-07,360
LOAN_00002790,114387,0.035788662751275714,780+,<60%,43-50%,IL,Refinance,Primary,SFR,Servicer_D,2022-10,360
LOAN_00002791,321526,0.054826836931358106,660-699,80-90%,43-50%,NJ,Purchase,Primary,Manufactured,Servicer_C,2020-06,360
LOAN_00002792,150900,0.06529632692978919,<620,<60%,<20%,OH,Purchase,Primary,SFR,Servicer_B,2022-02,360
LOAN_00002793,245083,0.06341394061791315,<620,70-80%,30-36%,IL,Refinance,Second Home,Condo,Servicer_B,2021-08,360
LOAN_00002794,401222,0.06953657886791889,<620,90-100%,36-43%,IL,Cash-out Refinance,Primary,SFR,Servicer_E,2020-03,360
LOAN_00002795,938481,0.024561455692177523,780+,>100%,30-36%,AZ,Purchase,Primary,SFR,Servicer_D,2022-09,360
LOAN_00002796,172991,0.0700357227386105,<620,60-70%,36-43%,NC,Purchase,Primary,SFR,Servicer_A,2022-08,360
LOAN_00002797,275086,0.05902555151715569,620-659,70-80%,>50%,OH,Cash-out Refinance,Primary,SFR,Servicer_B,2021-09,240
LOAN_00002798,206513,0.03647183985849985,780+,60-70%,<20%,FL,Purchase,Primary,SFR,Servicer_C,2022-02,360
LOAN_00002799,191964,0.06368234616074567,<620,60-70%,30-36%,TX,Purchase,Primary,SFR,Servicer_D,2021-03,180
LOAN_00002800,207422,0.05703379092199556,620-659,60-70%,30-36%,AZ,Purchase,Primary,Condo,Servicer_B,2022-05,360
LOAN_00002801,447769,0.05957475158293661,620-659,90-100%,36-43%,WI,Refinance,Primary,Manufactured,Servicer_D,2021-05,360
LOAN_00002802,232343,0.06698930980378434,<620,70-80%,20-30%,OH,Refinance,Primary,Condo,Servicer_B,2022-12,360
LOAN_00002803,913150,0.06016330442116859,620-659,>100%,36-43%,IN,Purchase,Primary,SFR,Servicer_A,2020-03,360
LOAN_00002804,365123,0.037326098818363775,780+,80-90%,<20%,WA,Purchase,Investment,SFR,Servicer_A,2020-07,180
LOAN_00002805,178973,0.053283684762605095,660-699,60-70%,36-43%,OH,Refinance,Primary,SFR,Servicer_E,2022-11,360
LOAN_00002806,246877,0.0355882579497893,780+,70-80%,36-43%,VA,Refinance,Primary,SFR,Servicer_D,2020-11,360
LOAN_00002807,198605,0.0627887425667067,620-659,60-70%,20-30%,FL,Purchase,Investment,SFR,Servicer_E,2020-12,360
LOAN_00002808,442428,0.07177564289900848,<620,90-100%,>50%,OH,Purchase,Primary,2-4 Unit,Servicer_C,2022-05,240
LOAN_00002809,130693,0.04010257644937209,740-779,<60%,43-50%,MA,Refinance,Second Home,SFR,Servicer_C,2020-07,360
LOAN_00002810,151679,0.04694243487361108,740-779,<60%,30-36%,MO,Purchase,Primary,SFR,Servicer_B,2021-07,360
LOAN_00002811,220626,0.04441156814653398,740-779,60-70%,>50%,IL,Purchase,Primary,SFR,Servicer_A,2020-11,360
LOAN_00002812,417263,0.04955313673673996,700-739,90-100%,43-50%,MD,Cash-out Refinance,Second Home,SFR,Servicer_D,2020-08,360
LOAN_00002813,549371,0.05994907789838642,620-659,90-100%,<20%,WA,Cash-out Refinance,Primary,2-4 Unit,Servicer_A,2022-11,360
LOAN_00002814,591413,0.04968317053478609,700-739,>100%,36-43%,IL,Purchase,Primary,SFR,Servicer_E,2020-08,360
LOAN_00002815,386505,0.0628303620723883,620-659,90-100%,36-43%,TN,Cash-out Refinance,Primary,SFR,Servicer_A,2020-04,360
LOAN_00002816,284518,0.0677845572409117,<620,70-80%,36-43%,MO,Refinance,Primary,SFR,Servicer_E,2022-01,180
LOAN_00002817,441226,0.06822111113595132,<620,90-100%,>50%,PA,Cash-out Refinance,Primary,2-4 Unit,Servicer_C,2022-08,360
LOAN_00002818,167334,0.04158182685556423,740-779,<60%,30-36%,FL,Cash-out Refinance,Primary,SFR,Servicer_B,2020-05,360
LOAN_00002819,117909,0.07163114733367268,<620,<60%,<20%,PA,Refinance,Primary,Condo,Servicer_B,2022-02,360
LOAN_00002820,368913,0.07259286741851487,<620,80-90%,30-36%,TN,Purchase,Primary,SFR,Servicer_D,2021-08,180
LOAN_00002821,179361,0.07363215917484603,<620,60-70%,43-50%,TX,Purchase,Investment,2-4 Unit,Servicer_E,2022-06,360
LOAN_00002822,287031,0.05310622216338765,660-699,70-80%,30-36%,PA,Refinance,Investment,Condo,Servicer_C,2020-05,360
LOAN_00002823,314838,0.04597789032027667,740-779,80-90%,<20%,OH,Purchase,Primary,SFR,Servicer_C,2022-12,180
LOAN_00002824,335729,0.04318910570223898,740-779,80-90%,20-30%,CA,Refinance,Second Home,SFR,Servicer_E,2021-11,180
LOAN_00002825,473968,0.04177864136110217,740-779,90-100%,36-43%,VA,Purchase,Second Home,SFR,Servicer_C,2022-07,180
LOAN_00002826,449565,0.05514028487997843,660-699,90-100%,<20%,IN,Cash-out Refinance,Primary,Condo,Servicer_B,2021-02,360
LOAN_00002827,326929,0.06517422227788511,<620,80-90%,30-36%,NY,Cash-out Refinance,Primary,Condo,Servicer_E,2022-10,360
LOAN_00002828,237754,0.07067870129184814,<620,70-80%,<20%,MO,Purchase,Primary,SFR,Servicer_E,2021-11,360
LOAN_00002829,312975,0.049173314603651784,700-739,80-90%,30-36%,WI,Refinance,Primary,SFR,Servicer_C,2020-05,360
LOAN_00002830,220112,0.054535740795036536,660-699,60-70%,<20%,MO,Cash-out Refinance,Second Home,2-4 Unit,Servicer_A,2022-10,360
LOAN_00002831,268816,0.053749749359182655,660-699,70-80%,<20%,MA,Refinance,Primary,2-4 Unit,Servicer_B,2022-05,360
LOAN_00002832,1098094,0.04737663700161833,700-739,>100%,36-43%,NC,Cash-out Refinance,Primary,SFR,Servicer_E,2020-11,240
LOAN_00002833,324842,0.06382899435712744,<620,80-90%,20-30%,IL,Refinance,Second Home,Condo,Servicer_E,2021-08,240
LOAN_00002834,371432,0.059354178959478705,620-659,80-90%,20-30%,MD,Purchase,Primary,SFR,Servicer_D,2021-02,360
LOAN_00002835,208409,0.056701878101435274,620-659,60-70%,36-43%,NJ,Purchase,Investment,SFR,Servicer_C,2021-08,360
LOAN_00002836,493874,0.0592996652703511,620-659,90-100%,<20%,MI,Purchase,Investment,2-4 Unit,Servicer_E,2022-11,360
LOAN_00002837,433712,0.06238541497548981,620-659,90-100%,<20%,GA,Purchase,Primary,Condo,Servicer_C,2022-09,360
LOAN_00002838,435250,0.062265244229564656,620-659,90-100%,30-36%,IL,Refinance,Primary,SFR,Servicer_A,2020-08,360
LOAN_00002839,330197,0.044938120526537714,740-779,80-90%,30-36%,GA,Refinance,Primary,SFR,Servicer_B,2022-11,360
LOAN_00002840,497372,0.06575594258491535,<620,90-100%,30-36%,TN,Purchase,Primary,SFR,Servicer_B,2021-04,360
LOAN_00002841,560084,0.05806439341216671,620-659,>100%,>50%,VA,Purchase,Second Home,SFR,Servicer_D,2022-02,180
LOAN_00002842,341652,0.04978460566023682,700-739,80-90%,30-36%,GA,Purchase,Primary,Manufactured,Servicer_B,2022-04,360
LOAN_00002843,280041,0.05781075629735404,620-659,70-80%,36-43%,FL,Purchase,Primary,SFR,Servicer_D,2021-06,360
LOAN_00002844,463835,0.05913372972070064,620-659,90-100%,>50%,NC,Refinance,Primary,SFR,Servicer_B,2021-05,360
LOAN_00002845,188704,0.06798140400596948,<620,60-70%,30-36%,IL,Purchase,Primary,Condo,Servicer_D,2021-05,180
LOAN_00002846,207113,0.04244613245817784,740-779,60-70%,43-50%,GA,Cash-out Refinance,Primary,SFR,Servicer_B,2022-08,360
LOAN_00002847,288759,0.07089981224385032,<620,70-80%,30-36%,FL,Cash-out Refinance,Primary,SFR,Servicer_B,2021-02,360
LOAN_00002848,124159,0.05527799627571793,660-699,<60%,36-43%,MD,Refinance,Primary,SFR,Servicer_D,2020-11,360
LOAN_00002849,448559,0.04892616099101682,700-739,90-100%,>50%,NY,Refinance,Second Home,SFR,Servicer_E,2021-02,240
LOAN_00002850,183238,0.04855890280171438,700-739,60-70%,<20%,FL,Cash-out Refinance,Primary,SFR,Servicer_D,2020-08,360
LOAN_00002851,234275,0.04298358689988904,740-779,70-80%,>50%,AZ,Purchase,Primary,SFR,Servicer_C,2021-03,360
LOAN_00002852,266561,0.03410902139491909,780+,70-80%,30-36%,OH,Purchase,Primary,Manufactured,Servicer_E,2020-05,360
LOAN_00002853,302441,0.06312879856431045,620-659,80-90%,36-43%,WI,Purchase,Primary,2-4 Unit,Servicer_E,2020-04,360
LOAN_00002854,249739,0.07877063680506358,<620,70-80%,30-36%,NC,Purchase,Primary,SFR,Servicer_E,2022-03,360
LOAN_00002855,286735,0.035588615813970215,780+,70-80%,20-30%,AZ,Purchase,Primary,SFR,Servicer_A,2020-03,360
LOAN_00002856,287847,0.0435948650088357,740-779,70-80%,<20%,IN,Refinance,Primary,SFR,Servicer_E,2021-09,360
LOAN_00002857,237158,0.064018998269744,<620,70-80%,>50%,WI,Purchase,Primary,SFR,Servicer_C,2022-05,360
LOAN_00002858,201471,0.05445235709594293,660-699,60-70%,36-43%,IN,Purchase,Investment,SFR,Servicer_D,2022-03,360
LOAN_00002859,509271,0.06501303090730179,<620,90-100%,43-50%,VA,Purchase,Second Home,SFR,Servicer_E,2021-05,360
LOAN_00002860,103548,0.05377935372221396,660-699,<60%,20-30%,IN,Purchase,Primary,SFR,Servicer_C,2020-07,360
LOAN_00002861,267571,0.048032470008803466,700-739,70-80%,20-30%,PA,Refinance,Primary,2-4 Unit,Servicer_D,2022-10,180
LOAN_00002862,234579,0.052289894671922424,660-699,70-80%,20-30%,MO,Purchase,Primary,SFR,Servicer_E,2022-07,180
LOAN_00002863,365636,0.02641492693292844,780+,80-90%,20-30%,MO,Purchase,Primary,SFR,Servicer_A,2021-11,360
LOAN_00002864,143322,0.04127818785221842,740-779,<60%,30-36%,GA,Purchase,Primary,2-4 Unit,Servicer_D,2020-04,360
LOAN_00002865,230984,0.06637935249062442,<620,70-80%,>50%,TX,Refinance,Primary,2-4 Unit,Servicer_D,2020-02,360
LOAN_00002866,281762,0.06930279813014614,<620,70-80%,43-50%,AZ,Purchase,Primary,SFR,Servicer_A,2020-12,360
LOAN_00002867,506377,0.07187399266110779,<620,90-100%,30-36%,FL,Refinance,Primary,Condo,Servicer_A,2020-06,360
LOAN_00002868,350141,0.060290432157376395,620-659,80-90%,20-30%,CA,Cash-out Refinance,Primary,Condo,Servicer_D,2022-07,360
LOAN_00002869,164104,0.02792717350856476,780+,<60%,36-43%,MD,Purchase,Primary,SFR,Servicer_B,2020-08,360
LOAN_00002870,232410,0.0473799216497543,700-739,70-80%,36-43%,VA,Purchase,Primary,SFR,Servicer_B,2020-11,180
LOAN_00002871,461863,0.07089586811858359,<620,90-100%,36-43%,AZ,Refinance,Primary,Condo,Servicer_B,2022-12,360
LOAN_00002872,162691,0.07447665086420265,<620,<60%,30-36%,MO,Purchase,Primary,SFR,Servicer_C,2022-06,180
LOAN_00002873,285123,0.07135177291608692,<620,70-80%,<20%,MD,Cash-out Refinance,Primary,2-4 Unit,Servicer_B,2020-08,360
LOAN_00002874,295209,0.052164970422762406,660-699,80-90%,<20%,WI,Refinance,Investment,Manufactured,Servicer_A,2021-02,360
LOAN_00002875,244533,0.03932108960110522,780+,70-80%,>50%,FL,Purchase,Primary,SFR,Servicer_A,2021-07,360
LOAN_00002876,1141525,0.05451242092049822,660-699,>100%,36-43%,OH,Purchase,Primary,SFR,Servicer_B,2021-12,360
LOAN_00002877,241260,0.05517768421876315,660-699,70-80%,>50%,TN,Refinance,Primary,2-4 Unit,Servicer_D,2022-10,360
LOAN_00002878,371343,0.07378677784109744,<620,80-90%,20-30%,CA,Refinance,Primary,SFR,Servicer_C,2022-08,240
LOAN_00002879,202167,0.05773349560146654,620-659,60-70%,30-36%,IL,Purchase,Second Home,SFR,Servicer_D,2022-12,360
LOAN_00002880,386108,0.055200174146569254,660-699,90-100%,20-30%,NJ,Refinance,Primary,Condo,Servicer_C,2020-02,240
LOAN_00002881,458352,0.0558819417777215,660-699,90-100%,>50%,OH,Purchase,Second Home,SFR,Servicer_B,2020-09,360
LOAN_00002882,221022,0.059798305957152235,620-659,60-70%,20-30%,NY,Cash-out Refinance,Primary,SFR,Servicer_E,2021-09,360
LOAN_00002883,288557,0.06251728103273882,620-659,70-80%,36-43%,MO,Cash-out Refinance,Primary,SFR,Servicer_C,2020-02,240
LOAN_00002884,189540,0.04630555079178405,740-779,60-70%,20-30%,NC,Purchase,Primary,2-4 Unit,Servicer_D,2021-01,240
LOAN_00002885,167342,0.042308555264493175,740-779,<60%,<20%,NC,Purchase,Primary,Manufactured,Servicer_C,2020-06,360
LOAN_00002886,498021,0.07144670225685638,<620,90-100%,20-30%,AZ,Purchase,Primary,SFR,Servicer_C,2022-10,180
LOAN_00002887,224807,0.0353075044667718,780+,60-70%,30-36%,AZ,Cash-out Refinance,Primary,SFR,Servicer_E,2020-03,240
LOAN_00002888,88715,0.07465296951045727,<620,<60%,43-50%,MI,Purchase,Primary,SFR,Servicer_B,2020-06,360
LOAN_00002889,716890,0.0320718556329556,780+,>100%,>50%,MO,Purchase,Primary,SFR,Servicer_E,2020-08,360
LOAN_00002890,198580,0.04798550640602775,700-739,60-70%,36-43%,PA,Refinance,Primary,SFR,Servicer_A,2020-06,360
LOAN_00002891,262187,0.06666224764700136,<620,70-80%,30-36%,MO,Purchase,Primary,SFR,Servicer_E,2021-09,360
LOAN_00002892,673641,0.055004102668939285,660-699,>100%,43-50%,MO,Purchase,Second Home,SFR,Servicer_D,2021-02,360
LOAN_00002893,276268,0.039202278354857914,780+,70-80%,<20%,CA,Refinance,Primary,Condo,Servicer_E,2022-09,360
LOAN_00002894,273301,0.060117137849511955,620-659,70-80%,43-50%,TN,Refinance,Primary,Condo,Servicer_B,2020-10,360
LOAN_00002895,160478,0.05580405210160577,660-699,<60%,43-50%,NY,Refinance,Primary,Condo,Servicer_D,2021-08,360
LOAN_00002896,130951,0.052407420538696264,660-699,<60%,30-36%,MI,Purchase,Primary,SFR,Servicer_D,2021-12,360
LOAN_00002897,272885,0.04751293251060511,700-739,70-80%,<20%,MD,Refinance,Primary,SFR,Servicer_A,2021-11,360
LOAN_00002898,355544,0.0545847280056328,660-699,80-90%,20-30%,NY,Refinance,Primary,SFR,Servicer_D,2022-05,360
LOAN_00002899,345505,0.048016940656571735,700-739,80-90%,30-36%,VA,Purchase,Primary,SFR,Servicer_E,2020-08,180
LOAN_00002900,233134,0.08421439202618991,<620,70-80%,>50%,TN,Cash-out Refinance,Primary,Condo,Servicer_E,2021-07,360
LOAN_00002901,299577,0.052119794178198724,660-699,80-90%,36-43%,MI,Purchase,Primary,Condo,Servicer_D,2022-05,240
LOAN_00002902,118349,0.050514916554170675,700-739,<60%,30-36%,TX,Purchase,Primary,Condo,Servicer_E,2022-08,360
LOAN_00002903,373279,0.04850036625414653,700-739,80-90%,30-36%,TX,Cash-out Refinance,Primary,SFR,Servicer_B,2021-11,180
LOAN_00002904,321483,0.07632341011405833,<620,80-90%,43-50%,NJ,Purchase,Primary,SFR,Servicer_D,2021-12,360
LOAN_00002905,795582,0.035331197465253206,780+,>100%,20-30%,CA,Cash-out Refinance,Primary,SFR,Servicer_B,2022-08,360
LOAN_00002906,297669,0.05931318906279301,620-659,80-90%,<20%,CA,Purchase,Primary,SFR,Servicer_E,2021-11,360
LOAN_00002907,185102,0.05212852033748314,660-699,60-70%,36-43%,WI,Purchase,Primary,SFR,Servicer_C,2022-11,240
LOAN_00002908,289131,0.037919198744295855,780+,70-80%,20-30%,NJ,Purchase,Primary,Condo,Servicer_E,2020-05,240
LOAN_00002909,251726,0.0451710840656426,740-779,70-80%,20-30%,MI,Purchase,Primary,2-4 Unit,Servicer_B,2021-01,360
LOAN_00002910,368558,0.05880344792686999,620-659,80-90%,30-36%,FL,Cash-out Refinance,Primary,SFR,Servicer_B,2020-05,360
LOAN_00002911,300573,0.04462728136412695,740-779,80-90%,20-30%,TN,Cash-out Refinance,Primary,2-4 Unit,Servicer_E,2020-04,360
LOAN_00002912,157948,0.05811476713864051,620-659,<60%,>50%,NJ,Refinance,Primary,Condo,Servicer_E,2021-05,360
LOAN_00002913,130892,0.07574983874423621,<620,<60%,43-50%,IL,Purchase,Primary,SFR,Servicer_A,2020-09,240
LOAN_00002914,338220,0.057047208126608025,620-659,80-90%,>50%,TN,Purchase,Primary,SFR,Servicer_B,2021-03,360
LOAN_00002915,592174,0.037557850257706055,780+,>100%,>50%,IL,Purchase,Primary,SFR,Servicer_A,2021-04,360
LOAN_00002916,308560,0.04483844485783732,740-779,80-90%,20-30%,NJ,Purchase,Primary,SFR,Servicer_D,2021-11,180
LOAN_00002917,445364,0.05157513113505685,700-739,90-100%,30-36%,VA,Purchase,Investment,SFR,Servicer_A,2022-11,360
LOAN_00002918,492083,0.05077317857206409,700-739,90-100%,36-43%,PA,Purchase,Second Home,Condo,Servicer_A,2022-07,180
LOAN_00002919,338878,0.05682416614139102,620-659,80-90%,<20%,MO,Purchase,Primary,SFR,Servicer_C,2021-02,360
LOAN_00002920,197353,0.0587493153049368,620-659,60-70%,>50%,MA,Refinance,Primary,SFR,Servicer_E,2020-12,360
LOAN_00002921,326979,0.0757663354614263,<620,80-90%,<20%,PA,Purchase,Second Home,2-4 Unit,Servicer_D,2022-04,360
LOAN_00002922,542279,0.054955364018945276,660-699,90-100%,30-36%,NY,Purchase,Primary,SFR,Servicer_D,2020-05,360
LOAN_00002923,386522,0.04117366663748908,740-779,90-100%,36-43%,OH,Purchase,Primary,SFR,Servicer_C,2021-08,180
LOAN_00002924,431111,0.06884567356298281,<620,90-100%,>50%,MI,Refinance,Primary,Condo,Servicer_A,2021-04,360
LOAN_00002925,235325,0.07015629492137229,<620,70-80%,36-43%,VA,Refinance,Primary,SFR,Servicer_B,2020-07,360
LOAN_00002926,268021,0.05778931712807163,620-659,70-80%,36-43%,NC,Purchase,Primary,Condo,Servicer_D,2021-11,360
LOAN_00002927,279466,0.05204326725749246,700-739,70-80%,20-30%,CA,Cash-out Refinance,Primary,SFR,Servicer_E,2020-12,360
LOAN_00002928,289043,0.06247055683058873,620-659,70-80%,36-43%,AZ,Refinance,Primary,SFR,Servicer_A,2020-07,360
LOAN_00002929,531776,0.05246704223584564,660-699,90-100%,36-43%,GA,Purchase,Primary,2-4 Unit,Servicer_B,2021-12,360
LOAN_00002930,91712,0.030331492854670187,780+,<60%,30-36%,OH,Purchase,Primary,SFR,Servicer_A,2020-07,360
LOAN_00002931,301121,0.0617616913956696,620-659,80-90%,43-50%,VA,Cash-out Refinance,Primary,SFR,Servicer_A,2022-01,360
LOAN_00002932,285002,0.06570701772369493,<620,70-80%,<20%,IN,Purchase,Primary,SFR,Servicer_B,2020-06,360
LOAN_00002933,149380,0.07229304676455195,<620,<60%,20-30%,CA,Purchase,Primary,SFR,Servicer_A,2021-04,360
LOAN_00002934,414937,0.04623089868456922,740-779,90-100%,>50%,WI,Refinance,Primary,Condo,Servicer_B,2022-06,360
LOAN_00002935,206436,0.05771398379033528,620-659,60-70%,20-30%,WA,Purchase,Investment,SFR,Servicer_C,2020-09,180
LOAN_00002936,248074,0.0579735946942358,620-659,70-80%,36-43%,NJ,Refinance,Primary,SFR,Servicer_D,2022-04,360
LOAN_00002937,747426,0.05602459071644578,660-699,>100%,30-36%,TX,Refinance,Primary,2-4 Unit,Servicer_C,2022-02,240
LOAN_00002938,491386,0.05637827245943459,660-699,90-100%,>50%,MA,Cash-out Refinance,Primary,SFR,Servicer_C,2022-09,360
LOAN_00002939,395238,0.05544563218452359,660-699,90-100%,20-30%,MA,Refinance,Primary,SFR,Servicer_D,2020-07,240
LOAN_00002940,358752,0.0575409928189938,620-659,80-90%,20-30%,VA,Refinance,Primary,SFR,Servicer_B,2022-02,180
LOAN_00002941,273118,0.06388817240794424,<620,70-80%,43-50%,IN,Purchase,Primary,2-4 Unit,Servicer_A,2022-10,360
LOAN_00002942,805878,0.06964345029501179,<620,>100%,36-43%,IN,Cash-out Refinance,Investment,SFR,Servicer_A,2022-04,360
LOAN_00002943,442893,0.04592401095167634,740-779,90-100%,30-36%,IN,Purchase,Primary,SFR,Servicer_E,2020-07,360
LOAN_00002944,203867,0.05293238374254181,660-699,60-70%,30-36%,OH,Purchase,Primary,SFR,Servicer_E,2022-06,360
LOAN_00002945,147259,0.04992870256134811,700-739,<60%,30-36%,AZ,Cash-out Refinance,Second Home,SFR,Servicer_B,2020-04,360
LOAN_00002946,393729,0.0482119317135993,700-739,90-100%,>50%,TX,Cash-out Refinance,Primary,Condo,Servicer_D,2021-10,360
LOAN_00002947,288388,0.03560762301632768,780+,70-80%,36-43%,VA,Refinance,Primary,2-4 Unit,Servicer_B,2021-06,360
LOAN_00002948,145151,0.055290669470235546,660-699,<60%,>50%,FL,Purchase,Primary,SFR,Servicer_B,2021-08,360
LOAN_00002949,367431,0.060751844434543456,620-659,80-90%,>50%,OH,Purchase,Primary,Condo,Servicer_D,2021-07,360
LOAN_00002950,259234,0.05313880297721354,660-699,70-80%,30-36%,AZ,Refinance,Primary,SFR,Servicer_E,2020-02,180
LOAN_00002951,386672,0.054892505243234975,660-699,90-100%,36-43%,NC,Purchase,Primary,SFR,Servicer_D,2021-07,360
LOAN_00002952,369856,0.06002124313490958,620-659,80-90%,36-43%,MO,Purchase,Primary,SFR,Servicer_E,2022-10,360
LOAN_00002953,218790,0.07193343634196359,<620,60-70%,43-50%,TX,Purchase,Primary,SFR,Servicer_E,2021-04,240
LOAN_00002954,406940,0.04996282564572357,700-739,90-100%,36-43%,WI,Cash-out Refinance,Primary,SFR,Servicer_A,2020-10,360
LOAN_00002955,231202,0.040940654627993324,740-779,70-80%,<20%,MA,Cash-out Refinance,Primary,SFR,Servicer_C,2022-12,360
LOAN_00002956,238842,0.05391471823607663,660-699,70-80%,>50%,NC,Cash-out Refinance,Investment,SFR,Servicer_C,2020-04,240
LOAN_00002957,227263,0.07760273516043935,<620,70-80%,36-43%,CA,Refinance,Primary,Condo,Servicer_A,2021-06,360
LOAN_00002958,522033,0.041069193298859344,740-779,90-100%,43-50%,CA,Purchase,Primary,SFR,Servicer_B,2021-07,240
LOAN_00002959,257741,0.0628016283469634,620-659,70-80%,30-36%,NC,Purchase,Primary,SFR,Servicer_E,2021-06,180
LOAN_00002960,589023,0.06889495875142138,<620,>100%,30-36%,VA,Purchase,Primary,SFR,Servicer_A,2022-10,360
LOAN_00002961,723417,0.026613589367268875,780+,>100%,36-43%,NJ,Purchase,Primary,SFR,Servicer_C,2021-04,180
LOAN_00002962,204974,0.059922670283301824,620-659,60-70%,43-50%,PA,Refinance,Primary,SFR,Servicer_C,2022-12,180
LOAN_00002963,68837,0.06224092764487714,620-659,<60%,<20%,AZ,Purchase,Primary,SFR,Servicer_D,2020-03,360
LOAN_00002964,499945,0.05179197758344175,700-739,90-100%,30-36%,WA,Cash-out Refinance,Primary,SFR,Servicer_C,2022-03,180
LOAN_00002965,249949,0.04724273726692339,700-739,70-80%,43-50%,OH,Purchase,Primary,SFR,Servicer_A,2021-10,360
LOAN_00002966,192318,0.047912051769712236,700-739,60-70%,>50%,OH,Purchase,Primary,SFR,Servicer_C,2020-09,360
LOAN_00002967,220938,0.051057178049492544,700-739,60-70%,<20%,NC,Refinance,Second Home,SFR,Servicer_B,2020-09,180
LOAN_00002968,241009,0.05137484761974668,700-739,70-80%,20-30%,MA,Refinance,Second Home,2-4 Unit,Servicer_A,2022-02,360
LOAN_00002969,567273,0.04911067548691879,700-739,>100%,30-36%,VA,Purchase,Investment,SFR,Servicer_E,2021-11,180
LOAN_00002970,321243,0.05086629696781065,700-739,80-90%,20-30%,FL,Refinance,Primary,SFR,Servicer_C,2021-11,360
LOAN_00002971,563430,0.06928950188615954,<620,>100%,<20%,MD,Refinance,Second Home,SFR,Servicer_E,2020-02,180
LOAN_00002972,379689,0.04042685465301838,740-779,80-90%,30-36%,IL,Purchase,Primary,SFR,Servicer_E,2021-10,360
LOAN_00002973,254074,0.03401129892074091,780+,70-80%,36-43%,AZ,Purchase,Primary,SFR,Servicer_E,2022-12,240
LOAN_00002974,243975,0.06948142128681178,<620,70-80%,30-36%,CA,Cash-out Refinance,Investment,SFR,Servicer_B,2020-01,360
LOAN_00002975,392701,0.052695786887913015,660-699,90-100%,30-36%,PA,Purchase,Second Home,SFR,Servicer_E,2021-05,180
LOAN_00002976,446954,0.05034121249020957,700-739,90-100%,>50%,VA,Purchase,Primary,Condo,Servicer_A,2021-06,240
LOAN_00002977,488158,0.05366539451520797,660-699,90-100%,30-36%,IN,Purchase,Primary,SFR,Servicer_C,2022-09,360
LOAN_00002978,260206,0.057511320409349524,620-659,70-80%,43-50%,VA,Refinance,Primary,SFR,Servicer_E,2020-11,360
LOAN_00002979,323709,0.04871138527457961,700-739,80-90%,20-30%,TX,Cash-out Refinance,Investment,SFR,Servicer_C,2021-06,360
LOAN_00002980,397130,0.061071173531767636,620-659,90-100%,43-50%,WI,Purchase,Investment,Condo,Servicer_B,2022-02,180
LOAN_00002981,244756,0.04345284911429324,740-779,70-80%,43-50%,PA,Cash-out Refinance,Primary,Condo,Servicer_A,2020-03,180
LOAN_00002982,168136,0.05137808586580977,700-739,<60%,20-30%,GA,Cash-out Refinance,Primary,SFR,Servicer_C,2022-05,360
LOAN_00002983,198166,0.02842364493658297,780+,60-70%,36-43%,FL,Purchase,Primary,SFR,Servicer_D,2022-06,360
LOAN_00002984,262887,0.0690668456183653,<620,70-80%,36-43%,AZ,Refinance,Primary,Manufactured,Servicer_E,2022-02,360
LOAN_00002985,412958,0.052886947641284446,660-699,90-100%,30-36%,NC,Cash-out Refinance,Primary,SFR,Servicer_D,2021-12,360
LOAN_00002986,556536,0.06304124910084591,620-659,90-100%,43-50%,IL,Cash-out Refinance,Investment,SFR,Servicer_C,2022-03,360
LOAN_00002987,150538,0.060718895011195,620-659,<60%,20-30%,WA,Refinance,Primary,SFR,Servicer_D,2022-05,180
LOAN_00002988,219987,0.06159776536445587,620-659,60-70%,30-36%,NY,Purchase,Primary,Condo,Servicer_D,2022-09,360
LOAN_00002989,247971,0.05490669365710785,660-699,70-80%,>50%,NJ,Purchase,Primary,SFR,Servicer_B,2021-04,360
LOAN_00002990,441246,0.0596587287128701,620-659,90-100%,20-30%,AZ,Purchase,Primary,Condo,Servicer_B,2021-05,360
LOAN_00002991,227736,0.04346458704865667,740-779,70-80%,<20%,IN,Refinance,Primary,SFR,Servicer_B,2021-11,360
LOAN_00002992,239218,0.04094585732524321,740-779,70-80%,<20%,AZ,Purchase,Primary,SFR,Servicer_D,2020-07,240
LOAN_00002993,146386,0.053786728797936945,660-699,<60%,>50%,VA,Refinance,Primary,SFR,Servicer_E,2022-07,360
LOAN_00002994,377642,0.04684268343525081,740-779,80-90%,20-30%,CA,Refinance,Primary,SFR,Servicer_A,2022-04,360
LOAN_00002995,273566,0.07210557007899313,<620,70-80%,20-30%,IL,Purchase,Investment,Condo,Servicer_E,2021-11,360
LOAN_00002996,213838,0.05950173315168532,620-659,60-70%,36-43%,VA,Cash-out Refinance,Primary,SFR,Servicer_A,2020-11,360
LOAN_00002997,260470,0.04640222331855353,740-779,70-80%,43-50%,NJ,Purchase,Investment,SFR,Servicer_C,2021-01,360
LOAN_00002998,520996,0.051741514737933036,700-739,90-100%,30-36%,NJ,Purchase,Primary,2-4 Unit,Servicer_C,2021-04,180
LOAN_00002999,179432,0.0565960789838572,660-699,60-70%,>50%,MA,Cash-out Refinance,Primary,SFR,Servicer_A,2021-12,360
LOAN_00003000,194691,0.054183964526213,660-699,60-70%,<20%,MD,Purchase,Primary,SFR,Servicer_D,2022-05,240
LOAN_00003001,554668,0.05826095239521118,620-659,90-100%,36-43%,NJ,Purchase,Primary,SFR,Servicer_E,2022-01,360
LOAN_00003002,308009,0.0558238545335477,660-699,80-90%,36-43%,FL,Cash-out Refinance,Primary,2-4 Unit,Servicer_B,2022-10,180
LOAN_00003003,414520,0.03831211901835904,780+,90-100%,20-30%,NC,Cash-out Refinance,Investment,SFR,Servicer_D,2022-11,360
LOAN_00003004,362534,0.02918914518995307,780+,80-90%,43-50%,PA,Cash-out Refinance,Primary,SFR,Servicer_E,2022-02,360
LOAN_00003005,291365,0.05051669146129611,700-739,80-90%,36-43%,NJ,Purchase,Primary,SFR,Servicer_D,2021-02,360
LOAN_00003006,249159,0.06172591246118029,620-659,70-80%,20-30%,VA,Purchase,Primary,SFR,Servicer_C,2021-10,240
LOAN_00003007,449449,0.05065157158523705,700-739,90-100%,<20%,NJ,Purchase,Primary,SFR,Servicer_E,2021-04,360
LOAN_00003008,530284,0.0698387693608627,<620,90-100%,<20%,VA,Purchase,Second Home,SFR,Servicer_C,2021-11,360
LOAN_00003009,509963,0.05443735960841321,660-699,90-100%,43-50%,OH,Cash-out Refinance,Primary,SFR,Servicer_D,2022-06,360
LOAN_00003010,163941,0.07128635277102374,<620,<60%,20-30%,NY,Purchase,Primary,SFR,Servicer_D,2021-02,180
LOAN_00003011,569466,0.06882284127117166,<620,>100%,>50%,MO,Refinance,Primary,SFR,Servicer_D,2021-07,360
LOAN_00003012,247962,0.0676154423820936,<620,70-80%,<20%,NC,Purchase,Primary,Condo,Servicer_B,2020-02,360
LOAN_00003013,203309,0.04055786038951599,740-779,60-70%,>50%,IL,Refinance,Primary,SFR,Servicer_D,2022-03,360
LOAN_00003014,272484,0.05520568801567842,660-699,70-80%,43-50%,WI,Purchase,Primary,SFR,Servicer_B,2021-06,180
LOAN_00003015,449353,0.06967328184978777,<620,90-100%,<20%,CA,Purchase,Primary,SFR,Servicer_C,2021-05,360
LOAN_00003016,388571,0.05826813669709646,620-659,90-100%,<20%,OH,Purchase,Second Home,SFR,Servicer_C,2021-08,240
LOAN_00003017,261008,0.06165231885998761,620-659,70-80%,43-50%,MA,Cash-out Refinance,Primary,SFR,Servicer_B,2020-08,240
LOAN_00003018,450824,0.03834535233861254,780+,90-100%,<20%,NC,Refinance,Investment,SFR,Servicer_D,2021-10,180
LOAN_00003019,318039,0.07802547916729681,<620,80-90%,20-30%,IN,Refinance,Primary,Condo,Servicer_B,2022-03,360
LOAN_00003020,222685,0.045503507169215,740-779,60-70%,43-50%,GA,Purchase,Primary,SFR,Servicer_A,2021-01,360
LOAN_00003021,208143,0.031066898298997638,780+,60-70%,>50%,WA,Refinance,Primary,2-4 Unit,Servicer_D,2020-05,240
LOAN_00003022,364075,0.0507864911460992,700-739,80-90%,43-50%,NC,Refinance,Primary,Manufactured,Servicer_E,2021-02,360
LOAN_00003023,284571,0.0256301937817472,780+,70-80%,43-50%,MI,Purchase,Primary,Manufactured,Servicer_B,2020-08,360
LOAN_00003024,149081,0.041978498262506,740-779,<60%,36-43%,MI,Refinance,Primary,SFR,Servicer_C,2021-02,360
LOAN_00003025,452969,0.08570214199725334,<620,90-100%,43-50%,WI,Cash-out Refinance,Investment,SFR,Servicer_E,2021-11,360
LOAN_00003026,233249,0.050439510669961364,700-739,70-80%,20-30%,TN,Cash-out Refinance,Primary,Condo,Servicer_B,2020-05,360
LOAN_00003027,657407,0.037866553984242504,780+,>100%,43-50%,GA,Cash-out Refinance,Primary,SFR,Servicer_C,2022-03,240
LOAN_00003028,147046,0.05530357463879341,660-699,<60%,36-43%,NC,Purchase,Primary,Condo,Servicer_D,2020-09,360
LOAN_00003029,270938,0.0442263550596163,740-779,70-80%,36-43%,NC,Purchase,Primary,SFR,Servicer_D,2022-09,360
LOAN_00003030,208983,0.06537423039608717,<620,60-70%,>50%,MA,Purchase,Primary,Condo,Servicer_A,2022-03,360
LOAN_00003031,182095,0.04432546264736752,740-779,60-70%,30-36%,VA,Purchase,Primary,SFR,Servicer_A,2020-10,360
LOAN_00003032,232490,0.05824880452162191,620-659,70-80%,36-43%,NJ,Purchase,Second Home,2-4 Unit,Servicer_B,2021-09,360
LOAN_00003033,718760,0.04123529155753049,740-779,>100%,30-36%,NC,Purchase,Primary,SFR,Servicer_C,2020-04,360
LOAN_00003034,318597,0.08618833773748664,<620,80-90%,20-30%,GA,Refinance,Primary,SFR,Servicer_D,2020-04,360
LOAN_00003035,199615,0.06104348464032777,620-659,60-70%,20-30%,VA,Refinance,Primary,SFR,Servicer_B,2022-11,360
LOAN_00003036,118858,0.05325393043021039,660-699,<60%,>50%,IN,Refinance,Primary,SFR,Servicer_A,2022-05,360
LOAN_00003037,125406,0.051484500992424576,700-739,<60%,30-36%,WI,Cash-out Refinance,Primary,2-4 Unit,Servicer_D,2020-06,360
LOAN_00003038,226787,0.04835680020100763,700-739,70-80%,36-43%,TX,Purchase,Primary,SFR,Servicer_C,2020-11,360
LOAN_00003039,216026,0.045869038242309784,740-779,60-70%,36-43%,IL,Purchase,Primary,SFR,Servicer_A,2020-08,180
LOAN_00003040,265129,0.04553923928582576,740-779,70-80%,43-50%,AZ,Refinance,Primary,SFR,Servicer_C,2021-03,360
LOAN_00003041,95216,0.07513994620554341,<620,<60%,43-50%,FL,Refinance,Primary,Condo,Servicer_C,2020-11,360
LOAN_00003042,283270,0.04836863250734514,700-739,70-80%,<20%,WA,Purchase,Primary,SFR,Servicer_C,2020-12,360
LOAN_00003043,495768,0.02944697312033895,780+,90-100%,30-36%,NC,Cash-out Refinance,Primary,Manufactured,Servicer_E,2021-08,360
LOAN_00003044,667584,0.04100838734944127,740-779,>100%,36-43%,NY,Purchase,Primary,SFR,Servicer_A,2020-07,360
LOAN_00003045,115010,0.06613269543998965,<620,<60%,20-30%,NJ,Refinance,Primary,Condo,Servicer_D,2022-08,360
LOAN_00003046,198650,0.05197211132090396,700-739,60-70%,30-36%,NJ,Cash-out Refinance,Primary,Condo,Servicer_A,2022-03,360
LOAN_00003047,193471,0.053391020798363546,660-699,60-70%,20-30%,MA,Purchase,Primary,SFR,Servicer_D,2022-04,360
LOAN_00003048,318972,0.06903777341702912,<620,80-90%,<20%,IN,Refinance,Investment,SFR,Servicer_B,2020-07,360
LOAN_00003049,161153,0.04567400092993236,740-779,<60%,>50%,WI,Purchase,Primary,SFR,Servicer_D,2022-02,360
LOAN_00003050,687716,0.06258901266557085,620-659,>100%,>50%,NC,Purchase,Primary,SFR,Servicer_A,2022-07,360
LOAN_00003051,303082,0.04698540220254889,740-779,80-90%,36-43%,AZ,Purchase,Investment,SFR,Servicer_D,2020-07,180
LOAN_00003052,278849,0.061910519641028006,620-659,70-80%,20-30%,TN,Refinance,Primary,Condo,Servicer_B,2022-04,360
LOAN_00003053,657603,0.050306376990764096,700-739,>100%,>50%,WI,Refinance,Primary,SFR,Servicer_B,2021-01,240
LOAN_00003054,294188,0.05210140990173172,700-739,80-90%,36-43%,AZ,Cash-out Refinance,Primary,SFR,Servicer_B,2022-05,360
LOAN_00003055,362272,0.06484160389013532,<620,80-90%,>50%,IL,Refinance,Primary,SFR,Servicer_B,2021-06,360
LOAN_00003056,203740,0.06397629769219,<620,60-70%,<20%,OH,Purchase,Investment,SFR,Servicer_D,2022-05,360
LOAN_00003057,149454,0.053014864175144984,660-699,<60%,20-30%,IL,Cash-out Refinance,Investment,SFR,Servicer_A,2020-06,360
LOAN_00003058,218560,0.04934051596006257,700-739,60-70%,36-43%,NY,Purchase,Primary,SFR,Servicer_D,2021-03,360
LOAN_00003059,885128,0.07418977101377985,<620,>100%,>50%,OH,Refinance,Second Home,2-4 Unit,Servicer_A,2020-10,180
LOAN_00003060,406976,0.06207196973797562,620-659,90-100%,20-30%,MI,Purchase,Second Home,Condo,Servicer_B,2020-09,360
LOAN_00003061,340192,0.050306298296105376,700-739,80-90%,20-30%,TN,Refinance,Primary,SFR,Servicer_C,2020-12,360
LOAN_00003062,182009,0.047162987640522944,700-739,60-70%,36-43%,PA,Cash-out Refinance,Second Home,Condo,Servicer_A,2021-02,180
LOAN_00003063,467720,0.06729877008330568,<620,90-100%,>50%,NY,Purchase,Primary,SFR,Servicer_E,2020-05,240
LOAN_00003064,150414,0.05638480103263791,660-699,<60%,43-50%,FL,Refinance,Investment,SFR,Servicer_D,2022-02,360
LOAN_00003065,135465,0.05303736405848697,660-699,<60%,>50%,NY,Refinance,Second Home,SFR,Servicer_D,2021-08,240
LOAN_00003066,224258,0.056379702106751126,660-699,60-70%,36-43%,NC,Purchase,Primary,SFR,Servicer_E,2022-06,360
LOAN_00003067,787993,0.0590535624956439,620-659,>100%,43-50%,NC,Purchase,Primary,Condo,Servicer_B,2022-02,240
LOAN_00003068,766007,0.05431973023083074,660-699,>100%,30-36%,GA,Refinance,Investment,Condo,Servicer_A,2020-06,240
LOAN_00003069,236660,0.06944424240211593,<620,70-80%,<20%,OH,Purchase,Primary,SFR,Servicer_E,2020-03,360
LOAN_00003070,211694,0.07011206171454384,<620,60-70%,36-43%,MI,Purchase,Primary,SFR,Servicer_D,2021-04,180
LOAN_00003071,130590,0.061382657430421594,620-659,<60%,36-43%,WA,Refinance,Primary,SFR,Servicer_C,2021-06,180
LOAN_00003072,308357,0.07149662788594753,<620,80-90%,30-36%,CA,Refinance,Primary,SFR,Servicer_A,2020-09,360
LOAN_00003073,321581,0.05510196121765867,660-699,80-90%,20-30%,MO,Purchase,Primary,SFR,Servicer_B,2022-05,360
LOAN_00003074,440109,0.06328397206005539,620-659,90-100%,43-50%,OH,Cash-out Refinance,Primary,SFR,Servicer_C,2021-09,360
LOAN_00003075,467593,0.0670534758264633,<620,90-100%,43-50%,FL,Cash-out Refinance,Investment,SFR,Servicer_A,2022-03,180
LOAN_00003076,268683,0.06722845936019932,<620,70-80%,30-36%,NY,Cash-out Refinance,Second Home,SFR,Servicer_C,2020-04,360
LOAN_00003077,391606,0.06599198977286012,<620,90-100%,>50%,NJ,Refinance,Second Home,SFR,Servicer_E,2022-06,360
LOAN_00003078,208914,0.06257427032898022,620-659,60-70%,30-36%,NJ,Purchase,Primary,SFR,Servicer_C,2020-08,360
LOAN_00003079,387907,0.07848553738765704,<620,90-100%,<20%,TX,Purchase,Primary,SFR,Servicer_D,2021-05,360
LOAN_00003080,230126,0.048523650576814105,700-739,70-80%,20-30%,MI,Cash-out Refinance,Primary,Condo,Servicer_B,2021-04,360
LOAN_00003081,373147,0.05313735054927747,660-699,80-90%,30-36%,IL,Cash-out Refinance,Primary,SFR,Servicer_C,2022-06,360
LOAN_00003082,358344,0.05242587428019839,660-699,80-90%,<20%,MD,Refinance,Second Home,Manufactured,Servicer_A,2020-10,360
LOAN_00003083,306938,0.05058319426283429,700-739,80-90%,36-43%,OH,Refinance,Primary,SFR,Servicer_D,2020-09,360
LOAN_00003084,441207,0.031134735479020764,780+,90-100%,43-50%,WI,Purchase,Investment,Condo,Servicer_C,2021-01,360
LOAN_00003085,135239,0.07149837766849897,<620,<60%,30-36%,VA,Refinance,Investment,SFR,Servicer_D,2021-01,360
LOAN_00003086,174127,0.04268751449144467,740-779,60-70%,43-50%,WI,Purchase,Primary,Condo,Servicer_B,2020-07,360
LOAN_00003087,259100,0.057037778904953165,620-659,70-80%,>50%,VA,Refinance,Investment,SFR,Servicer_B,2020-07,360
LOAN_00003088,144115,0.03793766586790136,780+,<60%,30-36%,FL,Refinance,Second Home,SFR,Servicer_D,2020-09,360
LOAN_00003089,241969,0.06244858876863686,620-659,70-80%,<20%,WA,Refinance,Primary,SFR,Servicer_D,2021-05,360
LOAN_00003090,245901,0.04557524756871763,740-779,70-80%,20-30%,MI,Purchase,Primary,SFR,Servicer_D,2021-01,360
LOAN_00003091,570827,0.041368456910691305,740-779,>100%,36-43%,IN,Refinance,Primary,SFR,Servicer_A,2021-03,360
LOAN_00003092,318464,0.057332121573780474,620-659,80-90%,30-36%,GA,Purchase,Primary,Manufactured,Servicer_A,2022-02,360
LOAN_00003093,496190,0.046591185034208456,740-779,90-100%,36-43%,NY,Purchase,Primary,SFR,Servicer_B,2020-09,180
LOAN_00003094,344840,0.04811009084696352,700-739,80-90%,36-43%,FL,Purchase,Primary,SFR,Servicer_B,2022-09,360
LOAN_00003095,226877,0.05706147538239545,620-659,70-80%,36-43%,MA,Purchase,Primary,SFR,Servicer_C,2022-04,360
LOAN_00003096,317063,0.06459987344361301,<620,80-90%,20-30%,IL,Purchase,Primary,Condo,Servicer_C,2020-07,360
LOAN_00003097,427074,0.04517919414553946,740-779,90-100%,20-30%,AZ,Purchase,Primary,Condo,Servicer_A,2020-12,360
LOAN_00003098,538585,0.043105690312102006,740-779,90-100%,30-36%,FL,Purchase,Primary,SFR,Servicer_A,2020-07,360
LOAN_00003099,277574,0.0552818040001873,660-699,70-80%,43-50%,TX,Purchase,Second Home,SFR,Servicer_E,2020-10,360
LOAN_00003100,130124,0.06147103096309699,620-659,<60%,36-43%,MA,Purchase,Primary,2-4 Unit,Servicer_C,2021-02,360
LOAN_00003101,125630,0.0725530623023275,<620,<60%,36-43%,OH,Refinance,Primary,2-4 Unit,Servicer_A,2020-05,180
LOAN_00003102,251901,0.04214404482047558,740-779,70-80%,36-43%,VA,Purchase,Primary,2-4 Unit,Servicer_E,2020-01,360
LOAN_00003103,92138,0.051184394784755435,700-739,<60%,30-36%,CA,Purchase,Investment,SFR,Servicer_B,2021-04,360
LOAN_00003104,727633,0.06910943230090305,<620,>100%,<20%,NY,Purchase,Investment,SFR,Servicer_D,2022-02,360
LOAN_00003105,399698,0.07867713443366463,<620,90-100%,20-30%,TX,Purchase,Investment,Manufactured,Servicer_C,2020-11,360
LOAN_00003106,215812,0.04308290800829495,740-779,60-70%,<20%,PA,Refinance,Primary,SFR,Servicer_A,2022-07,180
LOAN_00003107,170276,0.0461342569623202,740-779,<60%,<20%,PA,Cash-out Refinance,Primary,SFR,Servicer_D,2021-02,360
LOAN_00003108,495865,0.05957320113531832,620-659,90-100%,20-30%,GA,Purchase,Primary,SFR,Servicer_B,2022-09,360
LOAN_00003109,169936,0.04806708229368295,700-739,<60%,43-50%,IL,Purchase,Primary,SFR,Servicer_A,2020-09,360
LOAN_00003110,178240,0.04588921894588057,740-779,60-70%,<20%,MI,Purchase,Primary,Condo,Servicer_B,2021-08,180
LOAN_00003111,202202,0.057933647276426886,620-659,60-70%,<20%,MD,Purchase,Primary,SFR,Servicer_E,2022-04,360
LOAN_00003112,313967,0.07359303944487733,<620,80-90%,<20%,TX,Cash-out Refinance,Primary,SFR,Servicer_C,2020-03,360
LOAN_00003113,404496,0.03928621245880737,780+,90-100%,20-30%,MO,Refinance,Primary,SFR,Servicer_C,2022-10,360
LOAN_00003114,538388,0.07298000929335416,<620,90-100%,20-30%,NC,Refinance,Primary,2-4 Unit,Servicer_D,2021-02,360
LOAN_00003115,500061,0.04810276937700534,700-739,90-100%,<20%,VA,Cash-out Refinance,Investment,2-4 Unit,Servicer_B,2021-06,240
LOAN_00003116,296673,0.05914950305509838,620-659,80-90%,20-30%,AZ,Refinance,Primary,SFR,Servicer_A,2021-11,360
LOAN_00003117,493985,0.07409020865322233,<620,90-100%,>50%,MA,Purchase,Primary,SFR,Servicer_A,2021-12,360
LOAN_00003118,212033,0.05890388310762534,620-659,60-70%,20-30%,MD,Refinance,Primary,SFR,Servicer_A,2020-01,360
LOAN_00003119,119320,0.05143010742160974,700-739,<60%,20-30%,WI,Refinance,Primary,Condo,Servicer_E,2022-08,180
LOAN_00003120,212019,0.06361810747233687,<620,60-70%,30-36%,TX,Purchase,Investment,SFR,Servicer_E,2021-11,360
LOAN_00003121,198167,0.05292200557201071,660-699,60-70%,20-30%,NC,Refinance,Primary,SFR,Servicer_C,2022-12,360
LOAN_00003122,216210,0.061256212595135376,620-659,60-70%,36-43%,NJ,Purchase,Primary,SFR,Servicer_C,2021-05,360
LOAN_00003123,183562,0.052543828019466166,660-699,60-70%,30-36%,NJ,Purchase,Primary,Condo,Servicer_B,2021-11,360
LOAN_00003124,235495,0.06533383476386846,<620,70-80%,43-50%,WI,Refinance,Primary,Condo,Servicer_C,2021-04,180
LOAN_00003125,404338,0.03826921968939741,780+,90-100%,>50%,AZ,Purchase,Primary,SFR,Servicer_A,2022-09,360
LOAN_00003126,699155,0.04283774051087589,740-779,>100%,36-43%,NC,Purchase,Primary,SFR,Servicer_D,2022-06,360
LOAN_00003127,125157,0.03809285890158465,780+,<60%,20-30%,MD,Purchase,Primary,SFR,Servicer_C,2022-09,360
LOAN_00003128,155769,0.054322846849643926,660-699,<60%,30-36%,MA,Refinance,Primary,2-4 Unit,Servicer_E,2021-07,180
LOAN_00003129,199641,0.036645541374282754,780+,60-70%,20-30%,TN,Cash-out Refinance,Primary,SFR,Servicer_B,2022-05,360
LOAN_00003130,434899,0.04669802109919817,740-779,90-100%,43-50%,WA,Refinance,Primary,Condo,Servicer_D,2021-01,360
LOAN_00003131,267674,0.04170989674517431,740-779,70-80%,<20%,TX,Refinance,Primary,SFR,Servicer_A,2021-05,240
LOAN_00003132,206477,0.07275611475446589,<620,60-70%,36-43%,WI,Purchase,Primary,SFR,Servicer_A,2022-04,360
LOAN_00003133,424372,0.04311183577388993,740-779,90-100%,20-30%,MA,Refinance,Primary,SFR,Servicer_D,2020-03,180
LOAN_00003134,478396,0.03956145156491989,780+,90-100%,30-36%,FL,Purchase,Primary,SFR,Servicer_E,2022-02,180
LOAN_00003135,293789,0.057980062405189235,620-659,80-90%,20-30%,PA,Purchase,Investment,SFR,Servicer_E,2020-01,360
LOAN_00003136,197183,0.07524185385473993,<620,60-70%,30-36%,OH,Refinance,Primary,SFR,Servicer_A,2021-09,360
LOAN_00003137,339469,0.05360719504905178,660-699,80-90%,36-43%,PA,Purchase,Investment,SFR,Servicer_B,2021-06,360
LOAN_00003138,263910,0.05453536832227523,660-699,70-80%,36-43%,WA,Cash-out Refinance,Primary,Condo,Servicer_C,2021-05,180
LOAN_00003139,262890,0.07048908953294171,<620,70-80%,20-30%,NJ,Purchase,Primary,SFR,Servicer_B,2021-06,360
LOAN_00003140,229532,0.06553875205859735,<620,70-80%,<20%,IL,Refinance,Primary,SFR,Servicer_B,2021-06,360
LOAN_00003141,470942,0.06010497981534271,620-659,90-100%,43-50%,AZ,Purchase,Primary,SFR,Servicer_B,2021-03,360
LOAN_00003142,336024,0.04801191125919768,700-739,80-90%,30-36%,PA,Refinance,Primary,SFR,Servicer_A,2021-05,360
LOAN_00003143,497748,0.060471494875439354,620-659,90-100%,36-43%,NY,Refinance,Primary,SFR,Servicer_E,2021-09,360
LOAN_00003144,578482,0.03867059085576775,780+,>100%,30-36%,WI,Purchase,Second Home,SFR,Servicer_B,2022-04,360
LOAN_00003145,373058,0.047515893407288824,700-739,80-90%,36-43%,OH,Cash-out Refinance,Second Home,SFR,Servicer_C,2021-08,240
LOAN_00003146,230213,0.07217755181146299,<620,70-80%,36-43%,IL,Refinance,Primary,2-4 Unit,Servicer_D,2021-12,360
LOAN_00003147,498901,0.07062391221689346,<620,90-100%,<20%,MA,Purchase,Primary,SFR,Servicer_A,2022-07,180
LOAN_00003148,374307,0.06024981639202451,620-659,80-90%,30-36%,TN,Refinance,Primary,SFR,Servicer_B,2022-12,360
LOAN_00003149,1089995,0.0318477553434801,780+,>100%,30-36%,NY,Purchase,Primary,SFR,Servicer_D,2020-04,240
LOAN_00003150,346296,0.040501341664202196,740-779,80-90%,<20%,TX,Refinance,Primary,SFR,Servicer_E,2022-02,360
LOAN_00003151,420350,0.046846330856631174,740-779,90-100%,36-43%,IN,Purchase,Primary,SFR,Servicer_C,2020-09,360
LOAN_00003152,342906,0.052939611623935394,660-699,80-90%,20-30%,NJ,Cash-out Refinance,Primary,Condo,Servicer_E,2020-08,360
LOAN_00003153,282222,0.039995066193928445,740-779,70-80%,<20%,MI,Purchase,Primary,Condo,Servicer_A,2022-05,360
LOAN_00003154,260564,0.052044235317013215,700-739,70-80%,43-50%,NC,Refinance,Second Home,SFR,Servicer_D,2020-03,360
LOAN_00003155,343561,0.07620754285786427,<620,80-90%,43-50%,VA,Cash-out Refinance,Primary,SFR,Servicer_E,2022-07,240
LOAN_00003156,384841,0.059810030522304075,620-659,90-100%,20-30%,AZ,Cash-out Refinance,Second Home,2-4 Unit,Servicer_D,2022-04,360
LOAN_00003157,528180,0.05762591954753244,620-659,90-100%,36-43%,TX,Refinance,Investment,Condo,Servicer_A,2022-12,360
LOAN_00003158,346080,0.04278933497177814,740-779,80-90%,<20%,PA,Refinance,Primary,SFR,Servicer_A,2022-01,180
LOAN_00003159,235285,0.035332182559449914,780+,70-80%,36-43%,WI,Refinance,Primary,SFR,Servicer_C,2022-08,360
LOAN_00003160,251845,0.04026164289348354,740-779,70-80%,30-36%,NY,Purchase,Primary,SFR,Servicer_C,2020-05,360
LOAN_00003161,153051,0.034847330223507875,780+,<60%,43-50%,MD,Refinance,Primary,Condo,Servicer_D,2022-09,180
LOAN_00003162,680516,0.05590042314689811,660-699,>100%,30-36%,NC,Refinance,Investment,SFR,Servicer_E,2020-06,360
LOAN_00003163,226253,0.05960662965288831,620-659,70-80%,30-36%,NY,Purchase,Primary,SFR,Servicer_C,2020-12,180
LOAN_00003164,481046,0.04341652056616784,740-779,90-100%,43-50%,VA,Refinance,Primary,SFR,Servicer_B,2020-05,240
LOAN_00003165,340535,0.05677503207890977,620-659,80-90%,<20%,AZ,Purchase,Primary,SFR,Servicer_A,2021-03,360
LOAN_00003166,345195,0.0726279257947874,<620,80-90%,20-30%,OH,Refinance,Primary,SFR,Servicer_E,2022-03,360
LOAN_00003167,279644,0.07849236810816684,<620,70-80%,30-36%,TN,Purchase,Primary,SFR,Servicer_D,2020-10,360
LOAN_00003168,200005,0.06424492420899063,<620,60-70%,36-43%,TX,Cash-out Refinance,Second Home,SFR,Servicer_D,2022-06,360
LOAN_00003169,182724,0.05290191395249988,660-699,60-70%,<20%,FL,Purchase,Primary,SFR,Servicer_D,2021-10,360
LOAN_00003170,703788,0.06385725092651506,<620,>100%,36-43%,WA,Purchase,Primary,Condo,Servicer_E,2021-11,360
LOAN_00003171,313947,0.07122171980413554,<620,80-90%,30-36%,VA,Refinance,Investment,2-4 Unit,Servicer_E,2022-10,360
LOAN_00003172,520546,0.03091326234651329,780+,90-100%,36-43%,AZ,Purchase,Primary,SFR,Servicer_E,2021-04,360
LOAN_00003173,592705,0.072784828453557,<620,>100%,>50%,MO,Purchase,Second Home,SFR,Servicer_A,2021-01,360
LOAN_00003174,241488,0.04846495815288325,700-739,70-80%,30-36%,MD,Refinance,Primary,2-4 Unit,Servicer_B,2022-12,360
LOAN_00003175,366499,0.04858044454075012,700-739,80-90%,36-43%,NJ,Cash-out Refinance,Primary,Condo,Servicer_A,2021-09,360
LOAN_00003176,303308,0.05074086432896899,700-739,80-90%,30-36%,NJ,Refinance,Primary,Condo,Servicer_A,2021-11,240
LOAN_00003177,166274,0.058841009665309064,620-659,<60%,<20%,MD,Purchase,Primary,SFR,Servicer_E,2020-11,360
LOAN_00003178,270292,0.0416649489556148,740-779,70-80%,43-50%,WI,Purchase,Primary,SFR,Servicer_C,2020-08,360
LOAN_00003179,397819,0.05158223158370858,700-739,90-100%,43-50%,CA,Refinance,Primary,Manufactured,Servicer_D,2020-07,360
LOAN_00003180,231072,0.061303326477974686,620-659,70-80%,43-50%,NJ,Refinance,Primary,SFR,Servicer_C,2020-09,360
LOAN_00003181,252099,0.057622854991287914,620-659,70-80%,>50%,MD,Cash-out Refinance,Primary,SFR,Servicer_C,2020-08,360
LOAN_00003182,271934,0.05956977417233763,620-659,70-80%,30-36%,TX,Purchase,Primary,Condo,Servicer_A,2022-03,240
LOAN_00003183,852360,0.051112375451425246,700-739,>100%,36-43%,WI,Refinance,Primary,SFR,Servicer_D,2020-03,360
LOAN_00003184,118536,0.06332451942955189,620-659,<60%,20-30%,MA,Cash-out Refinance,Investment,SFR,Servicer_D,2021-11,360
LOAN_00003185,381101,0.06767699346403427,<620,90-100%,>50%,NY,Purchase,Primary,Manufactured,Servicer_A,2022-11,180
LOAN_00003186,261275,0.06695727174595253,<620,70-80%,36-43%,WA,Cash-out Refinance,Primary,SFR,Servicer_B,2022-04,180
LOAN_00003187,215275,0.06013132279411763,620-659,60-70%,20-30%,NC,Purchase,Investment,SFR,Servicer_E,2021-03,240
LOAN_00003188,258089,0.06626671130468414,<620,70-80%,43-50%,OH,Refinance,Primary,SFR,Servicer_E,2020-03,360
LOAN_00003189,414027,0.06545272700937677,<620,90-100%,36-43%,WA,Purchase,Investment,SFR,Servicer_D,2022-07,360
LOAN_00003190,426028,0.08711809488020976,<620,90-100%,>50%,MA,Cash-out Refinance,Primary,SFR,Servicer_E,2020-01,360
LOAN_00003191,325464,0.0696168048405845,<620,80-90%,43-50%,MO,Cash-out Refinance,Primary,SFR,Servicer_E,2022-01,180
LOAN_00003192,512148,0.053935070360376626,660-699,90-100%,43-50%,NC,Purchase,Primary,SFR,Servicer_D,2022-01,360
LOAN_00003193,559286,0.04405984855183757,740-779,90-100%,30-36%,NY,Refinance,Primary,SFR,Servicer_C,2020-07,360
LOAN_00003194,446050,0.05186631694289067,700-739,90-100%,30-36%,MO,Purchase,Primary,SFR,Servicer_D,2022-03,360
LOAN_00003195,225686,0.051018581732800244,700-739,60-70%,43-50%,OH,Purchase,Primary,Manufactured,Servicer_E,2020-07,360
LOAN_00003196,379731,0.061137070812710415,620-659,90-100%,<20%,TN,Refinance,Primary,SFR,Servicer_E,2020-09,180
LOAN_00003197,380636,0.04659692505772841,740-779,90-100%,<20%,TN,Refinance,Primary,2-4 Unit,Servicer_B,2022-06,360
LOAN_00003198,197241,0.06930612605824485,<620,60-70%,>50%,TX,Purchase,Primary,SFR,Servicer_B,2022-12,360
LOAN_00003199,135304,0.03832524392925645,780+,<60%,>50%,NC,Purchase,Primary,SFR,Servicer_A,2020-10,180
LOAN_00003200,107862,0.035409698364203004,780+,<60%,>50%,TX,Purchase,Primary,SFR,Servicer_A,2022-10,360
LOAN_00003201,307099,0.05337860790489581,660-699,80-90%,<20%,WA,Purchase,Primary,2-4 Unit,Servicer_B,2022-09,180
LOAN_00003202,344214,0.044889291409653864,740-779,80-90%,20-30%,TN,Purchase,Primary,SFR,Servicer_B,2022-04,180
LOAN_00003203,164244,0.03990119375218844,740-779,<60%,>50%,VA,Purchase,Primary,SFR,Servicer_E,2020-06,360
LOAN_00003204,500326,0.04735516053994189,700-739,90-100%,<20%,OH,Cash-out Refinance,Primary,SFR,Servicer_C,2020-11,360
LOAN_00003205,320010,0.045862170051052926,740-779,80-90%,30-36%,WI,Purchase,Primary,SFR,Servicer_D,2022-01,360
LOAN_00003206,582291,0.05512161197481063,660-699,>100%,20-30%,TX,Cash-out Refinance,Primary,SFR,Servicer_B,2022-12,360
LOAN_00003207,356920,0.047554350540228864,700-739,80-90%,43-50%,FL,Purchase,Investment,SFR,Servicer_C,2022-06,360
LOAN_00003208,174003,0.04853038770099913,700-739,60-70%,30-36%,GA,Purchase,Second Home,SFR,Servicer_E,2021-04,180
LOAN_00003209,372927,0.054941611381344485,660-699,80-90%,20-30%,MD,Purchase,Primary,2-4 Unit,Servicer_B,2020-09,360
LOAN_00003210,414594,0.0671708988488251,<620,90-100%,30-36%,MO,Purchase,Primary,2-4 Unit,Servicer_B,2022-11,360
LOAN_00003211,225525,0.07264894558586549,<620,60-70%,<20%,VA,Refinance,Primary,Manufactured,Servicer_C,2020-10,360
LOAN_00003212,144199,0.056773210749808775,620-659,<60%,36-43%,WI,Purchase,Primary,SFR,Servicer_B,2021-01,360
LOAN_00003213,311809,0.05770651742524624,620-659,80-90%,36-43%,MD,Purchase,Primary,SFR,Servicer_C,2022-11,360
LOAN_00003214,179795,0.05280175579244991,660-699,60-70%,36-43%,VA,Purchase,Primary,SFR,Servicer_D,2021-09,180
LOAN_00003215,519407,0.06077498344070894,620-659,90-100%,30-36%,FL,Refinance,Primary,2-4 Unit,Servicer_C,2020-10,240
LOAN_00003216,241931,0.05968263232700967,620-659,70-80%,20-30%,MO,Purchase,Second Home,Condo,Servicer_A,2020-01,360
LOAN_00003217,702429,0.07091017219706094,<620,>100%,<20%,WA,Purchase,Second Home,SFR,Servicer_D,2021-04,360
LOAN_00003218,102531,0.032335544450134854,780+,<60%,>50%,FL,Purchase,Primary,SFR,Servicer_E,2022-12,180
LOAN_00003219,317234,0.05218602707545351,660-699,80-90%,30-36%,IN,Refinance,Primary,SFR,Servicer_B,2021-04,180
LOAN_00003220,606037,0.059070278429531727,620-659,>100%,30-36%,GA,Cash-out Refinance,Primary,SFR,Servicer_A,2022-02,360
LOAN_00003221,190013,0.054684592509494666,660-699,60-70%,30-36%,TN,Purchase,Primary,SFR,Servicer_C,2020-10,180
LOAN_00003222,273867,0.04372992361484666,740-779,70-80%,>50%,PA,Purchase,Primary,SFR,Servicer_A,2022-04,180
LOAN_00003223,242433,0.039407599849114266,780+,70-80%,43-50%,CA,Purchase,Primary,SFR,Servicer_B,2022-04,360
LOAN_00003224,210684,0.06467586911234635,<620,60-70%,<20%,MI,Cash-out Refinance,Primary,SFR,Servicer_D,2021-10,360
LOAN_00003225,335142,0.04591688979524303,740-779,80-90%,36-43%,MI,Purchase,Primary,SFR,Servicer_B,2022-04,360
LOAN_00003226,155171,0.033941194101932776,780+,<60%,30-36%,MO,Refinance,Primary,Manufactured,Servicer_B,2021-09,360
LOAN_00003227,280552,0.06527887432011878,<620,70-80%,43-50%,FL,Refinance,Primary,Manufactured,Servicer_B,2021-02,360
LOAN_00003228,383846,0.06050779480535279,620-659,90-100%,>50%,MD,Purchase,Primary,Condo,Servicer_D,2022-03,360
LOAN_00003229,266319,0.053609510830501174,660-699,70-80%,36-43%,NY,Refinance,Investment,Condo,Servicer_E,2022-07,360
LOAN_00003230,179853,0.04402538088686766,740-779,60-70%,43-50%,MD,Refinance,Primary,SFR,Servicer_E,2022-07,360
LOAN_00003231,496377,0.053638702679554076,660-699,90-100%,30-36%,MA,Purchase,Investment,SFR,Servicer_A,2020-08,360
LOAN_00003232,427251,0.06958705120623046,<620,90-100%,30-36%,GA,Purchase,Primary,SFR,Servicer_D,2022-01,360
LOAN_00003233,176205,0.035623608567654404,780+,60-70%,36-43%,WI,Purchase,Primary,SFR,Servicer_B,2020-01,360
LOAN_00003234,155273,0.03623226859912487,780+,<60%,36-43%,GA,Purchase,Primary,Condo,Servicer_E,2021-09,240
LOAN_00003235,184247,0.047466816125051076,700-739,60-70%,20-30%,WA,Refinance,Primary,SFR,Servicer_C,2021-09,360
LOAN_00003236,389506,0.05468027575848154,660-699,90-100%,30-36%,CA,Refinance,Primary,2-4 Unit,Servicer_E,2021-02,360
LOAN_00003237,340369,0.04904449722539463,700-739,80-90%,<20%,FL,Cash-out Refinance,Primary,SFR,Servicer_C,2022-12,360
LOAN_00003238,440225,0.06271379890200424,620-659,90-100%,20-30%,GA,Refinance,Primary,SFR,Servicer_B,2022-08,360
LOAN_00003239,251934,0.06806600733338017,<620,70-80%,43-50%,IL,Purchase,Primary,Condo,Servicer_E,2020-02,360
LOAN_00003240,186769,0.05834522529528961,620-659,60-70%,<20%,IL,Purchase,Primary,Condo,Servicer_B,2020-08,360
LOAN_00003241,469499,0.06172518812507325,620-659,90-100%,43-50%,GA,Refinance,Primary,SFR,Servicer_D,2020-08,360
LOAN_00003242,224869,0.05826519462428407,620-659,60-70%,30-36%,WA,Purchase,Primary,SFR,Servicer_A,2022-09,360
LOAN_00003243,325550,0.05511409709098382,660-699,80-90%,36-43%,FL,Purchase,Primary,SFR,Servicer_D,2021-07,360
LOAN_00003244,136630,0.039477295602223655,780+,<60%,>50%,TN,Refinance,Primary,SFR,Servicer_E,2022-03,360
LOAN_00003245,223037,0.04266409950876846,740-779,60-70%,43-50%,IN,Refinance,Primary,Condo,Servicer_B,2022-06,180
LOAN_00003246,491244,0.03878897827633688,780+,90-100%,43-50%,IN,Purchase,Primary,SFR,Servicer_E,2022-04,240
LOAN_00003247,207287,0.053217942460466995,660-699,60-70%,20-30%,NY,Refinance,Primary,2-4 Unit,Servicer_A,2020-04,360
LOAN_00003248,445633,0.05778733637505247,620-659,90-100%,30-36%,MO,Purchase,Primary,SFR,Servicer_A,2020-06,360
LOAN_00003249,92456,0.03760885138262348,780+,<60%,36-43%,FL,Refinance,Primary,Manufactured,Servicer_B,2021-03,360
LOAN_00003250,224202,0.05587114056522409,660-699,60-70%,43-50%,FL,Refinance,Primary,SFR,Servicer_B,2021-01,180
LOAN_00003251,272208,0.044497404060877495,740-779,70-80%,43-50%,MA,Refinance,Primary,Condo,Servicer_D,2022-03,360
LOAN_00003252,708758,0.04216960787755769,740-779,>100%,36-43%,TN,Purchase,Primary,SFR,Servicer_E,2020-06,360
LOAN_00003253,165291,0.04749580700127149,700-739,<60%,20-30%,FL,Refinance,Primary,Condo,Servicer_A,2021-02,360
LOAN_00003254,414777,0.041554282019859445,740-779,90-100%,20-30%,NC,Purchase,Primary,2-4 Unit,Servicer_D,2020-09,180
LOAN_00003255,503060,0.06227990941551144,620-659,90-100%,>50%,NC,Purchase,Primary,SFR,Servicer_E,2020-07,360
LOAN_00003256,206747,0.05298394698341287,660-699,60-70%,36-43%,MA,Cash-out Refinance,Primary,SFR,Servicer_C,2020-07,180
LOAN_00003257,246037,0.06478256868385106,<620,70-80%,43-50%,NJ,Purchase,Primary,Manufactured,Servicer_E,2020-08,360
LOAN_00003258,318320,0.04967804377472476,700-739,80-90%,36-43%,WA,Refinance,Primary,Manufactured,Servicer_A,2021-09,240
LOAN_00003259,141387,0.05013176725739577,700-739,<60%,>50%,TX,Purchase,Primary,Condo,Servicer_D,2021-03,180
LOAN_00003260,236203,0.07748059168976147,<620,70-80%,43-50%,WI,Refinance,Primary,SFR,Servicer_C,2021-04,180
LOAN_00003261,561325,0.03552327433983593,780+,>100%,20-30%,VA,Refinance,Primary,SFR,Servicer_C,2021-06,360
LOAN_00003262,385126,0.0704137749210364,<620,90-100%,43-50%,AZ,Purchase,Primary,SFR,Servicer_D,2022-03,360
LOAN_00003263,274203,0.07485428845174992,<620,70-80%,20-30%,MI,Refinance,Primary,Condo,Servicer_D,2022-08,360
LOAN_00003264,313807,0.064189809955138,<620,80-90%,30-36%,IL,Cash-out Refinance,Primary,SFR,Servicer_C,2021-07,360
LOAN_00003265,396508,0.051034354367547705,700-739,90-100%,43-50%,AZ,Cash-out Refinance,Primary,SFR,Servicer_B,2021-12,360
LOAN_00003266,436352,0.0721228248608769,<620,90-100%,20-30%,PA,Cash-out Refinance,Primary,2-4 Unit,Servicer_B,2022-03,360
LOAN_00003267,224536,0.051138863681320014,700-739,60-70%,20-30%,IL,Purchase,Primary,SFR,Servicer_E,2022-01,360
LOAN_00003268,638808,0.04653057297147135,740-779,>100%,36-43%,VA,Cash-out Refinance,Primary,SFR,Servicer_C,2020-05,360
LOAN_00003269,572732,0.050340779869700036,700-739,>100%,>50%,GA,Purchase,Primary,2-4 Unit,Servicer_B,2022-12,360
LOAN_00003270,416078,0.048157675130577546,700-739,90-100%,<20%,MO,Purchase,Primary,SFR,Servicer_C,2020-06,360
LOAN_00003271,194564,0.043640522500965014,740-779,60-70%,36-43%,AZ,Purchase,Primary,SFR,Servicer_D,2021-03,360
LOAN_00003272,178062,0.06832009400930758,<620,60-70%,30-36%,GA,Purchase,Primary,2-4 Unit,Servicer_A,2021-12,240
LOAN_00003273,251877,0.045718619768538596,740-779,70-80%,30-36%,CA,Refinance,Primary,Manufactured,Servicer_A,2021-03,360
LOAN_00003274,305707,0.05464423613294352,660-699,80-90%,36-43%,OH,Purchase,Primary,SFR,Servicer_C,2020-09,240
LOAN_00003275,122486,0.03767473732721435,780+,<60%,36-43%,FL,Refinance,Primary,SFR,Servicer_D,2022-10,180
LOAN_00003276,379779,0.0553697281809903,660-699,90-100%,43-50%,IL,Purchase,Investment,SFR,Servicer_C,2020-03,360
LOAN_00003277,564520,0.04112888746932713,740-779,>100%,36-43%,PA,Purchase,Second Home,SFR,Servicer_B,2020-09,360
LOAN_00003278,395630,0.04083417012489721,740-779,90-100%,>50%,AZ,Cash-out Refinance,Primary,SFR,Servicer_D,2022-12,360
LOAN_00003279,211498,0.05368854507884701,660-699,60-70%,43-50%,FL,Refinance,Primary,SFR,Servicer_A,2022-03,180
LOAN_00003280,199346,0.06768366718217123,<620,60-70%,<20%,NY,Purchase,Primary,SFR,Servicer_D,2020-04,360
LOAN_00003281,344526,0.060284964252877556,620-659,80-90%,43-50%,CA,Refinance,Primary,SFR,Servicer_C,2022-04,360
LOAN_00003282,274676,0.06110944463359311,620-659,70-80%,36-43%,MD,Cash-out Refinance,Primary,2-4 Unit,Servicer_B,2022-11,360
LOAN_00003283,370097,0.05344099384025191,660-699,80-90%,<20%,WI,Purchase,Primary,SFR,Servicer_A,2020-04,360
LOAN_00003284,400656,0.05097231681819379,700-739,90-100%,36-43%,PA,Purchase,Primary,SFR,Servicer_D,2021-03,240
LOAN_00003285,511931,0.06449368766193082,<620,90-100%,43-50%,MI,Cash-out Refinance,Primary,Condo,Servicer_A,2021-05,360
LOAN_00003286,168373,0.04824187405215037,700-739,<60%,20-30%,OH,Purchase,Investment,SFR,Servicer_C,2020-05,360
LOAN_00003287,331309,0.06501320985337235,<620,80-90%,30-36%,NJ,Purchase,Primary,Condo,Servicer_E,2020-08,360
LOAN_00003288,247276,0.06983136326720872,<620,70-80%,30-36%,VA,Purchase,Investment,2-4 Unit,Servicer_D,2020-07,360
LOAN_00003289,282287,0.04490335860429068,740-779,70-80%,30-36%,PA,Purchase,Primary,Condo,Servicer_A,2020-07,360
LOAN_00003290,456892,0.04666665405240151,740-779,90-100%,43-50%,WA,Cash-out Refinance,Primary,Condo,Servicer_E,2021-03,360
LOAN_00003291,482416,0.04845165392302475,700-739,90-100%,20-30%,CA,Cash-out Refinance,Primary,Condo,Servicer_D,2021-05,360
LOAN_00003292,596731,0.03739644849095904,780+,>100%,43-50%,WA,Refinance,Primary,SFR,Servicer_E,2020-09,180
LOAN_00003293,366881,0.04936716722039371,700-739,80-90%,43-50%,TN,Refinance,Second Home,SFR,Servicer_A,2020-11,180
LOAN_00003294,280685,0.07061739684663407,<620,70-80%,30-36%,TX,Cash-out Refinance,Primary,SFR,Servicer_E,2020-07,360
LOAN_00003295,261335,0.04245309349197583,740-779,70-80%,30-36%,MA,Refinance,Primary,Manufactured,Servicer_D,2022-05,360
LOAN_00003296,124569,0.07090235330384738,<620,<60%,20-30%,MA,Refinance,Primary,SFR,Servicer_E,2020-08,360
LOAN_00003297,579469,0.04979866650456308,700-739,>100%,20-30%,WI,Cash-out Refinance,Investment,SFR,Servicer_E,2022-09,360
LOAN_00003298,252470,0.08036842764523304,<620,70-80%,30-36%,IN,Purchase,Primary,SFR,Servicer_E,2021-08,360
LOAN_00003299,381913,0.04681824321621487,740-779,90-100%,20-30%,CA,Purchase,Primary,SFR,Servicer_C,2022-05,360
LOAN_00003300,416440,0.05327221660213408,660-699,90-100%,43-50%,TX,Refinance,Primary,SFR,Servicer_E,2021-11,360
LOAN_00003301,159108,0.0440778032176912,740-779,<60%,36-43%,FL,Refinance,Primary,SFR,Servicer_E,2020-10,360
LOAN_00003302,186899,0.046747590716970086,740-779,60-70%,<20%,VA,Purchase,Second Home,2-4 Unit,Servicer_E,2021-10,360
LOAN_00003303,642749,0.0710581500023007,<620,>100%,30-36%,MA,Purchase,Primary,SFR,Servicer_D,2020-10,360
LOAN_00003304,342908,0.060694440221667756,620-659,80-90%,43-50%,AZ,Refinance,Second Home,Manufactured,Servicer_E,2020-05,360
LOAN_00003305,221838,0.06734581335012939,<620,60-70%,20-30%,OH,Purchase,Primary,Condo,Servicer_C,2020-10,360
LOAN_00003306,278403,0.039212928388119614,780+,70-80%,36-43%,IL,Cash-out Refinance,Primary,SFR,Servicer_C,2020-10,360
LOAN_00003307,510485,0.06285794143789498,620-659,90-100%,<20%,TX,Cash-out Refinance,Primary,SFR,Servicer_A,2020-05,360
LOAN_00003308,473145,0.04334268019935435,740-779,90-100%,>50%,GA,Purchase,Primary,2-4 Unit,Servicer_C,2020-01,180
LOAN_00003309,142480,0.03895217784360577,780+,<60%,30-36%,OH,Refinance,Primary,Condo,Servicer_E,2022-10,360
LOAN_00003310,671414,0.05786519366624267,620-659,>100%,30-36%,OH,Refinance,Primary,SFR,Servicer_A,2021-07,360
LOAN_00003311,480736,0.05774246000093696,620-659,90-100%,36-43%,TX,Purchase,Primary,SFR,Servicer_E,2021-03,180
LOAN_00003312,274789,0.05564014943558981,660-699,70-80%,30-36%,PA,Purchase,Second Home,SFR,Servicer_D,2022-10,360
LOAN_00003313,163429,0.06361070095153198,<620,<60%,36-43%,IN,Purchase,Second Home,SFR,Servicer_A,2020-09,360
LOAN_00003314,502325,0.06548279581160413,<620,90-100%,<20%,IL,Cash-out Refinance,Primary,SFR,Servicer_B,2021-03,360
LOAN_00003315,376327,0.07263675207032441,<620,80-90%,20-30%,MO,Cash-out Refinance,Primary,SFR,Servicer_A,2022-07,360
LOAN_00003316,143071,0.040715884020329975,740-779,<60%,20-30%,TX,Purchase,Primary,SFR,Servicer_D,2021-11,360
LOAN_00003317,264067,0.0730241949454027,<620,70-80%,36-43%,WA,Cash-out Refinance,Primary,SFR,Servicer_B,2021-03,240
LOAN_00003318,1415631,0.07758773787634692,<620,>100%,43-50%,FL,Refinance,Second Home,SFR,Servicer_A,2020-10,360
LOAN_00003319,299015,0.050605239802575586,700-739,80-90%,<20%,GA,Purchase,Primary,Condo,Servicer_A,2020-02,360
LOAN_00003320,204641,0.03497809980312189,780+,60-70%,43-50%,WI,Purchase,Second Home,Condo,Servicer_C,2020-04,360
LOAN_00003321,179109,0.03839801304317059,780+,60-70%,43-50%,TN,Cash-out Refinance,Primary,SFR,Servicer_B,2020-06,360
LOAN_00003322,719311,0.04945778342879546,700-739,>100%,<20%,NJ,Purchase,Primary,2-4 Unit,Servicer_E,2022-05,360
LOAN_00003323,453105,0.07916969908368907,<620,90-100%,<20%,WA,Refinance,Investment,Condo,Servicer_E,2021-12,240
LOAN_00003324,599421,0.055204960002438144,660-699,>100%,30-36%,AZ,Refinance,Primary,SFR,Servicer_B,2021-04,360
LOAN_00003325,335740,0.047593790598978246,700-739,80-90%,<20%,TN,Refinance,Primary,SFR,Servicer_E,2022-05,240
LOAN_00003326,555158,0.04677517289971243,740-779,90-100%,43-50%,VA,Purchase,Primary,SFR,Servicer_A,2020-06,360
LOAN_00003327,194043,0.0391273320999305,780+,60-70%,30-36%,NJ,Purchase,Primary,Condo,Servicer_C,2020-08,240
LOAN_00003328,321674,0.06549491235616468,<620,80-90%,30-36%,TX,Cash-out Refinance,Primary,Manufactured,Servicer_C,2021-03,360
LOAN_00003329,342328,0.053895175063370986,660-699,80-90%,36-43%,WI,Purchase,Primary,SFR,Servicer_B,2022-10,360
LOAN_00003330,591977,0.0801979541171492,<620,>100%,20-30%,VA,Purchase,Primary,SFR,Servicer_D,2021-11,360
LOAN_00003331,347813,0.0625385127571174,620-659,80-90%,43-50%,PA,Purchase,Primary,Condo,Servicer_C,2022-07,360
LOAN_00003332,216911,0.06495923579268724,<620,60-70%,36-43%,FL,Refinance,Primary,2-4 Unit,Servicer_E,2020-09,360
LOAN_00003333,306213,0.05209474203108787,700-739,80-90%,20-30%,WA,Purchase,Primary,SFR,Servicer_E,2022-07,360
LOAN_00003334,128257,0.04190763594191814,740-779,<60%,30-36%,TN,Refinance,Second Home,SFR,Servicer_E,2020-03,360
LOAN_00003335,92921,0.04451702823604984,740-779,<60%,20-30%,IN,Purchase,Primary,2-4 Unit,Servicer_D,2020-09,180
LOAN_00003336,449400,0.03856903667333102,780+,90-100%,>50%,MO,Refinance,Primary,SFR,Servicer_B,2021-07,360
LOAN_00003337,245887,0.06592473663781709,<620,70-80%,30-36%,MO,Cash-out Refinance,Primary,Condo,Servicer_E,2020-02,360
LOAN_00003338,260222,0.050381017753049366,700-739,70-80%,43-50%,WA,Refinance,Primary,2-4 Unit,Servicer_B,2022-07,360
LOAN_00003339,449312,0.0664300064751048,<620,90-100%,>50%,MD,Refinance,Primary,SFR,Servicer_D,2022-08,240
LOAN_00003340,596303,0.056630972827690765,660-699,>100%,30-36%,TX,Refinance,Primary,SFR,Servicer_C,2021-08,360
LOAN_00003341,387411,0.05148617973075465,700-739,90-100%,36-43%,GA,Refinance,Primary,2-4 Unit,Servicer_C,2020-12,360
LOAN_00003342,777653,0.040964765980377404,740-779,>100%,36-43%,MI,Purchase,Primary,SFR,Servicer_E,2020-04,360
LOAN_00003343,381301,0.058619592795552136,620-659,90-100%,<20%,AZ,Refinance,Primary,SFR,Servicer_A,2021-11,360
LOAN_00003344,344933,0.05237640380263846,660-699,80-90%,>50%,PA,Purchase,Second Home,SFR,Servicer_E,2021-08,360
LOAN_00003345,334433,0.06582620713546505,<620,80-90%,30-36%,PA,Purchase,Primary,SFR,Servicer_E,2022-04,360
LOAN_00003346,155943,0.046415071889492815,740-779,<60%,43-50%,MD,Purchase,Primary,SFR,Servicer_C,2021-10,360
LOAN_00003347,478302,0.06239329328196443,620-659,90-100%,36-43%,WA,Purchase,Primary,Condo,Servicer_D,2020-05,240
LOAN_00003348,87314,0.07469018099467045,<620,<60%,<20%,WA,Purchase,Primary,SFR,Servicer_B,2020-05,180
LOAN_00003349,221211,0.058270670975916636,620-659,60-70%,30-36%,NY,Refinance,Investment,SFR,Servicer_D,2022-05,360
LOAN_00003350,299978,0.06442349743290257,<620,80-90%,20-30%,NJ,Refinance,Primary,SFR,Servicer_A,2020-06,360
LOAN_00003351,199809,0.06186268295413096,620-659,60-70%,20-30%,NC,Purchase,Primary,SFR,Servicer_D,2022-10,360
LOAN_00003352,236599,0.07777709781421026,<620,70-80%,36-43%,WA,Purchase,Primary,2-4 Unit,Servicer_D,2020-04,180
LOAN_00003353,743919,0.05945872506032594,620-659,>100%,<20%,MD,Refinance,Primary,SFR,Servicer_B,2022-03,360
LOAN_00003354,515046,0.06339950622082612,<620,90-100%,>50%,PA,Refinance,Second Home,Condo,Servicer_E,2022-12,180
LOAN_00003355,210467,0.054564687657808524,660-699,60-70%,30-36%,IN,Refinance,Primary,SFR,Servicer_B,2021-04,360
LOAN_00003356,234501,0.045707337571806894,740-779,70-80%,30-36%,WA,Purchase,Investment,SFR,Servicer_C,2020-03,360
LOAN_00003357,156607,0.040501891771825976,740-779,<60%,20-30%,MI,Cash-out Refinance,Primary,SFR,Servicer_E,2022-08,360
LOAN_00003358,421888,0.0702030887876401,<620,90-100%,<20%,WI,Purchase,Primary,Condo,Servicer_A,2020-07,360
LOAN_00003359,261745,0.04289968754388952,740-779,70-80%,36-43%,FL,Refinance,Primary,SFR,Servicer_C,2021-07,360
LOAN_00003360,110942,0.0639503739974012,<620,<60%,20-30%,AZ,Purchase,Primary,Condo,Servicer_D,2022-12,360
LOAN_00003361,311885,0.059992199564605136,620-659,80-90%,36-43%,GA,Purchase,Investment,SFR,Servicer_A,2022-03,180
LOAN_00003362,369346,0.06601342413874878,<620,80-90%,36-43%,AZ,Cash-out Refinance,Primary,2-4 Unit,Servicer_C,2020-02,360
LOAN_00003363,480013,0.048823455729001375,700-739,90-100%,20-30%,FL,Cash-out Refinance,Primary,Condo,Servicer_D,2022-06,360
LOAN_00003364,285878,0.04551124102620147,740-779,70-80%,30-36%,MA,Purchase,Primary,2-4 Unit,Servicer_E,2020-06,360
LOAN_00003365,246142,0.05954046205719709,620-659,70-80%,20-30%,TX,Purchase,Primary,SFR,Servicer_B,2022-03,360
LOAN_00003366,800612,0.05149189992150984,700-739,>100%,20-30%,OH,Cash-out Refinance,Primary,SFR,Servicer_E,2021-11,360
LOAN_00003367,297536,0.040227659960724665,740-779,80-90%,43-50%,MD,Purchase,Primary,SFR,Servicer_D,2020-11,360
LOAN_00003368,424972,0.07826230650808416,<620,90-100%,<20%,WA,Cash-out Refinance,Primary,SFR,Servicer_C,2021-04,180
LOAN_00003369,226438,0.04550310200844945,740-779,70-80%,20-30%,MI,Purchase,Primary,Condo,Servicer_C,2020-05,240
LOAN_00003370,418718,0.04307640745617983,740-779,90-100%,30-36%,OH,Purchase,Primary,SFR,Servicer_E,2022-12,360
LOAN_00003371,143226,0.05209437078184747,700-739,<60%,30-36%,TX,Purchase,Primary,SFR,Servicer_D,2020-09,360
LOAN_00003372,235382,0.07003430282989496,<620,70-80%,>50%,FL,Refinance,Primary,SFR,Servicer_C,2020-12,180
LOAN_00003373,162082,0.028999179482516603,780+,<60%,43-50%,MA,Purchase,Primary,SFR,Servicer_E,2021-07,240
LOAN_00003374,219150,0.06903860337490539,<620,60-70%,43-50%,PA,Purchase,Primary,SFR,Servicer_D,2022-01,240
LOAN_00003375,554174,0.044062317982524364,740-779,90-100%,30-36%,TX,Cash-out Refinance,Second Home,2-4 Unit,Servicer_B,2021-07,360
LOAN_00003376,218346,0.05817430288129905,620-659,60-70%,30-36%,NC,Purchase,Primary,SFR,Servicer_D,2021-07,360
LOAN_00003377,424695,0.046887916459314394,740-779,90-100%,<20%,GA,Refinance,Primary,SFR,Servicer_E,2021-09,240
LOAN_00003378,633257,0.07890300224802407,<620,>100%,43-50%,WI,Purchase,Second Home,SFR,Servicer_D,2022-07,360
LOAN_00003379,292497,0.056495441039708216,660-699,80-90%,30-36%,IL,Refinance,Primary,SFR,Servicer_D,2021-03,360
LOAN_00003380,487421,0.04650290139590517,740-779,90-100%,20-30%,PA,Purchase,Primary,SFR,Servicer_D,2022-06,360
LOAN_00003381,386753,0.05138690413794771,700-739,90-100%,36-43%,NY,Refinance,Primary,SFR,Servicer_E,2022-05,240
LOAN_00003382,314336,0.05607564489882025,660-699,80-90%,43-50%,NY,Refinance,Investment,SFR,Servicer_A,2022-11,360
LOAN_00003383,431558,0.057132119293146405,620-659,90-100%,30-36%,NJ,Cash-out Refinance,Primary,SFR,Servicer_E,2022-09,360
LOAN_00003384,744128,0.06026514980225585,620-659,>100%,<20%,IL,Cash-out Refinance,Primary,Condo,Servicer_E,2022-05,360
LOAN_00003385,215639,0.05498314470781222,660-699,60-70%,>50%,MA,Purchase,Primary,2-4 Unit,Servicer_A,2020-09,180
LOAN_00003386,183578,0.03847405100069541,780+,60-70%,<20%,IN,Purchase,Primary,Condo,Servicer_D,2022-04,360
LOAN_00003387,178267,0.05091678794918007,700-739,60-70%,>50%,MI,Purchase,Primary,SFR,Servicer_C,2022-03,240
LOAN_00003388,487582,0.062279900498090304,620-659,90-100%,30-36%,IL,Refinance,Primary,SFR,Servicer_B,2020-11,360
LOAN_00003389,521614,0.04696140632345199,740-779,90-100%,>50%,IN,Purchase,Primary,SFR,Servicer_A,2022-01,180
LOAN_00003390,226722,0.06307337535638052,620-659,70-80%,>50%,WI,Cash-out Refinance,Primary,SFR,Servicer_B,2020-10,360
LOAN_00003391,101925,0.055380617595493724,660-699,<60%,30-36%,MD,Cash-out Refinance,Primary,Condo,Servicer_D,2021-07,360
LOAN_00003392,211635,0.052387118118802124,660-699,60-70%,43-50%,MD,Purchase,Primary,SFR,Servicer_C,2022-05,360
LOAN_00003393,390009,0.0693297267104751,<620,90-100%,<20%,IN,Purchase,Second Home,SFR,Servicer_A,2020-07,360
LOAN_00003394,286828,0.03414242266738862,780+,70-80%,<20%,MA,Refinance,Primary,Condo,Servicer_B,2021-01,180
LOAN_00003395,324543,0.046896149220824204,740-779,80-90%,30-36%,WI,Purchase,Primary,SFR,Servicer_A,2022-05,360
LOAN_00003396,228279,0.0697891445161453,<620,70-80%,36-43%,OH,Purchase,Primary,SFR,Servicer_B,2021-05,180
LOAN_00003397,492398,0.07696058995784241,<620,90-100%,<20%,MD,Purchase,Primary,2-4 Unit,Servicer_E,2022-11,360
LOAN_00003398,352073,0.08243190981606041,<620,80-90%,30-36%,CA,Cash-out Refinance,Primary,SFR,Servicer_D,2020-01,360
LOAN_00003399,397611,0.05560426636405965,660-699,90-100%,>50%,IN,Refinance,Investment,Condo,Servicer_E,2022-02,180
LOAN_00003400,321108,0.06049476855538652,620-659,80-90%,43-50%,OH,Purchase,Primary,SFR,Servicer_A,2022-06,360
LOAN_00003401,385456,0.06480913392682801,<620,90-100%,20-30%,PA,Purchase,Primary,Manufactured,Servicer_D,2022-10,180
LOAN_00003402,372982,0.07030090326589941,<620,80-90%,30-36%,AZ,Refinance,Primary,Condo,Servicer_B,2020-06,180
LOAN_00003403,186458,0.05875710321609714,620-659,60-70%,20-30%,NY,Purchase,Primary,SFR,Servicer_C,2022-12,360
LOAN_00003404,357371,0.0661137870813528,<620,80-90%,20-30%,WI,Cash-out Refinance,Primary,Manufactured,Servicer_E,2021-03,360
LOAN_00003405,440538,0.060517285605334266,620-659,90-100%,>50%,MA,Refinance,Primary,SFR,Servicer_E,2021-01,360
LOAN_00003406,528379,0.06126668730290052,620-659,90-100%,>50%,CA,Cash-out Refinance,Primary,2-4 Unit,Servicer_D,2021-01,360
LOAN_00003407,365146,0.04397956915719904,740-779,80-90%,20-30%,IN,Refinance,Primary,SFR,Servicer_E,2021-11,360
LOAN_00003408,183024,0.05104943536748531,700-739,60-70%,20-30%,FL,Cash-out Refinance,Second Home,SFR,Servicer_C,2021-12,360
LOAN_00003409,197667,0.048726769623066164,700-739,60-70%,30-36%,IN,Refinance,Primary,SFR,Servicer_A,2021-06,180
LOAN_00003410,238571,0.040733254557057744,740-779,70-80%,30-36%,IN,Refinance,Primary,SFR,Servicer_E,2020-03,360
LOAN_00003411,326025,0.035180737309469017,780+,80-90%,<20%,WA,Purchase,Primary,SFR,Servicer_A,2022-12,180
LOAN_00003412,278976,0.04991647001689422,700-739,70-80%,<20%,WA,Refinance,Primary,SFR,Servicer_B,2020-08,360
LOAN_00003413,169081,0.05183341208276489,700-739,<60%,30-36%,IN,Refinance,Primary,SFR,Servicer_E,2020-04,360
LOAN_00003414,168575,0.056260444912334104,660-699,<60%,20-30%,MO,Purchase,Primary,Condo,Servicer_E,2021-10,360
LOAN_00003415,103853,0.06166885409008169,620-659,<60%,43-50%,MA,Refinance,Primary,2-4 Unit,Servicer_A,2021-03,360
LOAN_00003416,62334,0.05725746692326987,620-659,<60%,43-50%,NY,Purchase,Primary,SFR,Servicer_E,2021-11,360
LOAN_00003417,277647,0.051917065869633086,700-739,70-80%,30-36%,AZ,Purchase,Primary,SFR,Servicer_D,2022-08,360
LOAN_00003418,946111,0.0440184842106775,740-779,>100%,30-36%,IL,Purchase,Primary,SFR,Servicer_A,2020-04,360
LOAN_00003419,728242,0.06552482917001462,<620,>100%,43-50%,CA,Purchase,Second Home,Manufactured,Servicer_C,2020-11,360
LOAN_00003420,181840,0.05377813339252718,660-699,60-70%,20-30%,NY,Purchase,Primary,2-4 Unit,Servicer_B,2021-07,360
LOAN_00003421,319640,0.049794522459917084,700-739,80-90%,43-50%,MI,Cash-out Refinance,Investment,2-4 Unit,Servicer_C,2022-05,180
LOAN_00003422,142587,0.052762548611040766,660-699,<60%,<20%,WI,Refinance,Primary,Condo,Servicer_A,2021-10,360
LOAN_00003423,153882,0.046207067831743505,740-779,<60%,>50%,CA,Cash-out Refinance,Primary,SFR,Servicer_A,2021-02,360
LOAN_00003424,162960,0.048631912919066725,700-739,<60%,<20%,TX,Cash-out Refinance,Investment,SFR,Servicer_D,2021-10,360
LOAN_00003425,264937,0.048250500240517746,700-739,70-80%,43-50%,TX,Purchase,Primary,SFR,Servicer_D,2022-12,240
LOAN_00003426,270701,0.05155195098399438,700-739,70-80%,<20%,NY,Refinance,Second Home,SFR,Servicer_A,2021-06,360
LOAN_00003427,336499,0.06286905948181708,620-659,80-90%,43-50%,NJ,Purchase,Primary,SFR,Servicer_D,2022-08,360
LOAN_00003428,413167,0.0598853448224873,620-659,90-100%,36-43%,IN,Cash-out Refinance,Second Home,SFR,Servicer_C,2022-05,360
LOAN_00003429,250586,0.07356084888736941,<620,70-80%,<20%,CA,Purchase,Primary,Condo,Servicer_E,2020-11,180
LOAN_00003430,301975,0.06954074910534411,<620,80-90%,43-50%,IN,Purchase,Primary,SFR,Servicer_C,2020-09,360
LOAN_00003431,171629,0.0784770612788149,<620,60-70%,<20%,MD,Purchase,Primary,SFR,Servicer_C,2022-04,240
LOAN_00003432,151410,0.06170990175604995,620-659,<60%,30-36%,TX,Refinance,Primary,Condo,Servicer_A,2020-08,360
LOAN_00003433,140156,0.06151726266848237,620-659,<60%,20-30%,MI,Purchase,Primary,SFR,Servicer_E,2021-01,240
LOAN_00003434,410291,0.049151010668354374,700-739,90-100%,43-50%,IN,Purchase,Primary,SFR,Servicer_D,2020-09,360
LOAN_00003435,250457,0.06491217876994598,<620,70-80%,43-50%,AZ,Cash-out Refinance,Primary,SFR,Servicer_A,2021-10,360
LOAN_00003436,116359,0.04712659683948293,700-739,<60%,30-36%,NY,Purchase,Primary,SFR,Servicer_A,2020-11,240
LOAN_00003437,287349,0.03735453370742106,780+,70-80%,43-50%,FL,Refinance,Primary,SFR,Servicer_B,2021-12,360
LOAN_00003438,158829,0.07331588070697306,<620,<60%,>50%,NC,Refinance,Primary,SFR,Servicer_C,2022-10,360
LOAN_00003439,680232,0.04000982086440794,740-779,>100%,36-43%,IN,Purchase,Primary,SFR,Servicer_E,2022-06,360
LOAN_00003440,222034,0.06026622147514718,620-659,60-70%,20-30%,MD,Purchase,Primary,SFR,Servicer_D,2022-11,360
LOAN_00003441,416963,0.04443602352599965,740-779,90-100%,30-36%,MI,Purchase,Primary,SFR,Servicer_A,2020-01,360
LOAN_00003442,511182,0.06852001147350201,<620,90-100%,20-30%,NJ,Cash-out Refinance,Primary,Condo,Servicer_A,2021-05,180
LOAN_00003443,183971,0.07015539982924834,<620,60-70%,30-36%,VA,Refinance,Primary,SFR,Servicer_B,2020-08,360
LOAN_00003444,308051,0.06135013368907823,620-659,80-90%,20-30%,MI,Purchase,Primary,SFR,Servicer_A,2022-10,180
LOAN_00003445,391106,0.06995637651371439,<620,90-100%,43-50%,WA,Cash-out Refinance,Primary,SFR,Servicer_A,2022-02,360
LOAN_00003446,314196,0.055088044909973474,660-699,80-90%,36-43%,PA,Purchase,Primary,SFR,Servicer_A,2020-12,180
LOAN_00003447,355240,0.0818100961699126,<620,80-90%,36-43%,NJ,Purchase,Primary,SFR,Servicer_D,2021-09,360
LOAN_00003448,152540,0.06395398280191489,<620,<60%,<20%,WA,Purchase,Primary,SFR,Servicer_D,2021-10,360
LOAN_00003449,391217,0.04419338128451568,740-779,90-100%,<20%,VA,Refinance,Investment,Condo,Servicer_D,2021-06,360
LOAN_00003450,232563,0.05583528050492967,660-699,70-80%,43-50%,WI,Purchase,Primary,Condo,Servicer_A,2021-06,360
LOAN_00003451,353177,0.05316997568541918,660-699,80-90%,30-36%,MA,Refinance,Second Home,2-4 Unit,Servicer_E,2020-02,360
LOAN_00003452,469768,0.05199491129874807,700-739,90-100%,>50%,MA,Purchase,Primary,2-4 Unit,Servicer_B,2021-05,360
LOAN_00003453,414324,0.03511432926520952,780+,90-100%,30-36%,IN,Refinance,Primary,SFR,Servicer_A,2021-01,180
LOAN_00003454,353048,0.059642374533321524,620-659,80-90%,20-30%,NJ,Cash-out Refinance,Primary,SFR,Servicer_A,2022-06,360
LOAN_00003455,408833,0.03837096425271337,780+,90-100%,36-43%,OH,Purchase,Primary,SFR,Servicer_B,2022-08,360
LOAN_00003456,418405,0.0246951126337314,780+,90-100%,36-43%,NJ,Purchase,Primary,SFR,Servicer_A,2022-04,360
LOAN_00003457,626403,0.05087183630652035,700-739,>100%,<20%,MD,Refinance,Primary,SFR,Servicer_B,2020-02,180
LOAN_00003458,291552,0.045929276159293146,740-779,80-90%,36-43%,MO,Purchase,Primary,SFR,Servicer_D,2022-07,360
LOAN_00003459,321894,0.04466155584837336,740-779,80-90%,20-30%,GA,Purchase,Second Home,Manufactured,Servicer_E,2021-03,360
LOAN_00003460,472613,0.02,780+,90-100%,20-30%,MI,Refinance,Primary,SFR,Servicer_A,2021-03,180
LOAN_00003461,232072,0.04478988548856342,740-779,70-80%,<20%,PA,Refinance,Primary,2-4 Unit,Servicer_C,2022-11,240
LOAN_00003462,152111,0.05291629761792757,660-699,<60%,36-43%,CA,Refinance,Primary,Manufactured,Servicer_B,2022-08,360
LOAN_00003463,379501,0.047390152718846876,700-739,80-90%,36-43%,OH,Purchase,Second Home,SFR,Servicer_B,2020-02,360
LOAN_00003464,267530,0.05964812411503998,620-659,70-80%,20-30%,FL,Purchase,Investment,SFR,Servicer_D,2021-01,360
LOAN_00003465,162143,0.07171192778170675,<620,<60%,43-50%,GA,Refinance,Second Home,SFR,Servicer_B,2022-03,240
LOAN_00003466,380891,0.0611964092830621,620-659,90-100%,43-50%,TX,Refinance,Second Home,SFR,Servicer_C,2021-08,360
LOAN_00003467,606564,0.06731673152922382,<620,>100%,30-36%,OH,Purchase,Primary,2-4 Unit,Servicer_B,2020-10,360
LOAN_00003468,131285,0.06830952027578138,<620,<60%,<20%,MA,Purchase,Primary,Manufactured,Servicer_B,2021-07,360
LOAN_00003469,494430,0.04277367079519945,740-779,90-100%,20-30%,IN,Purchase,Primary,SFR,Servicer_D,2022-08,360
LOAN_00003470,83405,0.06026937631223434,620-659,<60%,20-30%,MO,Purchase,Investment,SFR,Servicer_B,2020-09,360
LOAN_00003471,242766,0.06694188824038559,<620,70-80%,>50%,VA,Cash-out Refinance,Primary,Condo,Servicer_C,2022-03,180
LOAN_00003472,744343,0.04976847426341825,700-739,>100%,43-50%,NJ,Purchase,Primary,SFR,Servicer_D,2022-03,360
LOAN_00003473,251660,0.04551248019963651,740-779,70-80%,<20%,WI,Refinance,Primary,Condo,Servicer_D,2022-08,360
LOAN_00003474,310198,0.06136487751059732,620-659,80-90%,30-36%,VA,Purchase,Second Home,SFR,Servicer_D,2020-11,360
LOAN_00003475,434274,0.037220453538547846,780+,90-100%,20-30%,TX,Purchase,Primary,SFR,Servicer_C,2020-08,240
LOAN_00003476,125713,0.04194394500320448,740-779,<60%,<20%,MD,Refinance,Second Home,SFR,Servicer_C,2021-08,360
LOAN_00003477,307443,0.0469989238289988,740-779,80-90%,20-30%,WA,Refinance,Investment,SFR,Servicer_A,2021-08,360
LOAN_00003478,306234,0.0604061705575685,620-659,80-90%,<20%,AZ,Purchase,Primary,SFR,Servicer_D,2021-03,240
LOAN_00003479,752503,0.05762695025866797,620-659,>100%,20-30%,TX,Purchase,Primary,SFR,Servicer_D,2022-05,360
LOAN_00003480,159872,0.06738845055462558,<620,<60%,20-30%,MI,Purchase,Primary,SFR,Servicer_C,2022-05,360
LOAN_00003481,245053,0.043937559347638974,740-779,70-80%,30-36%,MI,Purchase,Primary,Condo,Servicer_D,2020-09,360
LOAN_00003482,186432,0.0432943243447899,740-779,60-70%,30-36%,IN,Refinance,Primary,SFR,Servicer_D,2022-05,360
LOAN_00003483,176803,0.06128694362499597,620-659,60-70%,30-36%,GA,Purchase,Primary,2-4 Unit,Servicer_A,2020-09,360
LOAN_00003484,521102,0.04541599715071557,740-779,90-100%,30-36%,OH,Purchase,Primary,SFR,Servicer_B,2021-03,360
LOAN_00003485,300536,0.04775795301406695,700-739,80-90%,30-36%,AZ,Refinance,Primary,SFR,Servicer_D,2020-01,360
LOAN_00003486,224631,0.032718821928979014,780+,60-70%,30-36%,CA,Cash-out Refinance,Primary,SFR,Servicer_A,2021-01,180
LOAN_00003487,228908,0.05849015201696305,620-659,70-80%,>50%,MA,Purchase,Primary,Condo,Servicer_E,2022-11,360
LOAN_00003488,223772,0.07349548566179402,<620,60-70%,<20%,CA,Refinance,Primary,SFR,Servicer_B,2021-04,360
LOAN_00003489,234005,0.04264853300439544,740-779,70-80%,36-43%,IL,Purchase,Primary,SFR,Servicer_D,2022-02,360
LOAN_00003490,157593,0.06726044334064137,<620,<60%,20-30%,MI,Purchase,Primary,Manufactured,Servicer_C,2020-04,180
LOAN_00003491,260572,0.05428721702812059,660-699,70-80%,30-36%,NY,Purchase,Investment,SFR,Servicer_D,2021-11,360
LOAN_00003492,247804,0.033815024339079625,780+,70-80%,30-36%,CA,Refinance,Primary,Condo,Servicer_B,2021-02,360
LOAN_00003493,203028,0.04426327773246246,740-779,60-70%,43-50%,NC,Purchase,Primary,Condo,Servicer_D,2022-03,360
LOAN_00003494,320463,0.043522392006354736,740-779,80-90%,>50%,MA,Cash-out Refinance,Investment,SFR,Servicer_A,2022-10,360
LOAN_00003495,334350,0.05120166657831249,700-739,80-90%,30-36%,IL,Purchase,Primary,SFR,Servicer_B,2021-08,360
LOAN_00003496,224510,0.060034171461360454,620-659,60-70%,20-30%,PA,Cash-out Refinance,Primary,Condo,Servicer_A,2020-04,360
LOAN_00003497,275938,0.07718707404689717,<620,70-80%,43-50%,AZ,Purchase,Second Home,2-4 Unit,Servicer_A,2021-06,360
LOAN_00003498,872669,0.037826250460978164,780+,>100%,20-30%,MD,Purchase,Primary,SFR,Servicer_A,2020-05,360
LOAN_00003499,856163,0.04918267123696014,700-739,>100%,30-36%,NJ,Refinance,Primary,Condo,Servicer_C,2021-05,360
LOAN_00003500,175072,0.044248229765071465,740-779,60-70%,43-50%,VA,Purchase,Primary,Condo,Servicer_A,2020-03,360
LOAN_00003501,187733,0.03978424646212843,740-779,60-70%,30-36%,IN,Refinance,Investment,SFR,Servicer_B,2021-12,180
LOAN_00003502,174607,0.05614537223931479,660-699,60-70%,36-43%,TX,Cash-out Refinance,Primary,Condo,Servicer_C,2020-12,360
LOAN_00003503,503091,0.055017759894242166,660-699,90-100%,<20%,WI,Refinance,Primary,SFR,Servicer_D,2020-08,240
LOAN_00003504,242980,0.03323437183500558,780+,70-80%,<20%,MI,Cash-out Refinance,Primary,SFR,Servicer_A,2020-01,180
LOAN_00003505,334314,0.05521780633534558,660-699,80-90%,>50%,GA,Purchase,Primary,Manufactured,Servicer_D,2022-08,360
LOAN_00003506,804908,0.04053524808506633,740-779,>100%,20-30%,WA,Refinance,Primary,Condo,Servicer_C,2022-07,360
LOAN_00003507,295010,0.05514193262961971,660-699,80-90%,20-30%,MD,Refinance,Investment,SFR,Servicer_A,2022-06,360
LOAN_00003508,422153,0.07023395791847309,<620,90-100%,30-36%,MD,Refinance,Primary,SFR,Servicer_A,2020-03,360
LOAN_00003509,384696,0.06055681553291127,620-659,90-100%,30-36%,TN,Refinance,Second Home,SFR,Servicer_E,2021-01,360
LOAN_00003510,220994,0.05713020513288508,620-659,60-70%,<20%,MI,Refinance,Primary,SFR,Servicer_C,2022-11,360
LOAN_00003511,503621,0.048654810911159356,700-739,90-100%,20-30%,FL,Cash-out Refinance,Primary,SFR,Servicer_E,2021-09,360
LOAN_00003512,193910,0.055802411810137294,660-699,60-70%,30-36%,NY,Purchase,Second Home,SFR,Servicer_C,2020-05,180
LOAN_00003513,579510,0.06175905066696979,620-659,>100%,30-36%,IN,Purchase,Primary,SFR,Servicer_A,2020-06,360
LOAN_00003514,221078,0.06056999611370092,620-659,60-70%,43-50%,FL,Purchase,Primary,SFR,Servicer_D,2020-10,180
LOAN_00003515,233518,0.05380937483423747,660-699,70-80%,20-30%,MI,Purchase,Primary,Condo,Servicer_C,2022-12,180
LOAN_00003516,172087,0.05760851588726699,620-659,60-70%,>50%,NC,Refinance,Primary,2-4 Unit,Servicer_B,2020-07,240
LOAN_00003517,186814,0.03920125815949504,780+,60-70%,20-30%,MA,Purchase,Primary,SFR,Servicer_B,2022-09,360
LOAN_00003518,239574,0.04618795870266715,740-779,70-80%,20-30%,OH,Purchase,Primary,SFR,Servicer_C,2022-01,360
LOAN_00003519,87932,0.06349071703055183,<620,<60%,>50%,MA,Cash-out Refinance,Investment,Manufactured,Servicer_E,2022-10,360
LOAN_00003520,263902,0.06510439541649049,<620,70-80%,43-50%,NJ,Cash-out Refinance,Investment,SFR,Servicer_B,2022-06,360
LOAN_00003521,230041,0.056123183090072346,660-699,70-80%,20-30%,MO,Refinance,Primary,SFR,Servicer_C,2020-12,360
LOAN_00003522,440209,0.07274758881238182,<620,90-100%,30-36%,NY,Purchase,Primary,SFR,Servicer_A,2022-06,180
LOAN_00003523,366403,0.0610962329975364,620-659,80-90%,43-50%,TN,Purchase,Primary,2-4 Unit,Servicer_D,2020-07,360
LOAN_00003524,208184,0.052202469785643225,660-699,60-70%,<20%,MA,Purchase,Primary,SFR,Servicer_E,2020-11,360
LOAN_00003525,235796,0.04036296696351331,740-779,70-80%,20-30%,IN,Purchase,Primary,Manufactured,Servicer_E,2020-08,360
LOAN_00003526,263732,0.07226479900034698,<620,70-80%,30-36%,MI,Purchase,Primary,Manufactured,Servicer_E,2020-05,240
LOAN_00003527,623421,0.06424380948585492,<620,>100%,43-50%,OH,Refinance,Primary,2-4 Unit,Servicer_D,2020-04,180
LOAN_00003528,196584,0.07657973707516622,<620,60-70%,36-43%,NJ,Purchase,Primary,Condo,Servicer_C,2020-07,360
LOAN_00003529,206926,0.08100216946604699,<620,60-70%,30-36%,WI,Purchase,Primary,Condo,Servicer_E,2020-05,240
LOAN_00003530,168671,0.03955671631860687,780+,<60%,>50%,NY,Refinance,Primary,Manufactured,Servicer_A,2021-02,360
LOAN_00003531,141348,0.039587995070473773,780+,<60%,<20%,AZ,Purchase,Primary,SFR,Servicer_B,2020-03,360
LOAN_00003532,345760,0.02064160104917119,780+,80-90%,43-50%,IL,Purchase,Primary,Condo,Servicer_A,2020-03,180
LOAN_00003533,328224,0.06602034564435708,<620,80-90%,<20%,TN,Purchase,Primary,SFR,Servicer_B,2022-12,180
LOAN_00003534,563194,0.06287779224985118,620-659,>100%,36-43%,NC,Purchase,Primary,SFR,Servicer_B,2020-04,360
LOAN_00003535,499171,0.05617334800151016,660-699,90-100%,30-36%,MO,Refinance,Primary,SFR,Servicer_C,2020-03,360
LOAN_00003536,983190,0.04028640122747919,740-779,>100%,20-30%,NY,Purchase,Primary,Manufactured,Servicer_D,2020-02,360
LOAN_00003537,285804,0.05393159573050274,660-699,70-80%,30-36%,FL,Purchase,Primary,SFR,Servicer_E,2020-05,360
LOAN_00003538,260337,0.05721646594009247,620-659,70-80%,43-50%,WI,Cash-out Refinance,Primary,SFR,Servicer_C,2021-08,240
LOAN_00003539,154799,0.06439270800255004,<620,<60%,30-36%,OH,Cash-out Refinance,Primary,SFR,Servicer_A,2022-06,360
LOAN_00003540,420117,0.05827584297358343,620-659,90-100%,<20%,TX,Purchase,Investment,SFR,Servicer_A,2022-03,360
LOAN_00003541,314666,0.062965615539894,620-659,80-90%,<20%,IN,Cash-out Refinance,Primary,SFR,Servicer_C,2021-09,180
LOAN_00003542,410706,0.05351042956103142,660-699,90-100%,36-43%,NC,Purchase,Primary,SFR,Servicer_D,2020-04,360
LOAN_00003543,167784,0.06917778272710302,<620,<60%,36-43%,MD,Purchase,Primary,SFR,Servicer_E,2022-04,360
LOAN_00003544,353557,0.0625807609293213,620-659,80-90%,30-36%,NC,Refinance,Primary,2-4 Unit,Servicer_B,2020-02,360
LOAN_00003545,328601,0.04075680315159011,740-779,80-90%,20-30%,TN,Purchase,Investment,Manufactured,Servicer_A,2021-11,360
LOAN_00003546,317908,0.0716706444118749,<620,80-90%,36-43%,VA,Purchase,Primary,SFR,Servicer_A,2021-03,360
LOAN_00003547,210737,0.06970685827258163,<620,60-70%,20-30%,MI,Cash-out Refinance,Second Home,SFR,Servicer_D,2022-08,180
LOAN_00003548,537488,0.0605856968446353,620-659,90-100%,<20%,MI,Purchase,Primary,SFR,Servicer_E,2020-12,360
LOAN_00003549,826664,0.05836861245984958,620-659,>100%,30-36%,PA,Purchase,Primary,SFR,Servicer_A,2021-11,360
LOAN_00003550,170216,0.0749033388265399,<620,<60%,30-36%,MA,Purchase,Primary,Condo,Servicer_A,2021-04,360
LOAN_00003551,425160,0.035400245604735106,780+,90-100%,>50%,NJ,Cash-out Refinance,Primary,Condo,Servicer_A,2021-07,360
LOAN_00003552,70338,0.06989469428871581,<620,<60%,36-43%,CA,Purchase,Primary,SFR,Servicer_C,2022-10,360
LOAN_00003553,414283,0.04928551961710779,700-739,90-100%,20-30%,GA,Cash-out Refinance,Primary,2-4 Unit,Servicer_B,2022-02,240
LOAN_00003554,116415,0.06814212935692462,<620,<60%,43-50%,NC,Purchase,Primary,SFR,Servicer_E,2021-03,180
LOAN_00003555,228094,0.056444510166028514,660-699,70-80%,20-30%,MO,Refinance,Primary,Manufactured,Servicer_E,2021-05,180
LOAN_00003556,153812,0.04008488771910114,740-779,<60%,>50%,NC,Purchase,Primary,SFR,Servicer_C,2022-02,180
LOAN_00003557,266250,0.0490417622795717,700-739,70-80%,20-30%,VA,Purchase,Primary,2-4 Unit,Servicer_A,2021-01,360
LOAN_00003558,451078,0.06726074887799159,<620,90-100%,>50%,TX,Purchase,Primary,SFR,Servicer_C,2020-07,360
LOAN_00003559,117165,0.05247750542416152,660-699,<60%,43-50%,GA,Purchase,Primary,SFR,Servicer_B,2021-05,360
LOAN_00003560,247770,0.04754217502338274,700-739,70-80%,43-50%,PA,Purchase,Investment,SFR,Servicer_E,2020-03,360
LOAN_00003561,229421,0.04746193530645976,700-739,70-80%,<20%,MI,Purchase,Primary,Condo,Servicer_D,2020-07,360
LOAN_00003562,653778,0.06270696906680548,620-659,>100%,43-50%,MO,Refinance,Investment,2-4 Unit,Servicer_E,2021-04,240
LOAN_00003563,368015,0.07600762036167956,<620,80-90%,36-43%,MD,Refinance,Primary,Condo,Servicer_B,2022-05,360
LOAN_00003564,164619,0.02930939955236462,780+,<60%,20-30%,PA,Purchase,Investment,SFR,Servicer_B,2022-05,360
LOAN_00003565,234298,0.08860821336811944,<620,70-80%,30-36%,WA,Refinance,Primary,SFR,Servicer_C,2020-10,360
LOAN_00003566,645675,0.05744495474771358,620-659,>100%,36-43%,WI,Refinance,Primary,Manufactured,Servicer_E,2021-04,360
LOAN_00003567,423870,0.06196268962358593,620-659,90-100%,>50%,IL,Cash-out Refinance,Primary,SFR,Servicer_C,2020-06,240
LOAN_00003568,187378,0.049764859034231126,700-739,60-70%,43-50%,NC,Purchase,Primary,SFR,Servicer_B,2022-04,360
LOAN_00003569,259487,0.054957818501718075,660-699,70-80%,30-36%,NJ,Purchase,Second Home,SFR,Servicer_E,2020-09,180
LOAN_00003570,263667,0.05731015614557329,620-659,70-80%,36-43%,CA,Cash-out Refinance,Second Home,Condo,Servicer_B,2022-05,360
LOAN_00003571,226615,0.042410848091955576,740-779,70-80%,20-30%,MI,Cash-out Refinance,Primary,SFR,Servicer_E,2022-07,180
LOAN_00003572,126107,0.04533182274090965,740-779,<60%,30-36%,FL,Cash-out Refinance,Primary,SFR,Servicer_D,2022-01,180
LOAN_00003573,211332,0.06921481049069504,<620,60-70%,43-50%,OH,Refinance,Primary,SFR,Servicer_A,2020-12,240
LOAN_00003574,593979,0.03637183785568934,780+,>100%,36-43%,FL,Refinance,Primary,SFR,Servicer_C,2022-11,360
LOAN_00003575,245101,0.06029246923976249,620-659,70-80%,43-50%,MA,Cash-out Refinance,Primary,SFR,Servicer_D,2022-01,360
LOAN_00003576,281636,0.05055379708756979,700-739,70-80%,30-36%,IN,Purchase,Primary,2-4 Unit,Servicer_E,2021-12,360
LOAN_00003577,318145,0.043471514206293096,740-779,80-90%,30-36%,PA,Purchase,Primary,Condo,Servicer_C,2022-07,360
LOAN_00003578,899029,0.0786631822236328,<620,>100%,36-43%,CA,Cash-out Refinance,Investment,Manufactured,Servicer_A,2022-08,180
LOAN_00003579,297877,0.04354596926486275,740-779,80-90%,<20%,MI,Cash-out Refinance,Primary,SFR,Servicer_B,2020-03,360
LOAN_00003580,512457,0.041438776003186344,740-779,90-100%,>50%,FL,Purchase,Primary,SFR,Servicer_E,2022-08,240
LOAN_00003581,219895,0.052756327557753564,660-699,60-70%,>50%,NC,Purchase,Primary,SFR,Servicer_C,2022-04,180
LOAN_00003582,260484,0.04577729639077478,740-779,70-80%,43-50%,NJ,Cash-out Refinance,Primary,2-4 Unit,Servicer_B,2020-08,360
LOAN_00003583,298425,0.055076567883934585,660-699,80-90%,43-50%,MI,Purchase,Primary,SFR,Servicer_E,2020-12,180
LOAN_00003584,201376,0.056864791559816684,620-659,60-70%,30-36%,NJ,Refinance,Primary,SFR,Servicer_C,2022-04,180
LOAN_00003585,267838,0.05781589678761912,620-659,70-80%,30-36%,VA,Purchase,Primary,SFR,Servicer_D,2020-08,360
LOAN_00003586,462325,0.05351330983307724,660-699,90-100%,43-50%,NY,Purchase,Primary,SFR,Servicer_A,2021-05,360
LOAN_00003587,198752,0.0465740595628933,740-779,60-70%,20-30%,AZ,Refinance,Primary,2-4 Unit,Servicer_C,2022-01,240
LOAN_00003588,296571,0.06272083651215196,620-659,80-90%,43-50%,AZ,Cash-out Refinance,Investment,SFR,Servicer_A,2021-12,360
LOAN_00003589,422678,0.05365968680195027,660-699,90-100%,20-30%,FL,Refinance,Primary,SFR,Servicer_A,2022-09,360
LOAN_00003590,196372,0.049052592255340255,700-739,60-70%,43-50%,NC,Purchase,Primary,SFR,Servicer_C,2020-05,180
LOAN_00003591,512833,0.07275992438917027,<620,90-100%,30-36%,PA,Purchase,Primary,SFR,Servicer_D,2020-11,180
LOAN_00003592,307565,0.05354425647530259,660-699,80-90%,43-50%,GA,Purchase,Primary,Manufactured,Servicer_A,2022-12,360
LOAN_00003593,273057,0.0681038392179591,<620,70-80%,30-36%,TN,Cash-out Refinance,Primary,Condo,Servicer_C,2021-09,360
LOAN_00003594,108654,0.06972206136531268,<620,<60%,36-43%,VA,Purchase,Primary,Manufactured,Servicer_C,2020-09,360
LOAN_00003595,246026,0.07045207402510952,<620,70-80%,>50%,MD,Cash-out Refinance,Primary,SFR,Servicer_C,2020-11,360
LOAN_00003596,357108,0.06329389369733321,620-659,80-90%,30-36%,VA,Cash-out Refinance,Primary,Condo,Servicer_E,2021-01,180
LOAN_00003597,709753,0.05499239803749082,660-699,>100%,20-30%,CA,Purchase,Primary,SFR,Servicer_E,2021-08,360
LOAN_00003598,393936,0.05423149971218769,660-699,90-100%,<20%,MA,Purchase,Investment,SFR,Servicer_A,2020-11,360
LOAN_00003599,520793,0.05207055857820053,700-739,90-100%,36-43%,TX,Cash-out Refinance,Primary,SFR,Servicer_E,2021-11,180
LOAN_00003600,162015,0.028997251959842492,780+,<60%,36-43%,OH,Purchase,Primary,SFR,Servicer_A,2021-05,360
LOAN_00003601,278337,0.06362568166897435,<620,70-80%,36-43%,MD,Cash-out Refinance,Primary,SFR,Servicer_E,2021-10,240
LOAN_00003602,545999,0.05793358679662095,620-659,90-100%,<20%,WI,Purchase,Primary,Condo,Servicer_D,2020-06,360
LOAN_00003603,190257,0.06490629119450353,<620,60-70%,<20%,FL,Purchase,Primary,Condo,Servicer_D,2021-11,360
LOAN_00003604,480513,0.053595981382336434,660-699,90-100%,43-50%,WI,Purchase,Primary,SFR,Servicer_B,2022-10,360
LOAN_00003605,427906,0.0629779019434423,620-659,90-100%,36-43%,WI,Purchase,Primary,SFR,Servicer_C,2020-05,360
LOAN_00003606,340224,0.038469915245662664,780+,80-90%,<20%,MO,Refinance,Primary,Condo,Servicer_C,2020-12,360
LOAN_00003607,251613,0.040968812688861156,740-779,70-80%,<20%,IN,Refinance,Primary,SFR,Servicer_B,2022-01,180
LOAN_00003608,181108,0.02528546080334342,780+,60-70%,20-30%,TX,Purchase,Primary,2-4 Unit,Servicer_C,2021-11,360
LOAN_00003609,720492,0.05338780965002048,660-699,>100%,43-50%,FL,Refinance,Primary,SFR,Servicer_E,2022-01,360
LOAN_00003610,406740,0.0457296929466568,740-779,90-100%,36-43%,WA,Purchase,Primary,Condo,Servicer_A,2021-09,180
LOAN_00003611,351620,0.04415941749795496,740-779,80-90%,36-43%,FL,Cash-out Refinance,Investment,SFR,Servicer_C,2022-01,360
LOAN_00003612,241246,0.059015828535583695,620-659,70-80%,36-43%,PA,Cash-out Refinance,Primary,SFR,Servicer_B,2021-10,360
LOAN_00003613,302227,0.04989391366962846,700-739,80-90%,43-50%,WI,Refinance,Primary,SFR,Servicer_B,2020-03,360
LOAN_00003614,322016,0.03780290791835605,780+,80-90%,20-30%,MD,Cash-out Refinance,Primary,SFR,Servicer_C,2022-04,360
LOAN_00003615,362194,0.08553720127302518,<620,80-90%,20-30%,PA,Purchase,Primary,SFR,Servicer_A,2021-05,360
LOAN_00003616,428124,0.05455587255414309,660-699,90-100%,30-36%,NJ,Purchase,Primary,SFR,Servicer_A,2020-02,360
LOAN_00003617,200539,0.042002043364771646,740-779,60-70%,>50%,NJ,Purchase,Primary,SFR,Servicer_E,2021-03,180
LOAN_00003618,142443,0.0469619744688034,740-779,<60%,36-43%,PA,Cash-out Refinance,Primary,2-4 Unit,Servicer_B,2021-04,360
LOAN_00003619,309322,0.052922284371889554,660-699,80-90%,30-36%,IL,Purchase,Primary,SFR,Servicer_B,2020-04,180
LOAN_00003620,123796,0.05289704845291359,660-699,<60%,43-50%,NC,Cash-out Refinance,Primary,SFR,Servicer_D,2022-12,180
LOAN_00003621,252248,0.07062597127655051,<620,70-80%,20-30%,WA,Purchase,Primary,SFR,Servicer_D,2020-09,360
LOAN_00003622,229901,0.05404684050841351,660-699,70-80%,30-36%,IN,Purchase,Primary,Condo,Servicer_E,2020-12,360
LOAN_00003623,379220,0.07726249806241903,<620,80-90%,36-43%,IN,Refinance,Primary,SFR,Servicer_D,2021-04,360
LOAN_00003624,799145,0.04981092467185473,700-739,>100%,>50%,CA,Refinance,Primary,Condo,Servicer_B,2022-06,180
LOAN_00003625,112162,0.06011723248311871,620-659,<60%,20-30%,AZ,Purchase,Primary,2-4 Unit,Servicer_B,2022-03,360
LOAN_00003626,924577,0.06726376233193397,<620,>100%,30-36%,WA,Cash-out Refinance,Primary,SFR,Servicer_D,2022-04,240
LOAN_00003627,263936,0.06934182765654014,<620,70-80%,>50%,CA,Refinance,Primary,SFR,Servicer_E,2020-09,180
LOAN_00003628,352887,0.07074246660914577,<620,80-90%,36-43%,IN,Purchase,Primary,SFR,Servicer_E,2022-07,360
LOAN_00003629,146178,0.051735859109438384,700-739,<60%,36-43%,VA,Refinance,Primary,2-4 Unit,Servicer_E,2022-06,180
LOAN_00003630,488178,0.05493412887670097,660-699,90-100%,20-30%,MA,Purchase,Primary,SFR,Servicer_D,2021-05,360
LOAN_00003631,302772,0.025246929201235894,780+,80-90%,20-30%,AZ,Cash-out Refinance,Primary,SFR,Servicer_A,2021-08,360
LOAN_00003632,287582,0.05264787953679327,660-699,70-80%,30-36%,OH,Purchase,Primary,2-4 Unit,Servicer_C,2020-02,360
LOAN_00003633,112567,0.06809505013515978,<620,<60%,20-30%,IL,Refinance,Investment,2-4 Unit,Servicer_A,2022-04,360
LOAN_00003634,307705,0.0657620377582706,<620,80-90%,43-50%,GA,Purchase,Second Home,SFR,Servicer_C,2022-11,360
LOAN_00003635,452667,0.053962154547879025,660-699,90-100%,36-43%,TN,Purchase,Primary,SFR,Servicer_D,2021-06,240
LOAN_00003636,263513,0.0753896733151595,<620,70-80%,43-50%,WA,Refinance,Primary,SFR,Servicer_D,2021-08,360
LOAN_00003637,533438,0.05039193658786231,700-739,90-100%,20-30%,WA,Purchase,Primary,Condo,Servicer_B,2021-06,240
LOAN_00003638,522535,0.046406322111761204,740-779,90-100%,20-30%,FL,Refinance,Primary,SFR,Servicer_D,2020-03,240
LOAN_00003639,215227,0.04938205917728357,700-739,60-70%,43-50%,CA,Refinance,Primary,SFR,Servicer_B,2021-11,360
LOAN_00003640,658392,0.041530419701966616,740-779,>100%,20-30%,AZ,Purchase,Primary,2-4 Unit,Servicer_D,2022-02,240
LOAN_00003641,303351,0.062468740380442436,620-659,80-90%,<20%,WI,Purchase,Investment,Condo,Servicer_E,2022-10,240
LOAN_00003642,304027,0.05846178173930331,620-659,80-90%,30-36%,GA,Refinance,Primary,SFR,Servicer_B,2022-10,180
LOAN_00003643,311604,0.06231975335647662,620-659,80-90%,20-30%,NC,Purchase,Primary,2-4 Unit,Servicer_A,2021-06,360
LOAN_00003644,307016,0.05002754617682546,700-739,80-90%,<20%,WI,Purchase,Primary,SFR,Servicer_E,2022-11,360
LOAN_00003645,79613,0.054303124247928956,660-699,<60%,20-30%,IL,Purchase,Investment,2-4 Unit,Servicer_C,2021-08,360
LOAN_00003646,270288,0.028858975319093108,780+,70-80%,43-50%,NJ,Purchase,Primary,SFR,Servicer_B,2021-12,360
LOAN_00003647,149945,0.05951470661573256,620-659,<60%,<20%,TX,Refinance,Investment,SFR,Servicer_B,2021-10,360
LOAN_00003648,668751,0.056186097460715796,660-699,>100%,36-43%,PA,Cash-out Refinance,Primary,SFR,Servicer_C,2022-12,360
LOAN_00003649,655426,0.041793668062078425,740-779,>100%,36-43%,GA,Refinance,Primary,SFR,Servicer_B,2022-03,360
LOAN_00003650,454052,0.05374410961496083,660-699,90-100%,30-36%,AZ,Refinance,Primary,SFR,Servicer_E,2020-05,360
LOAN_00003651,263225,0.05190580837515799,700-739,70-80%,30-36%,OH,Purchase,Primary,SFR,Servicer_B,2020-03,360
LOAN_00003652,179152,0.0761717432200899,<620,60-70%,<20%,MI,Refinance,Primary,SFR,Servicer_C,2021-03,360
LOAN_00003653,213461,0.04226647638246635,740-779,60-70%,<20%,PA,Refinance,Primary,SFR,Servicer_B,2021-07,360
LOAN_00003654,783339,0.05897711414640043,620-659,>100%,30-36%,FL,Purchase,Primary,SFR,Servicer_D,2022-01,360
LOAN_00003655,209798,0.041910779767859674,740-779,60-70%,>50%,TN,Refinance,Primary,Condo,Servicer_D,2021-06,180
LOAN_00003656,91327,0.048305518671156754,700-739,<60%,30-36%,AZ,Purchase,Primary,SFR,Servicer_C,2021-07,360
LOAN_00003657,496372,0.058321827444306765,620-659,90-100%,30-36%,WA,Purchase,Primary,SFR,Servicer_E,2022-10,180
LOAN_00003658,627972,0.05246364410964266,660-699,>100%,>50%,VA,Purchase,Primary,SFR,Servicer_B,2021-01,180
LOAN_00003659,679836,0.054928109725437324,660-699,>100%,43-50%,FL,Purchase,Primary,SFR,Servicer_C,2021-06,360
LOAN_00003660,498407,0.058992665298783636,620-659,90-100%,43-50%,NJ,Purchase,Primary,Condo,Servicer_D,2021-09,360
LOAN_00003661,540775,0.049075725145617304,700-739,90-100%,30-36%,MA,Purchase,Second Home,Condo,Servicer_E,2021-05,360
LOAN_00003662,304512,0.06560975841778528,<620,80-90%,43-50%,MI,Purchase,Primary,SFR,Servicer_B,2022-11,360
LOAN_00003663,105014,0.05133424308114874,700-739,<60%,36-43%,MA,Purchase,Primary,SFR,Servicer_A,2022-11,360
LOAN_00003664,300721,0.05382933446136914,660-699,80-90%,36-43%,OH,Purchase,Primary,SFR,Servicer_D,2021-07,360
LOAN_00003665,404653,0.059335735295054266,620-659,90-100%,43-50%,NJ,Purchase,Primary,SFR,Servicer_C,2021-05,360
LOAN_00003666,277164,0.057724002413978015,620-659,70-80%,30-36%,GA,Cash-out Refinance,Primary,SFR,Servicer_A,2021-10,360
LOAN_00003667,270920,0.06273073509451424,620-659,70-80%,>50%,WI,Refinance,Primary,SFR,Servicer_E,2020-07,360
LOAN_00003668,183128,0.058803572817816466,620-659,60-70%,>50%,NY,Purchase,Primary,SFR,Servicer_C,2021-04,360
LOAN_00003669,179715,0.06062836793867409,620-659,60-70%,36-43%,PA,Purchase,Second Home,SFR,Servicer_D,2020-08,360
LOAN_00003670,743462,0.0510955298300183,700-739,>100%,20-30%,AZ,Purchase,Primary,2-4 Unit,Servicer_B,2020-06,360
LOAN_00003671,757041,0.04217474682297376,740-779,>100%,43-50%,TX,Purchase,Primary,SFR,Servicer_E,2020-04,360
LOAN_00003672,296166,0.03786833316696568,780+,80-90%,20-30%,NJ,Purchase,Primary,2-4 Unit,Servicer_C,2021-10,360
LOAN_00003673,341383,0.03495147822829241,780+,80-90%,36-43%,CA,Purchase,Primary,SFR,Servicer_C,2020-01,360
LOAN_00003674,181601,0.07615272061275132,<620,60-70%,<20%,NJ,Purchase,Primary,Condo,Servicer_C,2021-12,360
LOAN_00003675,408925,0.02844671906927049,780+,90-100%,43-50%,OH,Refinance,Primary,SFR,Servicer_E,2021-04,360
LOAN_00003676,714847,0.06932468198772523,<620,>100%,>50%,NY,Purchase,Primary,SFR,Servicer_D,2021-02,360
LOAN_00003677,138051,0.04514957186443032,740-779,<60%,<20%,MI,Purchase,Primary,SFR,Servicer_A,2022-04,360
LOAN_00003678,373974,0.06923729166543766,<620,80-90%,36-43%,OH,Purchase,Primary,SFR,Servicer_E,2021-08,360
LOAN_00003679,388291,0.0285695196650146,780+,90-100%,43-50%,TX,Cash-out Refinance,Primary,SFR,Servicer_A,2022-03,360
LOAN_00003680,386081,0.05217887317740061,660-699,90-100%,<20%,NJ,Refinance,Primary,SFR,Servicer_C,2022-02,180
LOAN_00003681,674285,0.07244829283630322,<620,>100%,20-30%,VA,Refinance,Primary,SFR,Servicer_B,2020-02,360
LOAN_00003682,820778,0.06355851476170699,<620,>100%,30-36%,AZ,Cash-out Refinance,Primary,SFR,Servicer_C,2020-08,360
LOAN_00003683,263882,0.0509528144717105,700-739,70-80%,43-50%,MD,Refinance,Primary,Manufactured,Servicer_E,2021-09,360
LOAN_00003684,415229,0.03168427238165822,780+,90-100%,30-36%,MA,Purchase,Primary,SFR,Servicer_A,2022-12,240
LOAN_00003685,309315,0.039130137734188816,780+,80-90%,<20%,TN,Refinance,Primary,SFR,Servicer_A,2020-06,360
LOAN_00003686,216196,0.07166976515871255,<620,60-70%,20-30%,WA,Purchase,Primary,SFR,Servicer_E,2020-04,360
LOAN_00003687,339560,0.05082110558495529,700-739,80-90%,30-36%,AZ,Refinance,Investment,2-4 Unit,Servicer_B,2022-10,360
LOAN_00003688,414882,0.05413811075903873,660-699,90-100%,<20%,TN,Purchase,Primary,2-4 Unit,Servicer_C,2022-11,360
LOAN_00003689,330533,0.05840242125643157,620-659,80-90%,36-43%,AZ,Purchase,Primary,SFR,Servicer_E,2020-07,360
LOAN_00003690,190881,0.03936593304294933,780+,60-70%,<20%,NJ,Purchase,Primary,SFR,Servicer_D,2021-03,360
LOAN_00003691,235206,0.05988748215808215,620-659,70-80%,43-50%,MA,Purchase,Primary,SFR,Servicer_D,2021-11,180
LOAN_00003692,236108,0.049964614231971925,700-739,70-80%,36-43%,WI,Refinance,Primary,SFR,Servicer_A,2020-08,240
LOAN_00003693,194614,0.05852443342690649,620-659,60-70%,43-50%,MI,Purchase,Investment,SFR,Servicer_B,2020-12,360
LOAN_00003694,346892,0.048063388953555594,700-739,80-90%,20-30%,IL,Purchase,Primary,SFR,Servicer_C,2021-03,180
LOAN_00003695,365512,0.03612260727926611,780+,80-90%,36-43%,NC,Purchase,Primary,SFR,Servicer_A,2021-12,360
LOAN_00003696,483960,0.04987152961825579,700-739,90-100%,43-50%,CA,Cash-out Refinance,Primary,SFR,Servicer_D,2020-12,360
LOAN_00003697,193143,0.06268933140529602,620-659,60-70%,30-36%,OH,Refinance,Second Home,SFR,Servicer_D,2021-03,180
LOAN_00003698,222183,0.059728721068924434,620-659,60-70%,<20%,MO,Refinance,Primary,SFR,Servicer_B,2020-11,360
LOAN_00003699,645180,0.05537117040801672,660-699,>100%,<20%,TX,Purchase,Primary,SFR,Servicer_E,2022-04,360
LOAN_00003700,273143,0.06577758223612411,<620,70-80%,36-43%,MO,Purchase,Investment,SFR,Servicer_E,2020-06,360
LOAN_00003701,301060,0.052556871849469285,660-699,80-90%,30-36%,VA,Purchase,Primary,2-4 Unit,Servicer_D,2020-09,360
LOAN_00003702,271698,0.05567531576818261,660-699,70-80%,>50%,OH,Purchase,Primary,SFR,Servicer_B,2020-09,360
LOAN_00003703,522570,0.049242797443675296,700-739,90-100%,43-50%,MI,Purchase,Primary,SFR,Servicer_A,2022-09,240
LOAN_00003704,532801,0.06647941572104146,<620,90-100%,36-43%,MO,Cash-out Refinance,Primary,SFR,Servicer_D,2022-11,180
LOAN_00003705,517416,0.05849834257266118,620-659,90-100%,>50%,FL,Purchase,Investment,2-4 Unit,Servicer_C,2021-07,360
LOAN_00003706,300524,0.04831650267791954,700-739,80-90%,36-43%,VA,Purchase,Primary,SFR,Servicer_D,2020-06,360
LOAN_00003707,191718,0.03713164304166634,780+,60-70%,<20%,PA,Refinance,Primary,SFR,Servicer_C,2022-04,360
LOAN_00003708,776542,0.06825953529877993,<620,>100%,<20%,NJ,Purchase,Primary,SFR,Servicer_A,2021-06,180
LOAN_00003709,455046,0.04607121938578432,740-779,90-100%,43-50%,TN,Purchase,Primary,SFR,Servicer_E,2022-07,360
LOAN_00003710,236019,0.055864772229874564,660-699,70-80%,30-36%,MD,Refinance,Primary,Condo,Servicer_E,2021-01,180
LOAN_00003711,604350,0.08323119619773486,<620,>100%,>50%,PA,Cash-out Refinance,Primary,SFR,Servicer_D,2022-12,360
LOAN_00003712,226884,0.06461811450079971,<620,70-80%,<20%,AZ,Refinance,Primary,SFR,Servicer_A,2022-06,360
LOAN_00003713,600400,0.0743337950659239,<620,>100%,20-30%,NC,Cash-out Refinance,Second Home,SFR,Servicer_E,2020-09,360
LOAN_00003714,621034,0.048542502249506216,700-739,>100%,43-50%,NJ,Purchase,Primary,SFR,Servicer_E,2022-03,240
LOAN_00003715,187073,0.06785171676184248,<620,60-70%,43-50%,NY,Refinance,Primary,SFR,Servicer_C,2020-11,240
LOAN_00003716,396677,0.05532002791542269,660-699,90-100%,43-50%,MO,Cash-out Refinance,Primary,SFR,Servicer_C,2021-01,360
LOAN_00003717,438491,0.059392203049222984,620-659,90-100%,<20%,NY,Purchase,Primary,SFR,Servicer_A,2020-10,360
LOAN_00003718,1096303,0.07925010055647473,<620,>100%,30-36%,CA,Refinance,Primary,Condo,Servicer_D,2022-01,240
LOAN_00003719,204607,0.05165625011020353,700-739,60-70%,36-43%,TN,Cash-out Refinance,Primary,Manufactured,Servicer_D,2020-10,360
LOAN_00003720,606992,0.05523105344411844,660-699,>100%,>50%,NC,Refinance,Primary,SFR,Servicer_B,2021-11,360
LOAN_00003721,299141,0.04416142418190445,740-779,80-90%,20-30%,TX,Purchase,Primary,SFR,Servicer_D,2021-09,240
LOAN_00003722,159423,0.06566162267089692,<620,<60%,36-43%,AZ,Purchase,Investment,Condo,Servicer_B,2022-04,360
LOAN_00003723,279290,0.04827247722056037,700-739,70-80%,<20%,PA,Refinance,Second Home,Condo,Servicer_A,2022-12,180
LOAN_00003724,296924,0.06727252498982654,<620,80-90%,36-43%,WI,Cash-out Refinance,Primary,SFR,Servicer_A,2020-01,360
LOAN_00003725,174652,0.03520104109906179,780+,60-70%,<20%,WI,Purchase,Primary,SFR,Servicer_D,2022-12,180
LOAN_00003726,346655,0.06158365686200328,620-659,80-90%,>50%,VA,Purchase,Primary,SFR,Servicer_B,2020-04,360
LOAN_00003727,478736,0.04727568032724333,700-739,90-100%,<20%,MI,Purchase,Primary,SFR,Servicer_A,2021-07,360
LOAN_00003728,334068,0.06376621167196253,<620,80-90%,36-43%,NC,Purchase,Primary,SFR,Servicer_E,2021-01,360
LOAN_00003729,226178,0.05483728992574926,660-699,60-70%,43-50%,WA,Refinance,Primary,SFR,Servicer_D,2021-12,360
LOAN_00003730,275340,0.0485759330215805,700-739,70-80%,20-30%,MD,Refinance,Second Home,SFR,Servicer_B,2022-02,360
LOAN_00003731,295885,0.050361284597488065,700-739,80-90%,20-30%,WA,Refinance,Second Home,Manufactured,Servicer_D,2022-07,360
LOAN_00003732,330598,0.044795340399296314,740-779,80-90%,36-43%,TX,Refinance,Primary,SFR,Servicer_C,2021-03,360
LOAN_00003733,516543,0.06505345306385031,<620,90-100%,36-43%,NY,Refinance,Primary,SFR,Servicer_A,2022-10,240
LOAN_00003734,339751,0.04241635180689503,740-779,80-90%,36-43%,WA,Refinance,Primary,2-4 Unit,Servicer_B,2020-12,360
LOAN_00003735,147068,0.05179505633520643,700-739,<60%,36-43%,GA,Purchase,Primary,Manufactured,Servicer_D,2020-08,180
LOAN_00003736,223874,0.059142874956429684,620-659,60-70%,20-30%,MI,Purchase,Primary,SFR,Servicer_D,2021-02,360
LOAN_00003737,322226,0.07436193430538224,<620,80-90%,>50%,NC,Cash-out Refinance,Primary,SFR,Servicer_C,2021-08,360
LOAN_00003738,520248,0.05488841678929823,660-699,90-100%,20-30%,VA,Purchase,Primary,SFR,Servicer_E,2022-01,360
LOAN_00003739,567458,0.05208987296153871,700-739,>100%,36-43%,IL,Purchase,Primary,SFR,Servicer_C,2022-06,360
LOAN_00003740,720242,0.05828361838139234,620-659,>100%,>50%,TX,Purchase,Primary,SFR,Servicer_A,2020-09,360
LOAN_00003741,316572,0.030118429411906848,780+,80-90%,>50%,IL,Refinance,Primary,SFR,Servicer_E,2020-11,240
LOAN_00003742,434371,0.040616251591711366,740-779,90-100%,20-30%,AZ,Purchase,Primary,Condo,Servicer_A,2022-10,180
LOAN_00003743,143310,0.05049560201345859,700-739,<60%,20-30%,WA,Refinance,Primary,SFR,Servicer_E,2021-04,360
LOAN_00003744,367669,0.046444370191208166,740-779,80-90%,36-43%,IN,Purchase,Primary,2-4 Unit,Servicer_A,2020-09,240
LOAN_00003745,173228,0.035790000529079054,780+,60-70%,20-30%,FL,Cash-out Refinance,Investment,Condo,Servicer_B,2022-12,180
LOAN_00003746,287428,0.06529334381401102,<620,70-80%,36-43%,FL,Refinance,Second Home,SFR,Servicer_A,2021-05,360
LOAN_00003747,1349060,0.05811708075468787,620-659,>100%,30-36%,FL,Cash-out Refinance,Primary,SFR,Servicer_D,2022-12,360
LOAN_00003748,345164,0.0566831829673901,620-659,80-90%,20-30%,VA,Refinance,Primary,Condo,Servicer_B,2022-10,360
LOAN_00003749,192546,0.04667210618614752,740-779,60-70%,30-36%,VA,Cash-out Refinance,Second Home,Condo,Servicer_C,2022-09,360
LOAN_00003750,363630,0.055952715575963985,660-699,80-90%,36-43%,NY,Purchase,Primary,SFR,Servicer_A,2021-09,360
LOAN_00003751,228996,0.06117339351329271,620-659,70-80%,43-50%,NC,Purchase,Primary,SFR,Servicer_E,2022-05,240
LOAN_00003752,183437,0.05182124735316063,700-739,60-70%,30-36%,TX,Cash-out Refinance,Primary,SFR,Servicer_C,2022-11,360
LOAN_00003753,848792,0.06033486687088438,620-659,>100%,<20%,WA,Cash-out Refinance,Primary,SFR,Servicer_B,2020-10,360
LOAN_00003754,505551,0.04544727421809862,740-779,90-100%,30-36%,VA,Cash-out Refinance,Primary,Condo,Servicer_A,2020-02,360
LOAN_00003755,352486,0.05616982375587656,660-699,80-90%,36-43%,CA,Cash-out Refinance,Primary,SFR,Servicer_C,2020-12,360
LOAN_00003756,243796,0.0687099793951132,<620,70-80%,43-50%,TX,Refinance,Primary,SFR,Servicer_D,2021-11,360
LOAN_00003757,253877,0.06978423644291247,<620,70-80%,43-50%,MA,Refinance,Primary,SFR,Servicer_A,2021-08,180
LOAN_00003758,641292,0.07093106565939594,<620,>100%,>50%,MO,Refinance,Primary,SFR,Servicer_C,2020-03,360
LOAN_00003759,345686,0.058426820985195006,620-659,80-90%,30-36%,IN,Purchase,Primary,Condo,Servicer_E,2021-09,240
LOAN_00003760,63487,0.05537936745829295,660-699,<60%,43-50%,VA,Refinance,Primary,SFR,Servicer_E,2020-07,360
LOAN_00003761,994971,0.04961453300608703,700-739,>100%,20-30%,NJ,Cash-out Refinance,Primary,SFR,Servicer_E,2021-07,180
LOAN_00003762,324983,0.033310182921791,780+,80-90%,36-43%,IN,Refinance,Primary,SFR,Servicer_E,2021-09,180
LOAN_00003763,352104,0.03886120364319409,780+,80-90%,30-36%,IN,Purchase,Primary,SFR,Servicer_B,2021-11,360
LOAN_00003764,510602,0.05298334033641689,660-699,90-100%,43-50%,MD,Refinance,Investment,SFR,Servicer_A,2021-03,360
LOAN_00003765,374258,0.053700538610458835,660-699,80-90%,43-50%,GA,Cash-out Refinance,Primary,SFR,Servicer_C,2021-03,360
LOAN_00003766,430823,0.0719466763456779,<620,90-100%,20-30%,MI,Purchase,Primary,SFR,Servicer_D,2022-01,180
LOAN_00003767,239938,0.07077758955250751,<620,70-80%,43-50%,TX,Purchase,Primary,SFR,Servicer_B,2022-03,360
LOAN_00003768,160348,0.046762166302160985,740-779,<60%,43-50%,NY,Refinance,Primary,2-4 Unit,Servicer_B,2022-06,180
LOAN_00003769,341163,0.06481990858106822,<620,80-90%,>50%,GA,Cash-out Refinance,Second Home,SFR,Servicer_A,2021-01,180
LOAN_00003770,606710,0.04927517362511307,700-739,>100%,30-36%,IN,Refinance,Primary,2-4 Unit,Servicer_C,2021-04,360
LOAN_00003771,214507,0.06319139611604561,620-659,60-70%,>50%,NC,Refinance,Primary,Manufactured,Servicer_A,2020-12,240
LOAN_00003772,206073,0.06467221273728094,<620,60-70%,43-50%,VA,Purchase,Primary,SFR,Servicer_D,2021-07,360
LOAN_00003773,546073,0.06990511374577285,<620,90-100%,36-43%,MO,Purchase,Primary,Condo,Servicer_E,2020-05,180
LOAN_00003774,235950,0.049088279742607634,700-739,70-80%,30-36%,MI,Cash-out Refinance,Primary,SFR,Servicer_E,2021-04,180
LOAN_00003775,241523,0.06717164424617109,<620,70-80%,43-50%,OH,Purchase,Primary,SFR,Servicer_B,2020-07,360
LOAN_00003776,246083,0.03252623156654474,780+,70-80%,43-50%,MA,Purchase,Investment,Manufactured,Servicer_A,2021-08,240
LOAN_00003777,287078,0.07055458817846634,<620,70-80%,36-43%,OH,Purchase,Primary,2-4 Unit,Servicer_C,2022-07,360
LOAN_00003778,135020,0.0546997993261778,660-699,<60%,>50%,GA,Purchase,Primary,SFR,Servicer_D,2022-12,360
LOAN_00003779,226461,0.05495526402417163,660-699,70-80%,20-30%,MO,Purchase,Primary,SFR,Servicer_E,2021-05,180
LOAN_00003780,332762,0.03055076193171457,780+,80-90%,36-43%,NC,Refinance,Primary,SFR,Servicer_A,2020-03,360
LOAN_00003781,331578,0.05033600935303143,700-739,80-90%,20-30%,PA,Purchase,Primary,SFR,Servicer_A,2020-09,360
LOAN_00003782,529133,0.07126575279536261,<620,90-100%,30-36%,IN,Refinance,Primary,2-4 Unit,Servicer_A,2020-04,360
LOAN_00003783,743925,0.04987957729956623,700-739,>100%,20-30%,WA,Purchase,Investment,SFR,Servicer_C,2022-04,180
LOAN_00003784,631745,0.0635615531317025,<620,>100%,20-30%,TN,Cash-out Refinance,Primary,SFR,Servicer_A,2022-12,360
LOAN_00003785,468516,0.05541466153256931,660-699,90-100%,30-36%,OH,Purchase,Primary,Condo,Servicer_E,2021-08,360
LOAN_00003786,275304,0.06775202967519638,<620,70-80%,<20%,TN,Purchase,Primary,SFR,Servicer_B,2020-07,360
LOAN_00003787,217176,0.057298011582449494,620-659,60-70%,<20%,WI,Purchase,Primary,SFR,Servicer_E,2020-01,360
LOAN_00003788,299221,0.04381826162682277,740-779,80-90%,36-43%,NY,Cash-out Refinance,Primary,SFR,Servicer_B,2022-12,360
LOAN_00003789,397436,0.05567740815818732,660-699,90-100%,20-30%,NY,Refinance,Second Home,SFR,Servicer_B,2020-12,360
LOAN_00003790,447292,0.07421460284441456,<620,90-100%,<20%,VA,Refinance,Primary,SFR,Servicer_A,2020-05,360
LOAN_00003791,404959,0.06097174093643442,620-659,90-100%,<20%,MA,Purchase,Primary,SFR,Servicer_B,2020-07,360
LOAN_00003792,279124,0.05360264431247602,660-699,70-80%,20-30%,CA,Purchase,Primary,SFR,Servicer_D,2020-10,360
LOAN_00003793,439516,0.08206892582959968,<620,90-100%,<20%,VA,Cash-out Refinance,Primary,SFR,Servicer_D,2021-12,360
LOAN_00003794,557064,0.06891058843073465,<620,90-100%,>50%,FL,Purchase,Primary,Condo,Servicer_D,2022-09,180
LOAN_00003795,460505,0.06480080698478152,<620,90-100%,36-43%,WI,Refinance,Primary,SFR,Servicer_A,2020-10,360
LOAN_00003796,291849,0.0588081095829325,620-659,80-90%,30-36%,MA,Cash-out Refinance,Primary,2-4 Unit,Servicer_B,2022-01,360
LOAN_00003797,195453,0.0637632860170133,<620,60-70%,30-36%,WI,Refinance,Primary,Condo,Servicer_C,2020-03,360
LOAN_00003798,193148,0.06415278487819409,<620,60-70%,<20%,IL,Purchase,Investment,Condo,Servicer_E,2020-01,360
LOAN_00003799,210953,0.028806215853374346,780+,60-70%,36-43%,TN,Purchase,Primary,SFR,Servicer_B,2020-02,360
LOAN_00003800,337235,0.059739234553953385,620-659,80-90%,>50%,GA,Purchase,Primary,SFR,Servicer_A,2022-10,240
LOAN_00003801,384577,0.0530703296879721,660-699,90-100%,<20%,FL,Cash-out Refinance,Second Home,Condo,Servicer_E,2021-09,360
LOAN_00003802,146200,0.04900268472236109,700-739,<60%,20-30%,MI,Cash-out Refinance,Primary,Condo,Servicer_C,2022-05,360
LOAN_00003803,230499,0.05265475263946914,660-699,70-80%,36-43%,MI,Purchase,Second Home,SFR,Servicer_B,2020-01,240
LOAN_00003804,334918,0.036329815758133585,780+,80-90%,20-30%,NJ,Cash-out Refinance,Primary,SFR,Servicer_B,2020-01,360
LOAN_00003805,189124,0.03334467879955385,780+,60-70%,<20%,MO,Purchase,Primary,SFR,Servicer_C,2022-07,180
LOAN_00003806,368410,0.06995802900938197,<620,80-90%,36-43%,PA,Purchase,Primary,SFR,Servicer_C,2020-04,360
LOAN_00003807,254304,0.06054589383650711,620-659,70-80%,36-43%,WA,Purchase,Primary,SFR,Servicer_D,2020-06,360
LOAN_00003808,206548,0.02604385447345265,780+,60-70%,20-30%,NY,Cash-out Refinance,Investment,Condo,Servicer_D,2021-07,360
LOAN_00003809,304553,0.04808338550317911,700-739,80-90%,43-50%,MO,Purchase,Primary,SFR,Servicer_A,2021-10,360
LOAN_00003810,360822,0.06556662080075837,<620,80-90%,<20%,MI,Purchase,Investment,SFR,Servicer_A,2020-09,240
LOAN_00003811,194023,0.05163982751535243,700-739,60-70%,20-30%,TN,Purchase,Primary,SFR,Servicer_D,2021-05,360
LOAN_00003812,262680,0.06994005944558034,<620,70-80%,36-43%,PA,Purchase,Primary,Condo,Servicer_E,2022-01,360
LOAN_00003813,374684,0.06759702159131961,<620,80-90%,36-43%,OH,Purchase,Primary,SFR,Servicer_E,2021-04,240
LOAN_00003814,202593,0.03871946548827143,780+,60-70%,36-43%,WI,Purchase,Primary,SFR,Servicer_E,2021-02,360
LOAN_00003815,129459,0.05328011081381402,660-699,<60%,36-43%,NY,Cash-out Refinance,Primary,Condo,Servicer_D,2020-03,360
LOAN_00003816,137545,0.04962292690229555,700-739,<60%,36-43%,VA,Cash-out Refinance,Primary,SFR,Servicer_B,2021-05,360
LOAN_00003817,240620,0.038329140467774796,780+,70-80%,43-50%,OH,Purchase,Second Home,SFR,Servicer_A,2022-05,360
LOAN_00003818,153397,0.037548708101736744,780+,<60%,36-43%,GA,Cash-out Refinance,Primary,SFR,Servicer_D,2021-11,360
LOAN_00003819,249231,0.04532774144509927,740-779,70-80%,30-36%,AZ,Cash-out Refinance,Primary,SFR,Servicer_E,2022-09,360
LOAN_00003820,681786,0.04730889508584834,700-739,>100%,43-50%,TN,Cash-out Refinance,Primary,SFR,Servicer_C,2020-05,240
LOAN_00003821,148850,0.058398757326920354,620-659,<60%,20-30%,MI,Purchase,Primary,SFR,Servicer_A,2020-01,360
LOAN_00003822,257480,0.06753056167857305,<620,70-80%,43-50%,WA,Cash-out Refinance,Investment,SFR,Servicer_D,2021-08,360
LOAN_00003823,861260,0.061163739469748436,620-659,>100%,20-30%,CA,Refinance,Primary,SFR,Servicer_B,2020-07,180
LOAN_00003824,363692,0.06400446688336989,<620,80-90%,30-36%,IL,Purchase,Primary,SFR,Servicer_D,2021-10,360
LOAN_00003825,246751,0.051800586142355595,700-739,70-80%,36-43%,MA,Refinance,Primary,Condo,Servicer_A,2022-09,240
LOAN_00003826,274185,0.06223600235935468,620-659,70-80%,36-43%,AZ,Purchase,Primary,Condo,Servicer_B,2021-01,360
LOAN_00003827,367574,0.053219500220916864,660-699,80-90%,<20%,CA,Refinance,Primary,SFR,Servicer_D,2021-08,360
LOAN_00003828,692377,0.04970233140096661,700-739,>100%,30-36%,MO,Refinance,Primary,SFR,Servicer_E,2022-01,360
LOAN_00003829,227424,0.07776521138674751,<620,70-80%,43-50%,NC,Purchase,Second Home,SFR,Servicer_B,2020-06,240
LOAN_00003830,203047,0.027034288521430017,780+,60-70%,>50%,OH,Purchase,Primary,SFR,Servicer_D,2022-09,360
LOAN_00003831,148835,0.03252034843231167,780+,<60%,30-36%,MI,Cash-out Refinance,Primary,SFR,Servicer_B,2020-08,360
LOAN_00003832,312246,0.05959239704960325,620-659,80-90%,<20%,GA,Purchase,Primary,SFR,Servicer_D,2022-06,360
LOAN_00003833,146848,0.051820211817610595,700-739,<60%,30-36%,NJ,Cash-out Refinance,Primary,Condo,Servicer_C,2021-12,360
LOAN_00003834,235180,0.03775618779799693,780+,70-80%,30-36%,NY,Refinance,Primary,Condo,Servicer_D,2020-06,360
LOAN_00003835,188274,0.04234466858603478,740-779,60-70%,<20%,FL,Purchase,Investment,Condo,Servicer_B,2022-03,360
LOAN_00003836,507403,0.04390713043765862,740-779,90-100%,43-50%,WI,Refinance,Primary,SFR,Servicer_A,2020-08,360
LOAN_00003837,229992,0.06570803844557097,<620,70-80%,30-36%,MA,Cash-out Refinance,Primary,Condo,Servicer_D,2021-10,360
LOAN_00003838,361661,0.06954892517277327,<620,80-90%,30-36%,GA,Cash-out Refinance,Primary,SFR,Servicer_A,2022-11,240
LOAN_00003839,132979,0.07467475078276742,<620,<60%,30-36%,IN,Purchase,Primary,SFR,Servicer_C,2022-11,360
LOAN_00003840,316713,0.03593186533348794,780+,80-90%,<20%,TN,Purchase,Primary,SFR,Servicer_A,2022-08,360
LOAN_00003841,162497,0.038594517609861614,780+,<60%,30-36%,AZ,Purchase,Primary,2-4 Unit,Servicer_C,2021-06,360
LOAN_00003842,239707,0.037772482305993726,780+,70-80%,30-36%,MA,Refinance,Primary,SFR,Servicer_A,2021-09,360
LOAN_00003843,895915,0.07046628406924012,<620,>100%,20-30%,WI,Purchase,Primary,SFR,Servicer_A,2020-11,360
LOAN_00003844,472639,0.06000669345303435,620-659,90-100%,36-43%,IN,Purchase,Primary,SFR,Servicer_E,2022-10,360
LOAN_00003845,278116,0.055962390597636656,660-699,70-80%,30-36%,PA,Purchase,Investment,SFR,Servicer_E,2021-06,360
LOAN_00003846,1468087,0.05775554432616937,620-659,>100%,36-43%,MA,Cash-out Refinance,Primary,Manufactured,Servicer_C,2022-04,360
LOAN_00003847,187664,0.05431866067433508,660-699,60-70%,43-50%,NY,Purchase,Primary,SFR,Servicer_B,2021-01,360
LOAN_00003848,531048,0.04154629543112194,740-779,90-100%,30-36%,NJ,Refinance,Primary,2-4 Unit,Servicer_D,2022-03,360
LOAN_00003849,137814,0.061158073477418855,620-659,<60%,30-36%,TX,Purchase,Primary,Manufactured,Servicer_B,2020-09,360
LOAN_00003850,262508,0.052766337932155766,660-699,70-80%,43-50%,NY,Refinance,Investment,SFR,Servicer_A,2022-03,360
LOAN_00003851,151161,0.04059614183824849,740-779,<60%,30-36%,MA,Refinance,Primary,Condo,Servicer_B,2020-02,360
LOAN_00003852,337269,0.061891425344296695,620-659,80-90%,30-36%,GA,Cash-out Refinance,Primary,2-4 Unit,Servicer_D,2020-04,360
LOAN_00003853,304975,0.04989054836472895,700-739,80-90%,43-50%,NY,Refinance,Second Home,SFR,Servicer_E,2021-01,360
LOAN_00003854,254273,0.05772980184209653,620-659,70-80%,36-43%,WI,Purchase,Primary,SFR,Servicer_D,2021-06,360
LOAN_00003855,511973,0.0535002500644237,660-699,90-100%,>50%,MD,Purchase,Primary,SFR,Servicer_D,2022-02,360
LOAN_00003856,223339,0.0656965452666977,<620,60-70%,30-36%,IL,Purchase,Primary,SFR,Servicer_D,2021-01,360
LOAN_00003857,349208,0.0576419556907473,620-659,80-90%,30-36%,VA,Purchase,Primary,Condo,Servicer_A,2020-01,360
LOAN_00003858,446983,0.044395597901718334,740-779,90-100%,<20%,PA,Cash-out Refinance,Primary,SFR,Servicer_D,2020-12,360
LOAN_00003859,141264,0.058864038682462386,620-659,<60%,20-30%,IN,Purchase,Primary,Condo,Servicer_A,2021-04,360
LOAN_00003860,203983,0.059256264693676744,620-659,60-70%,30-36%,AZ,Cash-out Refinance,Primary,SFR,Servicer_C,2021-08,360
LOAN_00003861,304653,0.06113599568846647,620-659,80-90%,20-30%,NC,Purchase,Primary,SFR,Servicer_C,2021-12,360
LOAN_00003862,406393,0.06743049105678295,<620,90-100%,30-36%,MD,Cash-out Refinance,Investment,SFR,Servicer_D,2020-09,360
LOAN_00003863,603570,0.04760820657787392,700-739,>100%,20-30%,MA,Cash-out Refinance,Primary,2-4 Unit,Servicer_A,2021-10,180
LOAN_00003864,266215,0.06301522800616638,620-659,70-80%,<20%,NY,Refinance,Primary,SFR,Servicer_E,2021-11,360
LOAN_00003865,253156,0.03430219314591034,780+,70-80%,30-36%,NC,Purchase,Primary,SFR,Servicer_D,2022-04,360
LOAN_00003866,191702,0.053560182216540325,660-699,60-70%,36-43%,IN,Cash-out Refinance,Primary,SFR,Servicer_B,2021-07,360
LOAN_00003867,349756,0.051704081382308295,700-739,80-90%,20-30%,NJ,Cash-out Refinance,Primary,SFR,Servicer_B,2022-06,240
LOAN_00003868,255618,0.07237414264216335,<620,70-80%,43-50%,TX,Purchase,Primary,SFR,Servicer_A,2020-08,360
LOAN_00003869,258586,0.05312397485228217,660-699,70-80%,<20%,TN,Cash-out Refinance,Primary,2-4 Unit,Servicer_B,2022-02,360
LOAN_00003870,282958,0.062295865338059316,620-659,70-80%,<20%,MI,Cash-out Refinance,Primary,SFR,Servicer_A,2020-02,360
LOAN_00003871,390746,0.033858656525529315,780+,90-100%,>50%,IL,Purchase,Primary,SFR,Servicer_D,2020-04,180
LOAN_00003872,223716,0.05077890442373702,700-739,60-70%,>50%,IN,Purchase,Primary,2-4 Unit,Servicer_D,2022-08,360
LOAN_00003873,201575,0.044843681590797047,740-779,60-70%,30-36%,MO,Purchase,Primary,SFR,Servicer_C,2021-06,360
LOAN_00003874,368008,0.08470613347954631,<620,80-90%,30-36%,VA,Purchase,Primary,SFR,Servicer_E,2021-11,360
LOAN_00003875,65325,0.04699843891454371,740-779,<60%,43-50%,MA,Cash-out Refinance,Primary,SFR,Servicer_A,2021-10,240
LOAN_00003876,219292,0.05587934887193743,660-699,60-70%,30-36%,IL,Cash-out Refinance,Primary,SFR,Servicer_E,2022-02,360
LOAN_00003877,166765,0.056518909627302036,660-699,<60%,<20%,MA,Purchase,Primary,SFR,Servicer_B,2020-09,360
LOAN_00003878,541245,0.03592626050876016,780+,90-100%,<20%,MD,Refinance,Primary,2-4 Unit,Servicer_D,2020-07,360
LOAN_00003879,237882,0.048687575073482633,700-739,70-80%,<20%,IL,Refinance,Primary,SFR,Servicer_E,2020-02,360
LOAN_00003880,224053,0.05985719815179106,620-659,60-70%,43-50%,MD,Purchase,Primary,SFR,Servicer_A,2022-08,360
LOAN_00003881,289435,0.05602866730289542,660-699,70-80%,36-43%,TX,Refinance,Primary,Condo,Servicer_E,2020-09,360
LOAN_00003882,220204,0.02739506833590476,780+,60-70%,20-30%,NC,Refinance,Primary,2-4 Unit,Servicer_E,2021-09,360
LOAN_00003883,242480,0.04819610266594479,700-739,70-80%,20-30%,TX,Purchase,Primary,Condo,Servicer_D,2021-05,360
LOAN_00003884,311313,0.06724985993736271,<620,80-90%,<20%,NC,Purchase,Primary,SFR,Servicer_A,2020-06,240
LOAN_00003885,240140,0.06205867512775522,620-659,70-80%,36-43%,WA,Cash-out Refinance,Primary,SFR,Servicer_E,2021-03,360
LOAN_00003886,239280,0.06961640022190245,<620,70-80%,43-50%,MO,Purchase,Primary,Manufactured,Servicer_B,2020-03,360
LOAN_00003887,178960,0.043172231950920514,740-779,60-70%,30-36%,NY,Purchase,Primary,Condo,Servicer_A,2020-07,180
LOAN_00003888,166559,0.0703711544233487,<620,<60%,43-50%,MO,Cash-out Refinance,Primary,Condo,Servicer_D,2020-06,360
LOAN_00003889,305687,0.054467127420529816,660-699,80-90%,20-30%,WI,Cash-out Refinance,Primary,SFR,Servicer_A,2022-06,240
LOAN_00003890,345690,0.07410667001126728,<620,80-90%,36-43%,TX,Refinance,Primary,Condo,Servicer_C,2021-09,180
LOAN_00003891,145207,0.05503965320900528,660-699,<60%,30-36%,WI,Purchase,Primary,Manufactured,Servicer_A,2022-10,360
LOAN_00003892,433640,0.030430294087428242,780+,90-100%,<20%,MD,Refinance,Second Home,SFR,Servicer_D,2021-04,360
LOAN_00003893,434531,0.06519105485568573,<620,90-100%,30-36%,CA,Refinance,Primary,SFR,Servicer_A,2020-08,180
LOAN_00003894,482793,0.04967783586430429,700-739,90-100%,43-50%,TX,Purchase,Primary,SFR,Servicer_D,2021-10,360
LOAN_00003895,344532,0.05048524466357819,700-739,80-90%,<20%,MA,Purchase,Second Home,Condo,Servicer_E,2022-10,360
LOAN_00003896,407803,0.03756284282716277,780+,90-100%,30-36%,NC,Purchase,Primary,SFR,Servicer_A,2021-08,360
LOAN_00003897,884265,0.07446639398807252,<620,>100%,43-50%,PA,Refinance,Primary,SFR,Servicer_A,2020-01,240
LOAN_00003898,255056,0.048746785914365834,700-739,70-80%,43-50%,NC,Cash-out Refinance,Primary,SFR,Servicer_E,2020-11,360
LOAN_00003899,175809,0.07390042929895024,<620,60-70%,30-36%,OH,Refinance,Primary,Condo,Servicer_C,2022-10,360
LOAN_00003900,137718,0.04982508206088576,700-739,<60%,20-30%,WI,Purchase,Investment,SFR,Servicer_C,2021-07,240
LOAN_00003901,713428,0.04386705757420867,740-779,>100%,43-50%,IL,Purchase,Primary,2-4 Unit,Servicer_B,2022-11,240
LOAN_00003902,718121,0.07083435008835776,<620,>100%,20-30%,TX,Refinance,Investment,SFR,Servicer_C,2021-07,180
LOAN_00003903,186782,0.05411998301199725,660-699,60-70%,20-30%,IN,Purchase,Second Home,SFR,Servicer_E,2020-01,360
LOAN_00003904,206145,0.05423713591173813,660-699,60-70%,<20%,IN,Purchase,Second Home,SFR,Servicer_E,2022-08,240
LOAN_00003905,252206,0.03962048871660256,780+,70-80%,30-36%,MO,Cash-out Refinance,Primary,SFR,Servicer_E,2022-04,360
LOAN_00003906,546958,0.049508519743644924,700-739,90-100%,36-43%,WI,Cash-out Refinance,Primary,SFR,Servicer_B,2022-02,360
LOAN_00003907,155803,0.060144349883571986,620-659,<60%,43-50%,CA,Cash-out Refinance,Primary,SFR,Servicer_D,2022-11,240
LOAN_00003908,110933,0.03940984007489377,780+,<60%,30-36%,TN,Purchase,Primary,Condo,Servicer_C,2020-08,360
LOAN_00003909,876557,0.0485309476699382,700-739,>100%,>50%,PA,Cash-out Refinance,Second Home,Condo,Servicer_B,2022-09,240
LOAN_00003910,346690,0.04995464275111051,700-739,80-90%,36-43%,NC,Refinance,Primary,Manufactured,Servicer_B,2020-09,180
LOAN_00003911,372207,0.055797289656567974,660-699,80-90%,36-43%,NC,Refinance,Primary,2-4 Unit,Servicer_E,2022-11,360
LOAN_00003912,267653,0.07275471574765917,<620,70-80%,20-30%,WI,Purchase,Investment,SFR,Servicer_A,2020-07,360
LOAN_00003913,374329,0.051400562404204195,700-739,80-90%,20-30%,NJ,Purchase,Primary,Condo,Servicer_E,2021-08,360
LOAN_00003914,139092,0.04671399205104926,740-779,<60%,36-43%,IL,Purchase,Second Home,SFR,Servicer_E,2022-05,360
LOAN_00003915,194763,0.08795644758429605,<620,60-70%,36-43%,TX,Cash-out Refinance,Primary,SFR,Servicer_D,2020-03,240
LOAN_00003916,312568,0.049801775757718846,700-739,80-90%,20-30%,VA,Refinance,Primary,SFR,Servicer_A,2020-03,360
LOAN_00003917,95278,0.05271210206596965,660-699,<60%,30-36%,IN,Cash-out Refinance,Primary,SFR,Servicer_D,2022-07,240
LOAN_00003918,254929,0.05070584356970761,700-739,70-80%,30-36%,MA,Refinance,Primary,2-4 Unit,Servicer_A,2020-03,360
LOAN_00003919,247191,0.051678770786684466,700-739,70-80%,30-36%,MD,Purchase,Primary,SFR,Servicer_B,2021-11,360
LOAN_00003920,254907,0.055933058356191535,660-699,70-80%,20-30%,CA,Purchase,Primary,SFR,Servicer_A,2022-10,360
LOAN_00003921,225135,0.0660495577311193,<620,60-70%,<20%,NC,Purchase,Primary,SFR,Servicer_D,2021-11,360
LOAN_00003922,180241,0.05984785267928087,620-659,60-70%,20-30%,WA,Cash-out Refinance,Second Home,SFR,Servicer_C,2021-06,360
LOAN_00003923,119250,0.06792514676039706,<620,<60%,43-50%,MO,Purchase,Primary,Condo,Servicer_E,2021-04,360
LOAN_00003924,318817,0.0675283440952892,<620,80-90%,43-50%,OH,Purchase,Primary,SFR,Servicer_D,2021-11,180
LOAN_00003925,255234,0.057502625267390514,620-659,70-80%,<20%,AZ,Refinance,Primary,SFR,Servicer_B,2021-09,180
LOAN_00003926,149098,0.059515743640765305,620-659,<60%,<20%,IL,Cash-out Refinance,Investment,Condo,Servicer_D,2021-07,180
LOAN_00003927,305977,0.06830484011522348,<620,80-90%,30-36%,VA,Refinance,Investment,SFR,Servicer_B,2020-06,360
LOAN_00003928,255895,0.041665480863970206,740-779,70-80%,20-30%,TN,Purchase,Primary,SFR,Servicer_B,2021-12,360
LOAN_00003929,235505,0.08497853442685961,<620,70-80%,43-50%,IN,Refinance,Primary,Condo,Servicer_B,2022-03,180
LOAN_00003930,100866,0.04884897843366872,700-739,<60%,30-36%,MI,Purchase,Investment,Condo,Servicer_D,2022-02,360
LOAN_00003931,417226,0.05078842094117229,700-739,90-100%,43-50%,MI,Refinance,Second Home,SFR,Servicer_E,2020-03,360
LOAN_00003932,160087,0.040457188303914815,740-779,<60%,<20%,MO,Refinance,Primary,SFR,Servicer_E,2022-02,180
LOAN_00003933,306090,0.04081419030454722,740-779,80-90%,>50%,NJ,Purchase,Primary,SFR,Servicer_C,2022-03,360
LOAN_00003934,197969,0.06668840882667684,<620,60-70%,43-50%,GA,Purchase,Primary,SFR,Servicer_A,2020-07,360
LOAN_00003935,244174,0.08224231933170702,<620,70-80%,36-43%,PA,Purchase,Primary,SFR,Servicer_E,2022-07,360
LOAN_00003936,527627,0.04819311867029983,700-739,90-100%,>50%,MA,Purchase,Primary,SFR,Servicer_B,2021-07,360
LOAN_00003937,386856,0.05916779833753022,620-659,90-100%,30-36%,MA,Refinance,Primary,SFR,Servicer_D,2021-06,360
LOAN_00003938,521789,0.05764199914854596,620-659,90-100%,<20%,NJ,Purchase,Primary,Condo,Servicer_C,2022-03,360
LOAN_00003939,349826,0.0670029347490011,<620,80-90%,30-36%,NY,Purchase,Second Home,Manufactured,Servicer_B,2021-07,360
LOAN_00003940,361519,0.08162457357420878,<620,80-90%,43-50%,NY,Refinance,Primary,Condo,Servicer_B,2021-08,360
LOAN_00003941,121714,0.07325168101577903,<620,<60%,43-50%,IL,Refinance,Second Home,SFR,Servicer_C,2020-12,360
LOAN_00003942,253023,0.052136088628231034,660-699,70-80%,30-36%,CA,Cash-out Refinance,Primary,SFR,Servicer_C,2022-10,360
LOAN_00003943,265016,0.06134521162851562,620-659,70-80%,36-43%,MI,Cash-out Refinance,Investment,SFR,Servicer_A,2022-11,360
LOAN_00003944,546796,0.06253669411290672,620-659,90-100%,20-30%,NC,Purchase,Primary,SFR,Servicer_B,2020-05,240
LOAN_00003945,230241,0.054758912425988564,660-699,70-80%,20-30%,GA,Purchase,Primary,SFR,Servicer_C,2022-03,240
LOAN_00003946,338550,0.04184876639803923,740-779,80-90%,36-43%,MD,Refinance,Primary,Manufactured,Servicer_D,2020-01,360
LOAN_00003947,331996,0.04541468537724374,740-779,80-90%,30-36%,IL,Refinance,Primary,SFR,Servicer_C,2021-02,360
LOAN_00003948,529049,0.06877783181115057,<620,90-100%,20-30%,IN,Purchase,Primary,SFR,Servicer_A,2022-11,360
LOAN_00003949,277375,0.07001569594986459,<620,70-80%,43-50%,NY,Cash-out Refinance,Primary,SFR,Servicer_C,2020-07,360
LOAN_00003950,448602,0.05250919162192976,660-699,90-100%,30-36%,WA,Refinance,Primary,SFR,Servicer_E,2021-02,360
LOAN_00003951,126445,0.058132664728721056,620-659,<60%,30-36%,MO,Purchase,Second Home,SFR,Servicer_B,2020-08,360
LOAN_00003952,132321,0.06936716585595573,<620,<60%,20-30%,IN,Refinance,Primary,SFR,Servicer_D,2022-03,360
LOAN_00003953,94686,0.034548773535600416,780+,<60%,20-30%,VA,Purchase,Primary,SFR,Servicer_C,2021-05,360
LOAN_00003954,439324,0.04964377082993372,700-739,90-100%,36-43%,IL,Cash-out Refinance,Primary,SFR,Servicer_B,2021-10,360
LOAN_00003955,415331,0.07921445657779173,<620,90-100%,43-50%,GA,Purchase,Primary,SFR,Servicer_E,2022-10,360
LOAN_00003956,464359,0.058591692594439804,620-659,90-100%,20-30%,NC,Refinance,Primary,Condo,Servicer_E,2021-07,360
LOAN_00003957,211360,0.04144940698355879,740-779,60-70%,43-50%,IN,Refinance,Primary,2-4 Unit,Servicer_A,2022-03,360
LOAN_00003958,223736,0.05640738752288457,660-699,60-70%,43-50%,GA,Purchase,Primary,SFR,Servicer_D,2020-04,360
LOAN_00003959,279142,0.06725722710721932,<620,70-80%,43-50%,IN,Refinance,Primary,SFR,Servicer_E,2020-08,360
LOAN_00003960,610387,0.024441604752057016,780+,>100%,36-43%,WI,Purchase,Primary,Condo,Servicer_C,2022-11,240
LOAN_00003961,691704,0.05711542980629311,620-659,>100%,30-36%,FL,Purchase,Primary,Manufactured,Servicer_C,2022-07,360
LOAN_00003962,441045,0.05053102534489015,700-739,90-100%,43-50%,MD,Purchase,Primary,Condo,Servicer_E,2021-12,360
LOAN_00003963,349937,0.03529602248275663,780+,80-90%,30-36%,VA,Cash-out Refinance,Primary,SFR,Servicer_D,2021-02,360
LOAN_00003964,578209,0.055983127061563706,660-699,>100%,20-30%,WA,Cash-out Refinance,Second Home,2-4 Unit,Servicer_E,2020-08,360
LOAN_00003965,260948,0.05336223721887463,660-699,70-80%,30-36%,OH,Purchase,Primary,Condo,Servicer_A,2022-07,360
LOAN_00003966,243903,0.054710916973628336,660-699,70-80%,30-36%,OH,Cash-out Refinance,Investment,SFR,Servicer_C,2022-05,240
LOAN_00003967,278031,0.05082087255706284,700-739,70-80%,30-36%,NJ,Cash-out Refinance,Primary,SFR,Servicer_A,2020-09,360
LOAN_00003968,181796,0.04274394937655032,740-779,60-70%,43-50%,NY,Purchase,Investment,2-4 Unit,Servicer_B,2021-10,360
LOAN_00003969,271711,0.03754236599682104,780+,70-80%,30-36%,MA,Cash-out Refinance,Primary,2-4 Unit,Servicer_D,2021-11,360
LOAN_00003970,169616,0.046711720716704506,740-779,<60%,20-30%,AZ,Purchase,Primary,SFR,Servicer_E,2021-06,360
LOAN_00003971,495094,0.06531102536891277,<620,90-100%,>50%,CA,Cash-out Refinance,Primary,SFR,Servicer_E,2022-10,360
LOAN_00003972,389198,0.05779684352472095,620-659,90-100%,20-30%,IL,Refinance,Investment,SFR,Servicer_D,2020-05,360
LOAN_00003973,606088,0.05416992004664092,660-699,>100%,<20%,NJ,Cash-out Refinance,Primary,Condo,Servicer_C,2020-10,360
LOAN_00003974,131315,0.04252278221114213,740-779,<60%,43-50%,MA,Purchase,Primary,SFR,Servicer_C,2020-04,180
LOAN_00003975,767465,0.050513020805749466,700-739,>100%,>50%,PA,Purchase,Primary,SFR,Servicer_A,2022-01,180
LOAN_00003976,135098,0.06384589070028655,<620,<60%,36-43%,MO,Cash-out Refinance,Primary,SFR,Servicer_D,2021-12,360
LOAN_00003977,162892,0.06105740514982589,620-659,<60%,30-36%,NJ,Refinance,Primary,SFR,Servicer_D,2022-12,360
LOAN_00003978,217420,0.049273613562727414,700-739,60-70%,30-36%,NJ,Refinance,Primary,2-4 Unit,Servicer_A,2021-08,240
LOAN_00003979,570267,0.02366317418238638,780+,>100%,43-50%,FL,Refinance,Primary,2-4 Unit,Servicer_E,2020-06,360
LOAN_00003980,331965,0.046901828438061025,740-779,80-90%,43-50%,WA,Refinance,Primary,SFR,Servicer_B,2021-05,360
LOAN_00003981,262520,0.04920766578867235,700-739,70-80%,<20%,IN,Purchase,Primary,SFR,Servicer_D,2020-04,360
LOAN_00003982,199523,0.04411472874756686,740-779,60-70%,43-50%,IL,Purchase,Primary,SFR,Servicer_A,2022-01,360
LOAN_00003983,149049,0.05004189060232354,700-739,<60%,36-43%,NJ,Purchase,Primary,SFR,Servicer_A,2022-01,360
LOAN_00003984,522465,0.06479860153834262,<620,90-100%,<20%,CA,Purchase,Primary,SFR,Servicer_D,2022-07,360
LOAN_00003985,442112,0.05455244256452183,660-699,90-100%,<20%,IL,Cash-out Refinance,Primary,SFR,Servicer_C,2021-01,360
LOAN_00003986,583164,0.0668763525748593,<620,>100%,<20%,TX,Purchase,Primary,SFR,Servicer_A,2020-12,360
LOAN_00003987,361641,0.03689953497225515,780+,80-90%,>50%,TN,Purchase,Primary,Manufactured,Servicer_E,2020-03,360
LOAN_00003988,79138,0.051339231304540676,700-739,<60%,30-36%,WI,Purchase,Investment,Condo,Servicer_E,2021-03,180
LOAN_00003989,159166,0.03173173466986,780+,<60%,36-43%,CA,Cash-out Refinance,Primary,SFR,Servicer_A,2021-06,360
LOAN_00003990,374158,0.04988106964195782,700-739,80-90%,<20%,MA,Purchase,Primary,Condo,Servicer_D,2022-04,360
LOAN_00003991,246505,0.04245211053642792,740-779,70-80%,43-50%,VA,Purchase,Second Home,SFR,Servicer_A,2022-04,360
LOAN_00003992,224263,0.07037503400114059,<620,60-70%,30-36%,MA,Cash-out Refinance,Primary,SFR,Servicer_D,2020-06,360
LOAN_00003993,170823,0.05991654407012207,620-659,<60%,>50%,NJ,Purchase,Primary,SFR,Servicer_D,2020-11,240
LOAN_00003994,476295,0.06717795394711616,<620,90-100%,30-36%,WI,Refinance,Primary,SFR,Servicer_D,2021-07,360
LOAN_00003995,372538,0.04984782609672485,700-739,80-90%,43-50%,CA,Purchase,Primary,SFR,Servicer_C,2021-01,180
LOAN_00003996,381015,0.04276338283460028,740-779,90-100%,36-43%,FL,Refinance,Primary,Manufactured,Servicer_A,2020-01,360
LOAN_00003997,216035,0.04238124406553874,740-779,60-70%,30-36%,IL,Purchase,Primary,Condo,Servicer_B,2022-07,360
LOAN_00003998,323885,0.058185271369250294,620-659,80-90%,>50%,TN,Purchase,Primary,SFR,Servicer_E,2022-03,360
LOAN_00003999,151921,0.07672193793032109,<620,<60%,30-36%,TX,Purchase,Primary,Condo,Servicer_D,2021-07,360
LOAN_00004000,277919,0.05994858750424586,620-659,70-80%,43-50%,FL,Refinance,Primary,Condo,Servicer_B,2020-12,360
LOAN_00004001,83787,0.050502787248549,700-739,<60%,<20%,MA,Cash-out Refinance,Primary,2-4 Unit,Servicer_E,2022-07,360
LOAN_00004002,135393,0.052734749738480996,660-699,<60%,36-43%,NC,Purchase,Primary,SFR,Servicer_C,2020-02,360
LOAN_00004003,252418,0.05462439601897843,660-699,70-80%,>50%,MA,Refinance,Primary,SFR,Servicer_E,2021-05,360
LOAN_00004004,972435,0.0793197107221379,<620,>100%,43-50%,GA,Purchase,Primary,Condo,Servicer_E,2022-05,360
LOAN_00004005,120526,0.06980330279001859,<620,<60%,30-36%,TX,Refinance,Primary,Manufactured,Servicer_A,2022-11,180
LOAN_00004006,159246,0.05811950804980439,620-659,<60%,30-36%,VA,Cash-out Refinance,Second Home,SFR,Servicer_E,2020-10,360
LOAN_00004007,330508,0.056316783613673274,660-699,80-90%,43-50%,FL,Purchase,Primary,Manufactured,Servicer_E,2021-12,180
LOAN_00004008,718349,0.05859224068443851,620-659,>100%,20-30%,MI,Purchase,Second Home,SFR,Servicer_E,2020-07,360
LOAN_00004009,328104,0.060931308031396916,620-659,80-90%,>50%,MO,Refinance,Investment,SFR,Servicer_D,2020-05,360
LOAN_00004010,421287,0.05004162456429285,700-739,90-100%,20-30%,NY,Cash-out Refinance,Primary,2-4 Unit,Servicer_D,2021-01,360
LOAN_00004011,250495,0.04487105263148036,740-779,70-80%,<20%,IL,Refinance,Primary,Condo,Servicer_B,2022-08,180
LOAN_00004012,229736,0.06738664312665839,<620,70-80%,43-50%,MD,Purchase,Primary,SFR,Servicer_A,2022-01,240
LOAN_00004013,308998,0.0552637927668638,660-699,80-90%,30-36%,OH,Refinance,Primary,Condo,Servicer_A,2021-06,360
LOAN_00004014,213385,0.06638473522977963,<620,60-70%,30-36%,GA,Purchase,Primary,SFR,Servicer_A,2020-11,180
LOAN_00004015,425974,0.07475390498531731,<620,90-100%,20-30%,AZ,Cash-out Refinance,Primary,SFR,Servicer_E,2020-06,360
LOAN_00004016,132835,0.06124737680919472,620-659,<60%,>50%,FL,Cash-out Refinance,Primary,SFR,Servicer_B,2020-10,360
LOAN_00004017,462773,0.05930258175484084,620-659,90-100%,36-43%,TX,Cash-out Refinance,Investment,SFR,Servicer_A,2020-06,360
LOAN_00004018,302445,0.09340291576620477,<620,80-90%,>50%,IN,Cash-out Refinance,Primary,SFR,Servicer_D,2020-07,240
LOAN_00004019,266369,0.057484241539357814,620-659,70-80%,20-30%,MD,Cash-out Refinance,Primary,SFR,Servicer_A,2022-01,360
LOAN_00004020,130419,0.04191343830584382,740-779,<60%,30-36%,WI,Purchase,Investment,SFR,Servicer_C,2020-05,360
LOAN_00004021,181698,0.051625297213936154,700-739,60-70%,20-30%,CA,Cash-out Refinance,Second Home,SFR,Servicer_D,2020-02,360
LOAN_00004022,540000,0.0736202165409465,<620,90-100%,30-36%,NJ,Purchase,Primary,SFR,Servicer_C,2021-08,180
LOAN_00004023,267186,0.039469991796639445,780+,70-80%,<20%,IN,Purchase,Primary,SFR,Servicer_D,2020-11,240
LOAN_00004024,340850,0.045970484750164235,740-779,80-90%,<20%,IN,Purchase,Primary,SFR,Servicer_A,2021-05,360
LOAN_00004025,191039,0.06827712167162221,<620,60-70%,30-36%,GA,Purchase,Primary,SFR,Servicer_B,2020-06,360
LOAN_00004026,292281,0.05174055228984359,700-739,80-90%,36-43%,MI,Purchase,Primary,SFR,Servicer_C,2020-08,360
LOAN_00004027,149331,0.05367705055628206,660-699,<60%,30-36%,NY,Refinance,Primary,Condo,Servicer_D,2021-04,180
LOAN_00004028,311745,0.06788047384156755,<620,80-90%,30-36%,FL,Purchase,Investment,Condo,Servicer_C,2022-01,360
LOAN_00004029,356939,0.04639814589215247,740-779,80-90%,30-36%,GA,Purchase,Primary,SFR,Servicer_D,2021-03,180
LOAN_00004030,348121,0.03737677058173526,780+,80-90%,30-36%,IL,Purchase,Primary,SFR,Servicer_D,2021-08,360
LOAN_00004031,188755,0.038333368349649566,780+,60-70%,43-50%,WI,Refinance,Primary,SFR,Servicer_E,2021-07,360
LOAN_00004032,249939,0.061981365320915464,620-659,70-80%,43-50%,TX,Refinance,Primary,SFR,Servicer_D,2020-10,360
LOAN_00004033,387936,0.05810958512596953,620-659,90-100%,43-50%,NJ,Refinance,Investment,Condo,Servicer_D,2020-11,180
LOAN_00004034,266807,0.04668920184064804,740-779,70-80%,20-30%,VA,Refinance,Primary,SFR,Servicer_D,2021-04,360
LOAN_00004035,256875,0.04109450055031439,740-779,70-80%,30-36%,TX,Refinance,Primary,Condo,Servicer_A,2020-02,240
LOAN_00004036,768145,0.051753122498213594,700-739,>100%,43-50%,NC,Purchase,Primary,Manufactured,Servicer_B,2022-01,180
LOAN_00004037,184334,0.06839820743500567,<620,60-70%,>50%,MD,Refinance,Second Home,2-4 Unit,Servicer_E,2021-11,360
LOAN_00004038,509003,0.04497018455404893,740-779,90-100%,30-36%,FL,Purchase,Primary,2-4 Unit,Servicer_A,2020-12,360
LOAN_00004039,166484,0.047047791736569256,740-779,<60%,30-36%,FL,Purchase,Primary,SFR,Servicer_C,2021-02,360
LOAN_00004040,411428,0.040713741191843456,740-779,90-100%,43-50%,NY,Cash-out Refinance,Primary,SFR,Servicer_D,2020-12,360
LOAN_00004041,422555,0.050591045330773944,700-739,90-100%,>50%,TX,Purchase,Primary,SFR,Servicer_C,2021-12,240
LOAN_00004042,229766,0.05905694788859896,620-659,70-80%,30-36%,MO,Cash-out Refinance,Investment,SFR,Servicer_A,2022-04,360
LOAN_00004043,161338,0.08038202988451709,<620,<60%,20-30%,CA,Purchase,Primary,Condo,Servicer_A,2020-04,360
LOAN_00004044,110722,0.05761337815383925,620-659,<60%,43-50%,PA,Refinance,Primary,Condo,Servicer_D,2021-03,360
LOAN_00004045,218042,0.05435586273715577,660-699,60-70%,36-43%,IN,Purchase,Investment,Manufactured,Servicer_C,2020-01,360
LOAN_00004046,385813,0.06535523927182157,<620,90-100%,<20%,WI,Cash-out Refinance,Primary,Manufactured,Servicer_D,2021-05,180
LOAN_00004047,173024,0.06335458662196293,<620,60-70%,20-30%,NY,Cash-out Refinance,Primary,SFR,Servicer_A,2020-09,360
LOAN_00004048,311288,0.048068070227599805,700-739,80-90%,36-43%,GA,Purchase,Primary,2-4 Unit,Servicer_C,2021-01,360
LOAN_00004049,141745,0.08262472088116092,<620,<60%,36-43%,NY,Purchase,Investment,2-4 Unit,Servicer_C,2021-05,360
LOAN_00004050,263828,0.05470739977247256,660-699,70-80%,43-50%,NY,Refinance,Investment,Condo,Servicer_E,2020-12,360
LOAN_00004051,167121,0.05783650384426955,620-659,<60%,20-30%,MD,Purchase,Primary,SFR,Servicer_A,2021-03,240
LOAN_00004052,285218,0.06161618304743358,620-659,70-80%,20-30%,OH,Purchase,Primary,SFR,Servicer_D,2022-04,360
LOAN_00004053,230835,0.05915046841135544,620-659,70-80%,36-43%,WA,Cash-out Refinance,Primary,SFR,Servicer_D,2022-06,180
LOAN_00004054,163540,0.07330477202649507,<620,<60%,<20%,NY,Refinance,Primary,SFR,Servicer_C,2020-01,240
LOAN_00004055,213323,0.047921095130440364,700-739,60-70%,30-36%,PA,Purchase,Primary,SFR,Servicer_A,2021-02,360
LOAN_00004056,185892,0.06440058698623247,<620,60-70%,30-36%,GA,Purchase,Second Home,SFR,Servicer_A,2022-07,360
LOAN_00004057,153742,0.05697482134461975,620-659,<60%,20-30%,VA,Purchase,Primary,SFR,Servicer_D,2021-08,180
LOAN_00004058,509595,0.06679267834131428,<620,90-100%,43-50%,MD,Cash-out Refinance,Primary,SFR,Servicer_D,2020-08,360
LOAN_00004059,247684,0.05242017460038066,660-699,70-80%,<20%,IL,Purchase,Primary,SFR,Servicer_D,2021-10,240
LOAN_00004060,98605,0.05079501572616255,700-739,<60%,43-50%,WA,Purchase,Primary,2-4 Unit,Servicer_D,2020-06,360
LOAN_00004061,217153,0.06378488184911214,<620,60-70%,36-43%,MI,Purchase,Primary,SFR,Servicer_B,2020-01,360
LOAN_00004062,468530,0.059295919085079765,620-659,90-100%,30-36%,TN,Cash-out Refinance,Primary,SFR,Servicer_B,2021-11,180
LOAN_00004063,202667,0.04515646837209678,740-779,60-70%,43-50%,OH,Purchase,Primary,SFR,Servicer_E,2021-07,360
LOAN_00004064,627106,0.0711473474369711,<620,>100%,20-30%,NC,Refinance,Investment,SFR,Servicer_D,2022-04,360
LOAN_00004065,193236,0.06379011250130152,<620,60-70%,43-50%,WA,Purchase,Primary,SFR,Servicer_C,2021-01,360
LOAN_00004066,381438,0.054109549714047356,660-699,90-100%,20-30%,NC,Cash-out Refinance,Primary,Condo,Servicer_C,2022-07,360
LOAN_00004067,497982,0.04938122665922661,700-739,90-100%,>50%,TN,Purchase,Primary,SFR,Servicer_D,2021-04,360
LOAN_00004068,371423,0.059369570762483025,620-659,80-90%,<20%,CA,Cash-out Refinance,Primary,SFR,Servicer_B,2022-03,360
LOAN_00004069,149156,0.0629258226883214,620-659,<60%,36-43%,OH,Cash-out Refinance,Primary,SFR,Servicer_C,2020-04,360
LOAN_00004070,185121,0.03587109911235005,780+,60-70%,20-30%,NY,Purchase,Primary,SFR,Servicer_A,2020-04,360
LOAN_00004071,532338,0.05950817107027398,620-659,90-100%,30-36%,FL,Purchase,Primary,Manufactured,Servicer_D,2022-05,360
LOAN_00004072,198331,0.06283065642896242,620-659,60-70%,<20%,TX,Cash-out Refinance,Primary,SFR,Servicer_C,2022-07,360
LOAN_00004073,483032,0.026770616800386744,780+,90-100%,20-30%,GA,Purchase,Second Home,SFR,Servicer_E,2022-10,360
LOAN_00004074,239152,0.05735427590494348,620-659,70-80%,<20%,IL,Cash-out Refinance,Second Home,Condo,Servicer_B,2020-12,360
LOAN_00004075,318290,0.06333530961274696,<620,80-90%,<20%,TN,Cash-out Refinance,Primary,Condo,Servicer_C,2020-01,360
LOAN_00004076,148293,0.06197053977117455,620-659,<60%,36-43%,NJ,Purchase,Primary,SFR,Servicer_A,2022-12,360
LOAN_00004077,218789,0.0646293802573699,<620,60-70%,30-36%,TN,Purchase,Primary,Manufactured,Servicer_E,2021-10,360
LOAN_00004078,191443,0.05106920089578102,700-739,60-70%,<20%,MO,Purchase,Investment,SFR,Servicer_B,2020-09,360
LOAN_00004079,331969,0.04252112278389453,740-779,80-90%,>50%,TN,Refinance,Investment,SFR,Servicer_A,2022-04,360
LOAN_00004080,310704,0.03340306801881524,780+,80-90%,36-43%,NC,Purchase,Primary,Condo,Servicer_D,2022-09,360
LOAN_00004081,373743,0.0681066788868167,<620,80-90%,20-30%,WI,Refinance,Primary,2-4 Unit,Servicer_E,2020-11,360
LOAN_00004082,232057,0.06343678592553212,<620,70-80%,30-36%,GA,Refinance,Primary,SFR,Servicer_A,2022-04,360
LOAN_00004083,186257,0.06902186716994162,<620,60-70%,30-36%,IN,Cash-out Refinance,Second Home,SFR,Servicer_C,2022-05,240
LOAN_00004084,324929,0.046298303693870266,740-779,80-90%,36-43%,NY,Purchase,Investment,SFR,Servicer_C,2021-07,360
LOAN_00004085,177230,0.06464603707150436,<620,60-70%,43-50%,WI,Purchase,Primary,Condo,Servicer_A,2021-11,360
LOAN_00004086,508495,0.03696782857651841,780+,90-100%,36-43%,OH,Purchase,Primary,SFR,Servicer_B,2020-10,180
LOAN_00004087,280054,0.04456607729548226,740-779,70-80%,>50%,WA,Purchase,Primary,Manufactured,Servicer_D,2022-10,360
LOAN_00004088,251936,0.05651172659809404,660-699,70-80%,36-43%,GA,Purchase,Primary,SFR,Servicer_E,2022-12,360
LOAN_00004089,373654,0.06295849155791705,620-659,80-90%,>50%,IL,Cash-out Refinance,Primary,Condo,Servicer_A,2022-12,360
LOAN_00004090,285448,0.07514814937476429,<620,70-80%,36-43%,OH,Purchase,Primary,2-4 Unit,Servicer_D,2022-03,360
LOAN_00004091,129440,0.052119231215219136,660-699,<60%,36-43%,WA,Purchase,Primary,SFR,Servicer_E,2020-02,360
LOAN_00004092,174431,0.04461100333853123,740-779,60-70%,36-43%,FL,Refinance,Primary,SFR,Servicer_D,2021-02,360
LOAN_00004093,503256,0.04399421346602285,740-779,90-100%,43-50%,NY,Refinance,Primary,SFR,Servicer_E,2021-05,360
LOAN_00004094,309261,0.04674584865970848,740-779,80-90%,<20%,MD,Purchase,Primary,SFR,Servicer_E,2022-11,360
LOAN_00004095,127927,0.08165232155770144,<620,<60%,<20%,TX,Purchase,Primary,SFR,Servicer_D,2021-08,360
LOAN_00004096,353647,0.06408248297361349,<620,80-90%,20-30%,MA,Purchase,Primary,Condo,Servicer_A,2021-08,240
LOAN_00004097,224217,0.06835038220434951,<620,60-70%,20-30%,OH,Purchase,Primary,SFR,Servicer_B,2020-06,360
LOAN_00004098,191520,0.05213217295384127,660-699,60-70%,>50%,OH,Purchase,Primary,SFR,Servicer_C,2022-05,180
LOAN_00004099,167303,0.054980215811215045,660-699,<60%,36-43%,GA,Purchase,Primary,SFR,Servicer_E,2021-01,360
LOAN_00004100,488925,0.06339117407150228,<620,90-100%,<20%,GA,Refinance,Primary,SFR,Servicer_B,2020-04,180
LOAN_00004101,110996,0.048930414930628725,700-739,<60%,30-36%,MA,Cash-out Refinance,Primary,SFR,Servicer_E,2022-12,180
LOAN_00004102,195093,0.051504305361439885,700-739,60-70%,20-30%,IN,Purchase,Investment,2-4 Unit,Servicer_D,2020-07,360
LOAN_00004103,314916,0.04690354820483392,740-779,80-90%,43-50%,GA,Purchase,Primary,Condo,Servicer_D,2020-01,240
LOAN_00004104,652901,0.04963008760291462,700-739,>100%,>50%,NY,Cash-out Refinance,Primary,SFR,Servicer_A,2020-03,360
LOAN_00004105,391182,0.055587743350039874,660-699,90-100%,20-30%,CA,Refinance,Investment,Manufactured,Servicer_B,2021-05,180
LOAN_00004106,194266,0.04513947848603248,740-779,60-70%,30-36%,MA,Refinance,Second Home,SFR,Servicer_C,2020-04,360
LOAN_00004107,637096,0.058431747749552634,620-659,>100%,>50%,MD,Cash-out Refinance,Primary,Manufactured,Servicer_C,2022-07,240
LOAN_00004108,150608,0.058414980946613404,620-659,<60%,36-43%,CA,Refinance,Second Home,SFR,Servicer_E,2021-07,180
LOAN_00004109,338631,0.0528490162857258,660-699,80-90%,43-50%,VA,Refinance,Primary,SFR,Servicer_B,2020-12,180
LOAN_00004110,378470,0.04507048173323895,740-779,80-90%,30-36%,IL,Purchase,Second Home,2-4 Unit,Servicer_E,2020-01,360
LOAN_00004111,190888,0.05625955658742234,660-699,60-70%,20-30%,IL,Cash-out Refinance,Primary,SFR,Servicer_E,2021-06,360
LOAN_00004112,420330,0.0489411452445785,700-739,90-100%,36-43%,IN,Refinance,Primary,2-4 Unit,Servicer_D,2020-06,360
LOAN_00004113,229361,0.05555913000527241,660-699,70-80%,<20%,PA,Purchase,Investment,Condo,Servicer_B,2022-12,180
LOAN_00004114,419815,0.06817752960884121,<620,90-100%,43-50%,OH,Refinance,Second Home,SFR,Servicer_A,2020-11,360
LOAN_00004115,118208,0.039964718594751605,740-779,<60%,43-50%,FL,Purchase,Primary,SFR,Servicer_B,2021-06,180
LOAN_00004116,350630,0.0810818360427205,<620,80-90%,20-30%,MD,Refinance,Primary,SFR,Servicer_D,2020-01,360
LOAN_00004117,241336,0.05412971689854711,660-699,70-80%,30-36%,MD,Purchase,Primary,SFR,Servicer_B,2020-05,360
LOAN_00004118,526945,0.05994207128687105,620-659,90-100%,43-50%,MD,Refinance,Primary,SFR,Servicer_E,2020-08,240
LOAN_00004119,290108,0.04596699891709798,740-779,70-80%,>50%,IL,Purchase,Primary,SFR,Servicer_C,2020-02,360
LOAN_00004120,553830,0.06870653859449978,<620,90-100%,30-36%,NY,Refinance,Primary,SFR,Servicer_B,2022-03,360
LOAN_00004121,382240,0.05349248236659196,660-699,90-100%,43-50%,MD,Refinance,Investment,SFR,Servicer_D,2022-11,360
LOAN_00004122,278241,0.05027058028240992,700-739,70-80%,20-30%,WA,Purchase,Primary,SFR,Servicer_A,2022-12,180
LOAN_00004123,439694,0.048093819744693116,700-739,90-100%,>50%,PA,Purchase,Primary,SFR,Servicer_E,2020-10,360
LOAN_00004124,441101,0.05177809569052966,700-739,90-100%,36-43%,CA,Purchase,Primary,SFR,Servicer_C,2022-05,180
LOAN_00004125,375477,0.060020167875434904,620-659,80-90%,20-30%,TN,Refinance,Primary,2-4 Unit,Servicer_E,2021-07,360
LOAN_00004126,94263,0.057073728287566905,620-659,<60%,36-43%,IN,Cash-out Refinance,Primary,SFR,Servicer_E,2020-02,360
LOAN_00004127,181447,0.05452168320267673,660-699,60-70%,36-43%,CA,Purchase,Primary,SFR,Servicer_A,2020-04,360
LOAN_00004128,592468,0.04646294298460216,740-779,>100%,36-43%,MI,Refinance,Primary,Condo,Servicer_E,2021-08,240
LOAN_00004129,158265,0.04576991831290029,740-779,<60%,20-30%,MI,Cash-out Refinance,Second Home,SFR,Servicer_A,2021-04,360
LOAN_00004130,461035,0.049469508609043235,700-739,90-100%,36-43%,MI,Refinance,Primary,SFR,Servicer_D,2020-01,360
LOAN_00004131,422196,0.06052330854592857,620-659,90-100%,43-50%,GA,Purchase,Primary,SFR,Servicer_B,2022-10,180
LOAN_00004132,206307,0.06294711850924484,620-659,60-70%,20-30%,OH,Purchase,Primary,SFR,Servicer_B,2022-03,360
LOAN_00004133,109358,0.06456453036277623,<620,<60%,20-30%,OH,Cash-out Refinance,Second Home,2-4 Unit,Servicer_E,2021-07,360
LOAN_00004134,223137,0.0549823972775343,660-699,60-70%,43-50%,MD,Purchase,Primary,SFR,Servicer_B,2022-12,360
LOAN_00004135,838196,0.05960274329101389,620-659,>100%,36-43%,WI,Purchase,Primary,SFR,Servicer_E,2022-11,360
LOAN_00004136,192598,0.052978591541405065,660-699,60-70%,30-36%,FL,Refinance,Primary,SFR,Servicer_A,2022-12,180
LOAN_00004137,199360,0.034092424108859584,780+,60-70%,43-50%,MA,Purchase,Primary,SFR,Servicer_A,2020-10,360
LOAN_00004138,180089,0.052408878525527225,660-699,60-70%,<20%,VA,Refinance,Primary,SFR,Servicer_B,2022-08,360
LOAN_00004139,544374,0.050496080495706974,700-739,90-100%,43-50%,PA,Cash-out Refinance,Primary,SFR,Servicer_B,2021-07,360
LOAN_00004140,262640,0.04253145754685138,740-779,70-80%,30-36%,NY,Cash-out Refinance,Second Home,SFR,Servicer_E,2022-03,180
LOAN_00004141,216868,0.04819126989096635,700-739,60-70%,<20%,TN,Refinance,Primary,SFR,Servicer_E,2022-07,360
LOAN_00004142,601232,0.05662109697149173,660-699,>100%,>50%,GA,Cash-out Refinance,Second Home,SFR,Servicer_C,2020-06,240
LOAN_00004143,396228,0.04140103857177909,740-779,90-100%,43-50%,FL,Cash-out Refinance,Investment,2-4 Unit,Servicer_C,2021-05,360
LOAN_00004144,187279,0.04647057434301029,740-779,60-70%,20-30%,WI,Cash-out Refinance,Primary,SFR,Servicer_B,2020-05,360
LOAN_00004145,160846,0.07357482418663262,<620,<60%,>50%,MD,Cash-out Refinance,Primary,2-4 Unit,Servicer_C,2020-11,180
LOAN_00004146,529180,0.03576752408943633,780+,90-100%,>50%,NC,Cash-out Refinance,Primary,2-4 Unit,Servicer_B,2021-03,180
LOAN_00004147,299058,0.052801814084714745,660-699,80-90%,43-50%,NC,Purchase,Primary,SFR,Servicer_B,2022-07,180
LOAN_00004148,136689,0.04100428761083098,740-779,<60%,<20%,NC,Purchase,Primary,2-4 Unit,Servicer_D,2022-08,360
LOAN_00004149,121593,0.045980358426086686,740-779,<60%,20-30%,NY,Purchase,Primary,Manufactured,Servicer_A,2021-03,360
LOAN_00004150,169732,0.05262715324458263,660-699,<60%,43-50%,FL,Refinance,Primary,SFR,Servicer_B,2020-12,360
LOAN_00004151,159573,0.04314908652845477,740-779,<60%,>50%,PA,Cash-out Refinance,Investment,SFR,Servicer_A,2021-08,360
LOAN_00004152,106613,0.06188716738439714,620-659,<60%,20-30%,GA,Cash-out Refinance,Primary,SFR,Servicer_C,2022-09,360
LOAN_00004153,171141,0.07121380743726896,<620,<60%,30-36%,NY,Cash-out Refinance,Primary,SFR,Servicer_D,2022-12,360
LOAN_00004154,187298,0.06510013763323277,<620,60-70%,20-30%,CA,Cash-out Refinance,Primary,SFR,Servicer_C,2020-09,360
LOAN_00004155,235310,0.06729535741265041,<620,70-80%,30-36%,MD,Refinance,Primary,SFR,Servicer_D,2020-07,360
LOAN_00004156,691387,0.03844317185165423,780+,>100%,36-43%,MO,Purchase,Second Home,SFR,Servicer_C,2022-02,360
LOAN_00004157,259517,0.052083147738170396,700-739,70-80%,<20%,OH,Refinance,Primary,SFR,Servicer_B,2020-11,360
LOAN_00004158,272723,0.060609052808241186,620-659,70-80%,36-43%,WA,Purchase,Primary,SFR,Servicer_E,2020-08,360
LOAN_00004159,382554,0.06545429096937444,<620,90-100%,36-43%,FL,Refinance,Primary,SFR,Servicer_D,2020-02,360
LOAN_00004160,263376,0.0760402359113179,<620,70-80%,30-36%,MD,Refinance,Second Home,SFR,Servicer_A,2021-03,360
LOAN_00004161,362245,0.06782847509954734,<620,80-90%,43-50%,IN,Purchase,Second Home,Manufactured,Servicer_A,2021-03,360
LOAN_00004162,341228,0.06575786348408662,<620,80-90%,<20%,NY,Refinance,Investment,Condo,Servicer_D,2021-09,180
LOAN_00004163,315304,0.08660314696647232,<620,80-90%,<20%,IL,Refinance,Primary,SFR,Servicer_A,2020-08,360
LOAN_00004164,1182608,0.05615570897928755,660-699,>100%,30-36%,OH,Refinance,Primary,Condo,Servicer_A,2022-02,360
LOAN_00004165,467690,0.05153129874110117,700-739,90-100%,30-36%,TX,Cash-out Refinance,Primary,Condo,Servicer_A,2022-01,360
LOAN_00004166,172670,0.057128294843925384,620-659,60-70%,20-30%,OH,Purchase,Primary,Condo,Servicer_E,2021-05,360
LOAN_00004167,356864,0.04401936693175839,740-779,80-90%,>50%,AZ,Cash-out Refinance,Primary,2-4 Unit,Servicer_A,2020-07,360
LOAN_00004168,199612,0.05581160542921368,660-699,60-70%,20-30%,MA,Purchase,Primary,SFR,Servicer_B,2021-07,240
LOAN_00004169,370691,0.03427777367467022,780+,80-90%,20-30%,CA,Purchase,Primary,SFR,Servicer_E,2022-01,360
LOAN_00004170,149105,0.04864577156118633,700-739,<60%,43-50%,GA,Purchase,Primary,2-4 Unit,Servicer_A,2021-02,360
LOAN_00004171,170435,0.0536159934152129,660-699,<60%,>50%,IN,Cash-out Refinance,Second Home,Condo,Servicer_B,2020-10,360
LOAN_00004172,352199,0.06639562349023652,<620,80-90%,30-36%,MO,Cash-out Refinance,Primary,SFR,Servicer_E,2021-07,360
LOAN_00004173,488372,0.06833308653263634,<620,90-100%,<20%,VA,Purchase,Primary,SFR,Servicer_A,2021-01,360
LOAN_00004174,381292,0.04343659522298702,740-779,90-100%,30-36%,MA,Refinance,Primary,SFR,Servicer_B,2021-03,360
LOAN_00004175,454547,0.0799124012075631,<620,90-100%,20-30%,IL,Cash-out Refinance,Primary,SFR,Servicer_D,2021-01,180
LOAN_00004176,357506,0.05678048174127403,620-659,80-90%,30-36%,MO,Cash-out Refinance,Primary,SFR,Servicer_A,2020-11,360
LOAN_00004177,323271,0.05788053959236924,620-659,80-90%,36-43%,MI,Purchase,Primary,SFR,Servicer_B,2022-02,360
LOAN_00004178,230533,0.035587678180140074,780+,70-80%,30-36%,AZ,Purchase,Primary,SFR,Servicer_B,2021-05,180
LOAN_00004179,445298,0.04755931131855932,700-739,90-100%,30-36%,PA,Purchase,Primary,SFR,Servicer_B,2021-05,360
LOAN_00004180,495062,0.06759788573838973,<620,90-100%,43-50%,NY,Cash-out Refinance,Primary,SFR,Servicer_B,2021-12,360
LOAN_00004181,287345,0.057037341552557186,620-659,70-80%,20-30%,NJ,Purchase,Second Home,SFR,Servicer_B,2021-02,360
LOAN_00004182,279717,0.05629377671503449,660-699,70-80%,20-30%,NJ,Refinance,Primary,SFR,Servicer_D,2020-04,360
LOAN_00004183,657173,0.05772606604690577,620-659,>100%,43-50%,VA,Cash-out Refinance,Primary,SFR,Servicer_A,2022-07,360
LOAN_00004184,293545,0.03768154833896742,780+,80-90%,<20%,IN,Purchase,Primary,SFR,Servicer_B,2020-03,240
LOAN_00004185,307996,0.05384069735918214,660-699,80-90%,20-30%,TN,Refinance,Primary,SFR,Servicer_A,2021-09,360
LOAN_00004186,377797,0.07189996426357147,<620,80-90%,<20%,OH,Cash-out Refinance,Primary,SFR,Servicer_A,2020-10,360
LOAN_00004187,282404,0.06804049146478593,<620,70-80%,36-43%,MI,Purchase,Primary,SFR,Servicer_D,2020-08,360
LOAN_00004188,196777,0.053497606694612815,660-699,60-70%,36-43%,TX,Purchase,Primary,Condo,Servicer_C,2020-02,360
LOAN_00004189,358248,0.07376402409233866,<620,80-90%,30-36%,TN,Purchase,Investment,SFR,Servicer_C,2022-09,360
LOAN_00004190,290867,0.03989081791877927,740-779,80-90%,30-36%,FL,Refinance,Primary,SFR,Servicer_B,2021-04,360
LOAN_00004191,744989,0.04333962802172488,740-779,>100%,30-36%,TX,Purchase,Primary,SFR,Servicer_A,2021-01,180
LOAN_00004192,439865,0.07736346852588769,<620,90-100%,20-30%,NJ,Purchase,Primary,SFR,Servicer_E,2022-03,360
LOAN_00004193,220192,0.06193567741970228,620-659,60-70%,43-50%,MD,Purchase,Primary,SFR,Servicer_D,2020-02,360
LOAN_00004194,426996,0.05153335189477223,700-739,90-100%,>50%,GA,Refinance,Second Home,SFR,Servicer_C,2021-09,360
LOAN_00004195,345909,0.05433617720757703,660-699,80-90%,30-36%,NY,Cash-out Refinance,Primary,Condo,Servicer_A,2021-06,360
LOAN_00004196,570753,0.04532042664247379,740-779,>100%,30-36%,NY,Refinance,Primary,SFR,Servicer_E,2021-08,360
LOAN_00004197,228153,0.05831911122168934,620-659,70-80%,43-50%,IN,Refinance,Primary,Condo,Servicer_C,2020-05,180
LOAN_00004198,325897,0.05736866135573765,620-659,80-90%,20-30%,AZ,Cash-out Refinance,Primary,2-4 Unit,Servicer_A,2022-11,360
LOAN_00004199,282223,0.05523861651835228,660-699,70-80%,20-30%,MI,Refinance,Primary,SFR,Servicer_A,2020-09,360
LOAN_00004200,305357,0.04108292541746685,740-779,80-90%,>50%,MD,Refinance,Primary,2-4 Unit,Servicer_E,2022-01,240
LOAN_00004201,190498,0.05817707333282693,620-659,60-70%,20-30%,FL,Purchase,Primary,SFR,Servicer_A,2022-03,360
LOAN_00004202,395519,0.048645862810935615,700-739,90-100%,<20%,WA,Purchase,Primary,SFR,Servicer_B,2021-01,360
LOAN_00004203,365485,0.04316827287412975,740-779,80-90%,30-36%,GA,Purchase,Primary,SFR,Servicer_C,2020-05,180
LOAN_00004204,563888,0.07020090989844834,<620,>100%,36-43%,IL,Refinance,Primary,SFR,Servicer_B,2020-11,360
LOAN_00004205,295075,0.08103665629402311,<620,80-90%,36-43%,MD,Cash-out Refinance,Primary,SFR,Servicer_A,2022-06,360
LOAN_00004206,241368,0.07831144154583564,<620,70-80%,20-30%,WI,Purchase,Primary,SFR,Servicer_D,2022-09,240
LOAN_00004207,440051,0.06280147316514742,620-659,90-100%,36-43%,IN,Purchase,Primary,SFR,Servicer_A,2022-10,360
LOAN_00004208,199366,0.051812979051049715,700-739,60-70%,20-30%,FL,Cash-out Refinance,Primary,SFR,Servicer_E,2020-09,360
LOAN_00004209,510166,0.05415573300874455,660-699,90-100%,>50%,MA,Cash-out Refinance,Investment,SFR,Servicer_C,2021-10,240
LOAN_00004210,509620,0.0598672271615473,620-659,90-100%,20-30%,GA,Refinance,Investment,SFR,Servicer_D,2020-06,240
LOAN_00004211,556064,0.04995702697046573,700-739,90-100%,<20%,GA,Purchase,Second Home,Manufactured,Servicer_E,2022-02,360
LOAN_00004212,358008,0.07082572072146875,<620,80-90%,36-43%,NY,Refinance,Primary,SFR,Servicer_D,2021-03,360
LOAN_00004213,232524,0.030571270068057536,780+,70-80%,20-30%,VA,Purchase,Primary,Manufactured,Servicer_C,2022-02,360
LOAN_00004214,313198,0.051451293352150804,700-739,80-90%,36-43%,MO,Refinance,Primary,SFR,Servicer_A,2022-01,360
LOAN_00004215,358625,0.06461285790480784,<620,80-90%,20-30%,IL,Refinance,Investment,SFR,Servicer_A,2022-12,360
LOAN_00004216,224118,0.04485808423264215,740-779,60-70%,30-36%,NJ,Cash-out Refinance,Investment,SFR,Servicer_B,2021-06,360
LOAN_00004217,577554,0.052118213305866,660-699,>100%,20-30%,WA,Purchase,Primary,SFR,Servicer_B,2021-01,360
LOAN_00004218,396345,0.06212372099491843,620-659,90-100%,30-36%,WA,Cash-out Refinance,Primary,SFR,Servicer_E,2021-07,360
LOAN_00004219,189830,0.07321922928445355,<620,60-70%,<20%,PA,Purchase,Primary,SFR,Servicer_C,2020-06,360
LOAN_00004220,760276,0.03947274061400507,780+,>100%,20-30%,CA,Purchase,Primary,Condo,Servicer_E,2020-05,360
LOAN_00004221,311356,0.03858310614694168,780+,80-90%,20-30%,IN,Cash-out Refinance,Primary,SFR,Servicer_B,2021-07,360
LOAN_00004222,171604,0.04364763774592191,740-779,60-70%,43-50%,VA,Purchase,Primary,SFR,Servicer_E,2022-06,360
LOAN_00004223,195804,0.03654956979390207,780+,60-70%,36-43%,MA,Purchase,Primary,SFR,Servicer_B,2021-08,180
LOAN_00004224,623991,0.037403458535062356,780+,>100%,20-30%,NJ,Purchase,Primary,SFR,Servicer_E,2022-05,360
LOAN_00004225,738585,0.043328065627663594,740-779,>100%,<20%,GA,Purchase,Second Home,Manufactured,Servicer_C,2020-07,360
LOAN_00004226,491266,0.0698019225789519,<620,90-100%,<20%,PA,Purchase,Second Home,SFR,Servicer_A,2021-05,180
LOAN_00004227,573580,0.05125507818317491,700-739,>100%,20-30%,AZ,Refinance,Primary,SFR,Servicer_E,2021-11,360
LOAN_00004228,544872,0.05537650127387928,660-699,90-100%,30-36%,IN,Purchase,Primary,Manufactured,Servicer_B,2021-01,360
LOAN_00004229,391780,0.04353442891894986,740-779,90-100%,30-36%,OH,Cash-out Refinance,Primary,Manufactured,Servicer_E,2020-01,360
LOAN_00004230,349591,0.06260244490077499,620-659,80-90%,>50%,CA,Refinance,Primary,Condo,Servicer_E,2020-03,360
LOAN_00004231,388454,0.07750916833399327,<620,90-100%,43-50%,NY,Cash-out Refinance,Investment,Condo,Servicer_B,2022-10,360
LOAN_00004232,428483,0.044348441391526945,740-779,90-100%,<20%,VA,Cash-out Refinance,Primary,SFR,Servicer_C,2021-10,360
LOAN_00004233,204679,0.07569698045289681,<620,60-70%,20-30%,IL,Refinance,Primary,SFR,Servicer_D,2020-10,360
LOAN_00004234,427615,0.05937309259801415,620-659,90-100%,<20%,IN,Purchase,Primary,SFR,Servicer_E,2020-10,180
LOAN_00004235,614957,0.055202361991464534,660-699,>100%,<20%,PA,Cash-out Refinance,Primary,SFR,Servicer_B,2020-02,360
LOAN_00004236,267483,0.05980148598790289,620-659,70-80%,30-36%,MI,Purchase,Primary,Condo,Servicer_C,2022-11,180
LOAN_00004237,253565,0.05968631798760419,620-659,70-80%,<20%,IL,Purchase,Primary,SFR,Servicer_E,2020-04,360
LOAN_00004238,376349,0.07728525302875894,<620,80-90%,<20%,MI,Refinance,Primary,SFR,Servicer_C,2022-04,360
LOAN_00004239,214308,0.0612426487818607,620-659,60-70%,<20%,AZ,Purchase,Primary,Condo,Servicer_D,2020-09,360
LOAN_00004240,153520,0.06149328605369165,620-659,<60%,36-43%,TN,Refinance,Primary,SFR,Servicer_A,2021-01,360
LOAN_00004241,526422,0.049942002160449465,700-739,90-100%,<20%,MA,Cash-out Refinance,Primary,SFR,Servicer_D,2020-10,360
LOAN_00004242,236694,0.06506892563757286,<620,70-80%,>50%,NJ,Refinance,Second Home,Condo,Servicer_B,2022-06,180
LOAN_00004243,299306,0.04351783631652417,740-779,80-90%,30-36%,MI,Purchase,Primary,SFR,Servicer_B,2020-02,180
LOAN_00004244,218586,0.05630804787495513,660-699,60-70%,20-30%,OH,Purchase,Primary,SFR,Servicer_E,2021-01,180
LOAN_00004245,561505,0.08959940266936994,<620,>100%,30-36%,WI,Purchase,Primary,SFR,Servicer_D,2020-11,180
LOAN_00004246,454334,0.024949720964244502,780+,90-100%,30-36%,MA,Purchase,Primary,SFR,Servicer_C,2020-10,360
LOAN_00004247,262926,0.05779776395602542,620-659,70-80%,30-36%,MO,Refinance,Primary,SFR,Servicer_C,2020-07,360
LOAN_00004248,164398,0.058259475050546766,620-659,<60%,30-36%,MA,Refinance,Primary,Condo,Servicer_E,2022-09,360
LOAN_00004249,249330,0.05226293149015357,660-699,70-80%,20-30%,TX,Refinance,Investment,SFR,Servicer_D,2021-02,360
LOAN_00004250,394382,0.052545768867190826,660-699,90-100%,20-30%,PA,Refinance,Primary,SFR,Servicer_B,2021-04,180
LOAN_00004251,325890,0.0560969172779378,660-699,80-90%,<20%,MI,Purchase,Primary,SFR,Servicer_C,2021-02,360
LOAN_00004252,313184,0.05197596069442562,700-739,80-90%,36-43%,OH,Purchase,Second Home,Condo,Servicer_D,2022-12,360
LOAN_00004253,329670,0.05766375674585205,620-659,80-90%,36-43%,MD,Refinance,Primary,SFR,Servicer_A,2021-01,360
LOAN_00004254,433392,0.04914867153019721,700-739,90-100%,36-43%,MI,Purchase,Primary,Condo,Servicer_A,2021-01,360
LOAN_00004255,290416,0.07926871382496495,<620,80-90%,>50%,IL,Purchase,Primary,SFR,Servicer_C,2020-12,180
LOAN_00004256,371389,0.051975835080431784,700-739,80-90%,30-36%,VA,Refinance,Primary,Condo,Servicer_C,2020-12,360
LOAN_00004257,181052,0.061835336891496596,620-659,60-70%,43-50%,GA,Purchase,Primary,SFR,Servicer_A,2020-04,360
LOAN_00004258,1063339,0.0469715668018814,740-779,>100%,30-36%,FL,Purchase,Investment,Manufactured,Servicer_C,2021-10,360
LOAN_00004259,257318,0.06619771636481377,<620,70-80%,30-36%,MD,Purchase,Primary,SFR,Servicer_A,2020-01,240
LOAN_00004260,328337,0.06380161344821601,<620,80-90%,36-43%,MD,Purchase,Primary,2-4 Unit,Servicer_D,2020-09,180
LOAN_00004261,393656,0.06003112283838604,620-659,90-100%,20-30%,TN,Refinance,Investment,SFR,Servicer_C,2020-08,360
LOAN_00004262,241495,0.04267197572537776,740-779,70-80%,20-30%,OH,Purchase,Primary,SFR,Servicer_A,2020-11,360
LOAN_00004263,297721,0.04597116351323775,740-779,80-90%,30-36%,IN,Cash-out Refinance,Primary,SFR,Servicer_C,2022-04,360
LOAN_00004264,295917,0.07523407582895417,<620,80-90%,<20%,PA,Purchase,Investment,SFR,Servicer_E,2021-10,360
LOAN_00004265,187771,0.04583831550747185,740-779,60-70%,20-30%,MO,Purchase,Primary,Condo,Servicer_A,2022-12,360
LOAN_00004266,369274,0.06269082604255005,620-659,80-90%,43-50%,MO,Purchase,Primary,SFR,Servicer_C,2021-01,360
LOAN_00004267,130012,0.04366394403782437,740-779,<60%,30-36%,NY,Cash-out Refinance,Primary,Condo,Servicer_A,2022-10,360
LOAN_00004268,712371,0.06710059882722123,<620,>100%,<20%,OH,Refinance,Primary,SFR,Servicer_E,2020-02,360
LOAN_00004269,440861,0.04676323171003138,740-779,90-100%,<20%,AZ,Refinance,Investment,SFR,Servicer_C,2021-07,360
LOAN_00004270,408219,0.04344174534952,740-779,90-100%,>50%,IL,Cash-out Refinance,Primary,Condo,Servicer_D,2022-05,360
LOAN_00004271,124452,0.046451890279637184,740-779,<60%,>50%,IN,Purchase,Second Home,SFR,Servicer_E,2021-08,360
LOAN_00004272,199533,0.04835436884006772,700-739,60-70%,36-43%,AZ,Refinance,Primary,SFR,Servicer_A,2022-10,360
LOAN_00004273,594022,0.05985608025909064,620-659,>100%,20-30%,IL,Refinance,Primary,SFR,Servicer_C,2020-12,360
LOAN_00004274,1500000,0.0558326044736534,660-699,>100%,30-36%,TN,Cash-out Refinance,Second Home,SFR,Servicer_A,2020-02,360
LOAN_00004275,538932,0.04185812704104603,740-779,90-100%,20-30%,CA,Purchase,Investment,Condo,Servicer_D,2022-04,360
LOAN_00004276,498057,0.05466463583441416,660-699,90-100%,43-50%,GA,Cash-out Refinance,Second Home,SFR,Servicer_C,2020-03,360
LOAN_00004277,385573,0.04127798311250684,740-779,90-100%,30-36%,NY,Refinance,Primary,SFR,Servicer_C,2022-04,360
LOAN_00004278,194123,0.06272268838001176,620-659,60-70%,43-50%,CA,Cash-out Refinance,Primary,Condo,Servicer_B,2022-03,360
LOAN_00004279,487764,0.06492283478646889,<620,90-100%,30-36%,MA,Purchase,Primary,SFR,Servicer_A,2022-07,360
LOAN_00004280,170996,0.054712631937407656,660-699,<60%,43-50%,NY,Purchase,Primary,2-4 Unit,Servicer_E,2021-06,360
LOAN_00004281,161895,0.05825984083591314,620-659,<60%,30-36%,AZ,Purchase,Investment,Manufactured,Servicer_A,2022-09,360
LOAN_00004282,156879,0.07602548932797293,<620,<60%,30-36%,TX,Cash-out Refinance,Investment,2-4 Unit,Servicer_A,2020-07,360
LOAN_00004283,483043,0.05310876409129457,660-699,90-100%,30-36%,MO,Purchase,Primary,SFR,Servicer_B,2021-04,180
LOAN_00004284,288166,0.043668904599389324,740-779,70-80%,36-43%,WI,Refinance,Primary,Condo,Servicer_B,2020-05,360
LOAN_00004285,311897,0.06195034283125348,620-659,80-90%,43-50%,OH,Purchase,Investment,SFR,Servicer_E,2022-04,360
LOAN_00004286,294283,0.04140815481081586,740-779,80-90%,30-36%,MI,Purchase,Primary,SFR,Servicer_B,2022-02,360
LOAN_00004287,168913,0.05247317244072469,660-699,<60%,>50%,WA,Purchase,Primary,Condo,Servicer_B,2022-06,360
LOAN_00004288,212062,0.04781211944699779,700-739,60-70%,30-36%,VA,Refinance,Primary,Condo,Servicer_B,2022-04,360
LOAN_00004289,217463,0.046578162001493555,740-779,60-70%,20-30%,CA,Purchase,Primary,SFR,Servicer_B,2020-12,360
LOAN_00004290,146878,0.05199894885226587,700-739,<60%,20-30%,WI,Cash-out Refinance,Investment,2-4 Unit,Servicer_B,2020-03,360
LOAN_00004291,230474,0.065798695914569,<620,70-80%,<20%,MD,Refinance,Primary,2-4 Unit,Servicer_D,2022-10,360
LOAN_00004292,172706,0.06826802545989023,<620,60-70%,43-50%,MI,Cash-out Refinance,Primary,SFR,Servicer_D,2021-06,360
LOAN_00004293,395868,0.06611447035708805,<620,90-100%,<20%,VA,Refinance,Primary,SFR,Servicer_D,2020-04,360
LOAN_00004294,412703,0.05903624906954097,620-659,90-100%,20-30%,NY,Refinance,Second Home,2-4 Unit,Servicer_E,2022-10,360
LOAN_00004295,155310,0.05190740126334813,700-739,<60%,20-30%,MA,Refinance,Investment,SFR,Servicer_D,2022-12,360
LOAN_00004296,255680,0.02670610005520051,780+,70-80%,36-43%,NJ,Purchase,Second Home,SFR,Servicer_D,2021-05,360
LOAN_00004297,750151,0.059411931919327296,620-659,>100%,>50%,PA,Refinance,Primary,SFR,Servicer_B,2022-04,240
LOAN_00004298,181610,0.027648019302893356,780+,60-70%,43-50%,OH,Cash-out Refinance,Investment,Condo,Servicer_E,2020-02,360
LOAN_00004299,367074,0.03191959268232385,780+,80-90%,20-30%,TX,Purchase,Primary,Condo,Servicer_E,2020-04,240
LOAN_00004300,312625,0.05305998813055664,660-699,80-90%,30-36%,TN,Purchase,Primary,SFR,Servicer_A,2020-10,360
LOAN_00004301,512186,0.058174926935565974,620-659,90-100%,20-30%,TX,Refinance,Primary,Condo,Servicer_B,2021-12,360
LOAN_00004302,343771,0.04958698115404887,700-739,80-90%,>50%,VA,Cash-out Refinance,Primary,SFR,Servicer_D,2020-05,360
LOAN_00004303,239031,0.07342637378312761,<620,70-80%,<20%,IN,Purchase,Primary,SFR,Servicer_B,2020-02,360
LOAN_00004304,306625,0.06054521989022208,620-659,80-90%,>50%,TX,Cash-out Refinance,Second Home,SFR,Servicer_C,2022-01,360
LOAN_00004305,308872,0.05200710511845691,700-739,80-90%,43-50%,NY,Purchase,Primary,SFR,Servicer_E,2022-04,360
LOAN_00004306,283269,0.07163571934218155,<620,70-80%,36-43%,TN,Purchase,Primary,SFR,Servicer_E,2022-03,360
LOAN_00004307,153344,0.07378136017076908,<620,<60%,43-50%,IN,Cash-out Refinance,Investment,SFR,Servicer_E,2022-05,360
LOAN_00004308,552133,0.06115070432169603,620-659,90-100%,20-30%,TX,Purchase,Primary,SFR,Servicer_D,2022-05,360
LOAN_00004309,505456,0.04569690808291004,740-779,90-100%,20-30%,PA,Refinance,Primary,SFR,Servicer_E,2021-10,360
LOAN_00004310,175941,0.04839675482773921,700-739,60-70%,30-36%,WA,Cash-out Refinance,Primary,SFR,Servicer_D,2021-07,240
LOAN_00004311,255157,0.03763913544407996,780+,70-80%,20-30%,NJ,Purchase,Primary,SFR,Servicer_C,2022-07,360
LOAN_00004312,264992,0.05449099744239384,660-699,70-80%,36-43%,NJ,Purchase,Primary,SFR,Servicer_B,2021-01,360
LOAN_00004313,166331,0.04239950270266561,740-779,<60%,30-36%,PA,Cash-out Refinance,Primary,SFR,Servicer_E,2020-04,180
LOAN_00004314,116611,0.05105110276964178,700-739,<60%,43-50%,NJ,Refinance,Second Home,Condo,Servicer_B,2022-04,360
LOAN_00004315,212076,0.058127203636661934,620-659,60-70%,43-50%,TX,Cash-out Refinance,Primary,Condo,Servicer_A,2020-10,240
LOAN_00004316,248152,0.03119549629595273,780+,70-80%,20-30%,MO,Cash-out Refinance,Primary,SFR,Servicer_D,2022-12,360
LOAN_00004317,144261,0.039835104777745156,740-779,<60%,20-30%,NJ,Refinance,Primary,SFR,Servicer_E,2021-03,240
LOAN_00004318,323996,0.04891782334197609,700-739,80-90%,30-36%,GA,Purchase,Primary,SFR,Servicer_E,2022-07,180
LOAN_00004319,530421,0.05436967157532193,660-699,90-100%,<20%,GA,Purchase,Primary,Condo,Servicer_D,2020-02,360
LOAN_00004320,451828,0.0490733104031427,700-739,90-100%,36-43%,GA,Purchase,Primary,SFR,Servicer_E,2021-12,360
LOAN_00004321,278356,0.05175378482336347,700-739,70-80%,36-43%,NC,Purchase,Primary,SFR,Servicer_B,2021-05,360
LOAN_00004322,118159,0.046525753646493306,740-779,<60%,36-43%,NY,Cash-out Refinance,Primary,SFR,Servicer_A,2021-05,360
LOAN_00004323,424153,0.037607201898296486,780+,90-100%,30-36%,WA,Cash-out Refinance,Primary,SFR,Servicer_B,2020-10,180
LOAN_00004324,319079,0.04858299067129962,700-739,80-90%,43-50%,NY,Cash-out Refinance,Primary,SFR,Servicer_A,2022-11,360
LOAN_00004325,366654,0.05244197770083634,660-699,80-90%,36-43%,OH,Cash-out Refinance,Primary,SFR,Servicer_D,2021-03,360
LOAN_00004326,780782,0.051275318756725016,700-739,>100%,>50%,MO,Purchase,Primary,SFR,Servicer_C,2022-07,180
LOAN_00004327,196338,0.056341551025557435,660-699,60-70%,43-50%,VA,Refinance,Primary,SFR,Servicer_C,2021-04,360
LOAN_00004328,70445,0.06002673484570237,620-659,<60%,36-43%,MD,Purchase,Primary,SFR,Servicer_E,2020-02,360
LOAN_00004329,175128,0.06318071472276005,620-659,60-70%,<20%,AZ,Refinance,Investment,Manufactured,Servicer_E,2022-08,360
LOAN_00004330,378141,0.047397389973863314,700-739,80-90%,43-50%,TN,Cash-out Refinance,Primary,SFR,Servicer_A,2020-07,360
LOAN_00004331,300578,0.03609043835296258,780+,80-90%,20-30%,TX,Cash-out Refinance,Primary,Condo,Servicer_E,2020-10,360
LOAN_00004332,161487,0.07025915638874328,<620,<60%,30-36%,NJ,Cash-out Refinance,Primary,SFR,Servicer_D,2022-07,360
LOAN_00004333,145821,0.059625350987333056,620-659,<60%,30-36%,GA,Purchase,Primary,Condo,Servicer_D,2022-09,360
LOAN_00004334,248375,0.04354405178591274,740-779,70-80%,20-30%,CA,Refinance,Primary,Condo,Servicer_E,2022-10,360
LOAN_00004335,159046,0.05833246067790906,620-659,<60%,<20%,TX,Purchase,Primary,SFR,Servicer_B,2021-04,240
LOAN_00004336,384737,0.06781593679921749,<620,90-100%,20-30%,NY,Refinance,Primary,SFR,Servicer_E,2022-04,180
LOAN_00004337,241418,0.0757501183028727,<620,70-80%,43-50%,CA,Purchase,Primary,SFR,Servicer_D,2020-12,360
LOAN_00004338,216737,0.05800732331389277,620-659,60-70%,36-43%,NC,Cash-out Refinance,Primary,Condo,Servicer_D,2022-03,360
LOAN_00004339,202979,0.06771604764819833,<620,60-70%,>50%,TX,Purchase,Investment,SFR,Servicer_D,2021-07,360
LOAN_00004340,338257,0.04048477513222331,740-779,80-90%,43-50%,IN,Refinance,Primary,SFR,Servicer_D,2020-02,360
LOAN_00004341,302944,0.054569166980839884,660-699,80-90%,30-36%,VA,Cash-out Refinance,Primary,Condo,Servicer_C,2021-04,360
LOAN_00004342,328068,0.050979848208924164,700-739,80-90%,43-50%,WI,Purchase,Primary,SFR,Servicer_E,2021-05,360
LOAN_00004343,324507,0.05911083822045052,620-659,80-90%,36-43%,TX,Refinance,Primary,SFR,Servicer_A,2020-10,360
LOAN_00004344,286044,0.07433432722523466,<620,70-80%,20-30%,TX,Cash-out Refinance,Primary,Manufactured,Servicer_A,2021-02,360
LOAN_00004345,176916,0.0579986727313511,620-659,60-70%,>50%,MO,Cash-out Refinance,Primary,Manufactured,Servicer_D,2021-07,180
LOAN_00004346,205830,0.04374771112879748,740-779,60-70%,>50%,GA,Purchase,Primary,SFR,Servicer_C,2020-02,240
LOAN_00004347,243448,0.03983873704139343,740-779,70-80%,<20%,TN,Refinance,Primary,SFR,Servicer_B,2020-06,360
LOAN_00004348,832840,0.07474936075304726,<620,>100%,43-50%,NY,Purchase,Primary,SFR,Servicer_C,2022-04,240
LOAN_00004349,151082,0.06116552094862279,620-659,<60%,<20%,CA,Purchase,Investment,SFR,Servicer_A,2021-01,360
LOAN_00004350,240508,0.060376976163700684,620-659,70-80%,>50%,MI,Purchase,Primary,Manufactured,Servicer_A,2021-10,360
LOAN_00004351,311493,0.050875223337301954,700-739,80-90%,36-43%,VA,Refinance,Primary,SFR,Servicer_A,2021-09,360
LOAN_00004352,254825,0.05821434141601412,620-659,70-80%,20-30%,FL,Purchase,Primary,SFR,Servicer_E,2021-08,360
LOAN_00004353,507364,0.04315648112647828,740-779,90-100%,43-50%,CA,Refinance,Primary,2-4 Unit,Servicer_B,2021-03,360
LOAN_00004354,254168,0.05964638026844382,620-659,70-80%,30-36%,IL,Purchase,Primary,SFR,Servicer_E,2021-06,180
LOAN_00004355,263742,0.040901558361111666,740-779,70-80%,<20%,FL,Purchase,Primary,Manufactured,Servicer_C,2022-06,360
LOAN_00004356,445661,0.05068853865966689,700-739,90-100%,43-50%,WI,Refinance,Primary,SFR,Servicer_B,2022-11,240
LOAN_00004357,733333,0.04728528221608713,700-739,>100%,43-50%,WI,Purchase,Primary,SFR,Servicer_A,2020-10,360
LOAN_00004358,599438,0.02,780+,>100%,30-36%,CA,Purchase,Primary,Manufactured,Servicer_A,2022-01,240
LOAN_00004359,276972,0.05083877648159912,700-739,70-80%,36-43%,MI,Purchase,Primary,SFR,Servicer_C,2022-11,180
LOAN_00004360,289306,0.044213602906444854,740-779,70-80%,<20%,GA,Purchase,Primary,SFR,Servicer_D,2020-01,240
LOAN_00004361,303567,0.0524753213933106,660-699,80-90%,20-30%,CA,Purchase,Primary,SFR,Servicer_E,2022-05,360
LOAN_00004362,319176,0.05502067360578225,660-699,80-90%,36-43%,AZ,Cash-out Refinance,Primary,Condo,Servicer_A,2021-06,180
LOAN_00004363,194138,0.076215183315779,<620,60-70%,20-30%,MO,Refinance,Investment,SFR,Servicer_C,2022-11,360
LOAN_00004364,473684,0.05865650796589011,620-659,90-100%,30-36%,WA,Purchase,Primary,Condo,Servicer_A,2021-09,360
LOAN_00004365,328832,0.05900935159580246,620-659,80-90%,>50%,MD,Purchase,Primary,Manufactured,Servicer_C,2022-07,360
LOAN_00004366,289981,0.06094736602263094,620-659,70-80%,43-50%,WA,Cash-out Refinance,Primary,SFR,Servicer_A,2020-06,360
LOAN_00004367,157066,0.06546170214689351,<620,<60%,36-43%,NJ,Purchase,Primary,SFR,Servicer_B,2020-06,180
LOAN_00004368,305939,0.06045135344625422,620-659,80-90%,36-43%,MD,Purchase,Primary,Condo,Servicer_C,2022-10,360
LOAN_00004369,115081,0.05838055629308943,620-659,<60%,43-50%,MA,Purchase,Primary,Manufactured,Servicer_C,2021-07,360
LOAN_00004370,221721,0.06353496302275773,<620,60-70%,43-50%,TN,Refinance,Primary,SFR,Servicer_A,2021-09,360
LOAN_00004371,223787,0.02588038695002675,780+,60-70%,<20%,TN,Refinance,Primary,Manufactured,Servicer_D,2020-07,360
LOAN_00004372,342318,0.08006861899934592,<620,80-90%,30-36%,CA,Purchase,Primary,2-4 Unit,Servicer_C,2020-09,360
LOAN_00004373,759127,0.07407675813656078,<620,>100%,20-30%,MA,Purchase,Primary,Condo,Servicer_E,2022-06,360
LOAN_00004374,394728,0.05760562902231148,620-659,90-100%,<20%,MA,Refinance,Second Home,SFR,Servicer_D,2020-11,240
LOAN_00004375,611824,0.0380439225950948,780+,>100%,20-30%,MI,Purchase,Primary,SFR,Servicer_E,2021-10,360
LOAN_00004376,409464,0.06952420518991534,<620,90-100%,36-43%,VA,Purchase,Primary,Condo,Servicer_A,2020-12,180
LOAN_00004377,520490,0.04667348201122347,740-779,90-100%,43-50%,IN,Cash-out Refinance,Primary,SFR,Servicer_C,2020-10,360
LOAN_00004378,750551,0.061406092198899226,620-659,>100%,>50%,FL,Purchase,Primary,SFR,Servicer_E,2020-06,360
LOAN_00004379,205680,0.0396051327785744,780+,60-70%,30-36%,NJ,Purchase,Primary,SFR,Servicer_A,2022-10,180
LOAN_00004380,199077,0.08171688278767747,<620,60-70%,30-36%,TN,Refinance,Investment,Condo,Servicer_B,2022-10,180
LOAN_00004381,414324,0.03769339885469656,780+,90-100%,20-30%,PA,Refinance,Second Home,SFR,Servicer_D,2020-05,360
LOAN_00004382,296013,0.05582783284379801,660-699,80-90%,20-30%,PA,Purchase,Primary,SFR,Servicer_A,2021-01,360
LOAN_00004383,331100,0.029533753425862085,780+,80-90%,<20%,CA,Purchase,Second Home,SFR,Servicer_E,2021-09,360
LOAN_00004384,261886,0.05450533057364414,660-699,70-80%,>50%,OH,Purchase,Primary,SFR,Servicer_E,2021-02,360
LOAN_00004385,220107,0.04989657753834069,700-739,60-70%,<20%,GA,Purchase,Primary,SFR,Servicer_E,2022-02,360
LOAN_00004386,666891,0.0686462007268716,<620,>100%,43-50%,WI,Purchase,Investment,SFR,Servicer_D,2020-10,360
LOAN_00004387,171111,0.04989544682089762,700-739,<60%,20-30%,TX,Purchase,Primary,SFR,Servicer_E,2020-03,360
LOAN_00004388,417983,0.06866348299415596,<620,90-100%,30-36%,WA,Purchase,Primary,Condo,Servicer_E,2021-01,360
LOAN_00004389,385429,0.04271055318893595,740-779,90-100%,43-50%,TX,Purchase,Second Home,SFR,Servicer_B,2021-10,360
LOAN_00004390,134657,0.05161646076346307,700-739,<60%,>50%,TN,Purchase,Primary,SFR,Servicer_A,2020-07,360
LOAN_00004391,195753,0.051857054824953924,700-739,60-70%,20-30%,MI,Refinance,Primary,Condo,Servicer_E,2022-06,360
LOAN_00004392,212916,0.060947059067595004,620-659,60-70%,>50%,NC,Refinance,Investment,SFR,Servicer_C,2020-01,180
LOAN_00004393,393285,0.05942049311688468,620-659,90-100%,20-30%,MD,Cash-out Refinance,Second Home,Manufactured,Servicer_A,2020-03,240
LOAN_00004394,246836,0.06366670185908034,<620,70-80%,43-50%,MA,Refinance,Primary,SFR,Servicer_C,2021-07,240
LOAN_00004395,284135,0.05820196723947687,620-659,70-80%,<20%,FL,Refinance,Primary,2-4 Unit,Servicer_A,2021-07,180
LOAN_00004396,143082,0.06293577791935738,620-659,<60%,30-36%,PA,Purchase,Second Home,Condo,Servicer_C,2020-11,360
LOAN_00004397,948802,0.04422563285568234,740-779,>100%,36-43%,PA,Refinance,Primary,Manufactured,Servicer_D,2020-10,180
LOAN_00004398,307305,0.05966558400257481,620-659,80-90%,43-50%,WA,Refinance,Investment,SFR,Servicer_A,2020-03,360
LOAN_00004399,380598,0.07429847112934818,<620,90-100%,43-50%,IN,Cash-out Refinance,Primary,SFR,Servicer_A,2021-12,360
LOAN_00004400,226315,0.03484008679134883,780+,70-80%,20-30%,WA,Cash-out Refinance,Primary,Condo,Servicer_E,2021-02,360
LOAN_00004401,213990,0.06086809545962714,620-659,60-70%,43-50%,NC,Purchase,Primary,SFR,Servicer_B,2020-05,360
LOAN_00004402,771693,0.06312135733525741,620-659,>100%,20-30%,MA,Cash-out Refinance,Primary,SFR,Servicer_A,2021-03,360
LOAN_00004403,113736,0.0725342365296602,<620,<60%,20-30%,TN,Refinance,Primary,SFR,Servicer_A,2022-10,360
LOAN_00004404,340892,0.06371256319948251,<620,80-90%,<20%,TX,Refinance,Primary,Condo,Servicer_B,2020-10,360
LOAN_00004405,161821,0.056203791305904506,660-699,<60%,20-30%,NJ,Purchase,Investment,Condo,Servicer_A,2022-09,360
LOAN_00004406,242195,0.06016087834612047,620-659,70-80%,<20%,MA,Purchase,Primary,2-4 Unit,Servicer_A,2020-10,360
LOAN_00004407,215550,0.046179545985263915,740-779,60-70%,36-43%,WA,Cash-out Refinance,Primary,SFR,Servicer_B,2020-07,360
LOAN_00004408,181137,0.05034438313170705,700-739,60-70%,<20%,IL,Purchase,Primary,Manufactured,Servicer_D,2020-10,360
LOAN_00004409,301860,0.03897156592357606,780+,80-90%,36-43%,NY,Refinance,Primary,Condo,Servicer_C,2020-12,360
LOAN_00004410,82123,0.07284435417213067,<620,<60%,<20%,PA,Purchase,Primary,SFR,Servicer_D,2020-05,360
LOAN_00004411,253281,0.060401887827410156,620-659,70-80%,36-43%,GA,Purchase,Second Home,SFR,Servicer_B,2021-10,360
LOAN_00004412,283468,0.044006650476104636,740-779,70-80%,20-30%,MD,Refinance,Primary,SFR,Servicer_A,2021-01,360
LOAN_00004413,150295,0.05825628355195101,620-659,<60%,20-30%,WA,Refinance,Primary,SFR,Servicer_C,2022-02,360
LOAN_00004414,631977,0.068912172519932,<620,>100%,36-43%,IN,Cash-out Refinance,Primary,SFR,Servicer_E,2021-06,360
LOAN_00004415,220305,0.06691350790545261,<620,60-70%,>50%,CA,Refinance,Primary,SFR,Servicer_D,2021-04,360
LOAN_00004416,263354,0.04386833664200318,740-779,70-80%,>50%,TN,Refinance,Primary,SFR,Servicer_B,2021-05,360
LOAN_00004417,220552,0.02,780+,60-70%,30-36%,NY,Cash-out Refinance,Primary,SFR,Servicer_A,2020-06,360
LOAN_00004418,284707,0.05974463301875656,620-659,70-80%,>50%,VA,Refinance,Primary,SFR,Servicer_A,2022-02,360
LOAN_00004419,570387,0.0443575644179412,740-779,>100%,36-43%,GA,Refinance,Primary,2-4 Unit,Servicer_E,2020-04,360
LOAN_00004420,1021219,0.06246793007176601,620-659,>100%,>50%,MO,Cash-out Refinance,Primary,SFR,Servicer_B,2022-02,360
LOAN_00004421,430550,0.06640324466003489,<620,90-100%,<20%,AZ,Refinance,Primary,SFR,Servicer_A,2022-12,360
LOAN_00004422,510934,0.0683635973339606,<620,90-100%,<20%,MI,Refinance,Primary,2-4 Unit,Servicer_B,2022-04,360
LOAN_00004423,699564,0.07593688583174238,<620,>100%,<20%,NJ,Refinance,Primary,SFR,Servicer_E,2021-05,360
LOAN_00004424,335855,0.06983628301692764,<620,80-90%,43-50%,MA,Refinance,Investment,SFR,Servicer_C,2020-12,360
LOAN_00004425,650258,0.07599458594540826,<620,>100%,<20%,MA,Refinance,Primary,2-4 Unit,Servicer_E,2022-08,240
LOAN_00004426,440735,0.07154872411882397,<620,90-100%,20-30%,VA,Refinance,Primary,SFR,Servicer_C,2020-10,360
LOAN_00004427,318696,0.072594610888266,<620,80-90%,36-43%,MA,Refinance,Primary,2-4 Unit,Servicer_E,2021-06,360
LOAN_00004428,353334,0.05450958232842673,660-699,80-90%,>50%,TN,Purchase,Primary,2-4 Unit,Servicer_B,2022-04,360
LOAN_00004429,119287,0.039528082825211475,780+,<60%,36-43%,CA,Purchase,Primary,SFR,Servicer_C,2022-10,360
LOAN_00004430,343196,0.08478724305378894,<620,80-90%,36-43%,GA,Purchase,Primary,Condo,Servicer_C,2022-10,240
LOAN_00004431,137053,0.05575543522259224,660-699,<60%,20-30%,MD,Purchase,Primary,SFR,Servicer_D,2020-04,360
LOAN_00004432,131579,0.06974449676769082,<620,<60%,>50%,OH,Purchase,Second Home,Manufactured,Servicer_A,2022-09,360
LOAN_00004433,326582,0.048396702027709335,700-739,80-90%,<20%,IN,Purchase,Primary,SFR,Servicer_A,2020-05,360
LOAN_00004434,169899,0.06656706931054768,<620,<60%,20-30%,NJ,Purchase,Primary,Condo,Servicer_B,2021-10,360
LOAN_00004435,295505,0.025660440099520412,780+,80-90%,30-36%,PA,Cash-out Refinance,Primary,SFR,Servicer_E,2022-10,360
LOAN_00004436,317812,0.05007467930798855,700-739,80-90%,20-30%,GA,Refinance,Primary,SFR,Servicer_E,2021-12,360
LOAN_00004437,324981,0.053819066999292536,660-699,80-90%,36-43%,MI,Refinance,Primary,Condo,Servicer_A,2022-11,360
LOAN_00004438,188704,0.06055130521966223,620-659,60-70%,36-43%,FL,Purchase,Primary,Manufactured,Servicer_C,2021-01,180
LOAN_00004439,464790,0.0678642961192133,<620,90-100%,20-30%,OH,Purchase,Second Home,SFR,Servicer_C,2020-12,360
LOAN_00004440,283617,0.041870284940436216,740-779,70-80%,<20%,AZ,Purchase,Primary,SFR,Servicer_E,2020-12,360
LOAN_00004441,369733,0.06291961826704245,620-659,80-90%,<20%,MD,Purchase,Primary,Manufactured,Servicer_C,2021-01,360
LOAN_00004442,163044,0.0697200037196409,<620,<60%,<20%,WI,Purchase,Primary,SFR,Servicer_D,2022-01,360
LOAN_00004443,271260,0.0831509389930511,<620,70-80%,>50%,GA,Refinance,Primary,SFR,Servicer_D,2021-05,360
LOAN_00004444,513316,0.06347953580605041,<620,90-100%,36-43%,TN,Purchase,Primary,SFR,Servicer_C,2022-03,360
LOAN_00004445,481705,0.049485928222225334,700-739,90-100%,<20%,GA,Refinance,Primary,2-4 Unit,Servicer_D,2021-03,360
LOAN_00004446,199058,0.039738824114700866,780+,60-70%,<20%,IN,Refinance,Second Home,Manufactured,Servicer_A,2020-12,360
LOAN_00004447,225758,0.07695042757438277,<620,60-70%,43-50%,MD,Purchase,Primary,SFR,Servicer_B,2020-07,360
LOAN_00004448,180892,0.0638481032271153,<620,60-70%,43-50%,NC,Cash-out Refinance,Investment,Condo,Servicer_E,2021-08,360
LOAN_00004449,213585,0.05473629242103713,660-699,60-70%,>50%,WA,Refinance,Investment,SFR,Servicer_A,2022-09,360
LOAN_00004450,147335,0.03556218046933818,780+,<60%,20-30%,MO,Purchase,Primary,SFR,Servicer_C,2022-07,360
LOAN_00004451,276761,0.04382579258922337,740-779,70-80%,30-36%,FL,Refinance,Primary,Condo,Servicer_D,2020-10,360
LOAN_00004452,407000,0.06257584346528725,620-659,90-100%,<20%,IL,Refinance,Primary,SFR,Servicer_C,2021-06,180
LOAN_00004453,200280,0.0592459962895108,620-659,60-70%,43-50%,WA,Refinance,Primary,SFR,Servicer_E,2022-02,360
LOAN_00004454,283423,0.031644021292402555,780+,70-80%,30-36%,NY,Cash-out Refinance,Primary,SFR,Servicer_E,2021-11,360
LOAN_00004455,265601,0.06259135067802193,620-659,70-80%,36-43%,TN,Purchase,Primary,SFR,Servicer_A,2020-03,360
LOAN_00004456,502604,0.03617876262136048,780+,90-100%,<20%,PA,Purchase,Primary,SFR,Servicer_C,2021-10,360
LOAN_00004457,218426,0.07124810882322712,<620,60-70%,43-50%,OH,Cash-out Refinance,Second Home,Manufactured,Servicer_D,2020-02,360
LOAN_00004458,222435,0.057502670978859485,620-659,60-70%,20-30%,IN,Refinance,Second Home,SFR,Servicer_D,2020-05,360
LOAN_00004459,194267,0.049438942615008405,700-739,60-70%,43-50%,NJ,Cash-out Refinance,Investment,SFR,Servicer_C,2021-12,360
LOAN_00004460,167920,0.06688185206932808,<620,<60%,20-30%,TN,Refinance,Primary,SFR,Servicer_C,2020-04,360
LOAN_00004461,386386,0.05924199146134942,620-659,90-100%,43-50%,WA,Refinance,Primary,2-4 Unit,Servicer_B,2021-01,240
LOAN_00004462,277186,0.07089913130206023,<620,70-80%,<20%,NJ,Refinance,Primary,SFR,Servicer_B,2021-10,360
LOAN_00004463,304798,0.055965707360674806,660-699,80-90%,36-43%,NJ,Purchase,Primary,Manufactured,Servicer_A,2021-12,360
LOAN_00004464,560912,0.056665832396868565,620-659,>100%,43-50%,IN,Purchase,Investment,SFR,Servicer_E,2021-05,180
LOAN_00004465,577255,0.05157699480882509,700-739,>100%,30-36%,WI,Purchase,Second Home,SFR,Servicer_D,2020-04,360
LOAN_00004466,130207,0.05815560571320596,620-659,<60%,20-30%,CA,Purchase,Primary,SFR,Servicer_B,2022-05,360
LOAN_00004467,410002,0.07537541055747105,<620,90-100%,20-30%,NJ,Refinance,Primary,SFR,Servicer_A,2022-11,240
LOAN_00004468,331977,0.048966829959267474,700-739,80-90%,20-30%,TN,Refinance,Primary,SFR,Servicer_C,2022-08,360
LOAN_00004469,235438,0.06277546179196763,620-659,70-80%,36-43%,WA,Cash-out Refinance,Primary,Condo,Servicer_E,2022-03,360
LOAN_00004470,349354,0.04443467700390459,740-779,80-90%,<20%,MI,Purchase,Primary,SFR,Servicer_E,2021-03,360
LOAN_00004471,125092,0.030199214587858608,780+,<60%,<20%,TN,Purchase,Primary,Condo,Servicer_B,2022-08,360
LOAN_00004472,616196,0.057489504884441316,620-659,>100%,20-30%,MI,Purchase,Second Home,SFR,Servicer_C,2021-06,240
LOAN_00004473,383644,0.059444865081633075,620-659,90-100%,20-30%,FL,Refinance,Primary,SFR,Servicer_C,2020-05,360
LOAN_00004474,192413,0.053679384766690194,660-699,60-70%,20-30%,PA,Purchase,Primary,Condo,Servicer_C,2022-07,360
LOAN_00004475,221304,0.037048180350733165,780+,60-70%,36-43%,CA,Purchase,Primary,SFR,Servicer_B,2020-12,180
LOAN_00004476,126554,0.05865161289569946,620-659,<60%,<20%,MA,Refinance,Primary,2-4 Unit,Servicer_E,2022-10,360
LOAN_00004477,253475,0.05819576360967335,620-659,70-80%,>50%,WI,Purchase,Primary,Condo,Servicer_D,2021-02,240
LOAN_00004478,232962,0.04433463242688912,740-779,70-80%,43-50%,GA,Refinance,Primary,2-4 Unit,Servicer_E,2022-08,360
LOAN_00004479,152885,0.03875810114232376,780+,<60%,30-36%,MA,Purchase,Primary,SFR,Servicer_A,2021-08,360
LOAN_00004480,437289,0.05197134486752839,700-739,90-100%,43-50%,WI,Purchase,Primary,Condo,Servicer_D,2021-05,360
LOAN_00004481,561517,0.06283515096133321,620-659,>100%,36-43%,GA,Cash-out Refinance,Primary,Manufactured,Servicer_B,2020-11,360
LOAN_00004482,292529,0.05999985678150389,620-659,80-90%,36-43%,MO,Purchase,Second Home,SFR,Servicer_D,2022-07,360
LOAN_00004483,254530,0.04442995602599106,740-779,70-80%,20-30%,CA,Purchase,Primary,SFR,Servicer_C,2020-03,360
LOAN_00004484,368609,0.05664310102026409,620-659,80-90%,36-43%,AZ,Cash-out Refinance,Primary,2-4 Unit,Servicer_C,2021-05,360
LOAN_00004485,293660,0.0656455168657068,<620,80-90%,<20%,NY,Purchase,Primary,SFR,Servicer_C,2021-02,360
LOAN_00004486,172630,0.040928011488798224,740-779,60-70%,30-36%,TN,Purchase,Primary,SFR,Servicer_B,2021-08,360
LOAN_00004487,213984,0.05575786441651833,660-699,60-70%,<20%,CA,Purchase,Primary,Condo,Servicer_C,2020-10,180
LOAN_00004488,255705,0.07107569176205047,<620,70-80%,30-36%,IN,Refinance,Investment,Condo,Servicer_E,2021-12,180
LOAN_00004489,335740,0.03970081413647322,780+,80-90%,36-43%,GA,Refinance,Primary,SFR,Servicer_A,2021-02,180
LOAN_00004490,297946,0.06886631549259412,<620,80-90%,20-30%,IL,Refinance,Primary,SFR,Servicer_A,2020-07,180
LOAN_00004491,329451,0.07443024942786862,<620,80-90%,20-30%,VA,Cash-out Refinance,Primary,SFR,Servicer_A,2020-08,360
LOAN_00004492,138356,0.05233353369794936,660-699,<60%,43-50%,WI,Purchase,Second Home,SFR,Servicer_C,2022-02,360
LOAN_00004493,413581,0.05088389657180463,700-739,90-100%,20-30%,NY,Purchase,Primary,SFR,Servicer_B,2020-10,360
LOAN_00004494,297065,0.06739713302823472,<620,80-90%,<20%,OH,Cash-out Refinance,Primary,Condo,Servicer_C,2020-12,360
LOAN_00004495,1062733,0.05276643549964577,660-699,>100%,20-30%,WA,Purchase,Primary,2-4 Unit,Servicer_A,2021-11,360
LOAN_00004496,244307,0.026762479591658894,780+,70-80%,>50%,TX,Cash-out Refinance,Primary,Manufactured,Servicer_A,2020-12,360
LOAN_00004497,348617,0.05381446486372505,660-699,80-90%,36-43%,WI,Cash-out Refinance,Primary,Manufactured,Servicer_B,2021-02,360
LOAN_00004498,1220302,0.06064484761833475,620-659,>100%,36-43%,NJ,Cash-out Refinance,Investment,Manufactured,Servicer_D,2020-09,360
LOAN_00004499,326781,0.06388100624298962,<620,80-90%,43-50%,WI,Purchase,Second Home,SFR,Servicer_A,2021-01,360
LOAN_00004500,286698,0.044432450022976924,740-779,70-80%,36-43%,NC,Refinance,Primary,SFR,Servicer_C,2022-01,360
LOAN_00004501,181051,0.0517623865663287,700-739,60-70%,43-50%,IN,Cash-out Refinance,Primary,SFR,Servicer_C,2021-08,360
LOAN_00004502,636750,0.06672288716982759,<620,>100%,36-43%,OH,Purchase,Investment,SFR,Servicer_B,2022-12,360
LOAN_00004503,166117,0.054280016543039954,660-699,<60%,43-50%,NC,Refinance,Primary,Manufactured,Servicer_A,2022-04,360
LOAN_00004504,367162,0.03665514407246904,780+,80-90%,36-43%,OH,Purchase,Primary,SFR,Servicer_D,2020-01,360
LOAN_00004505,234034,0.06985165611544451,<620,70-80%,20-30%,NJ,Purchase,Primary,SFR,Servicer_C,2021-02,360
LOAN_00004506,269771,0.052430667731473056,660-699,70-80%,<20%,IL,Cash-out Refinance,Primary,SFR,Servicer_C,2020-11,360
LOAN_00004507,145514,0.06809462532617656,<620,<60%,<20%,NJ,Cash-out Refinance,Primary,SFR,Servicer_D,2021-10,180
LOAN_00004508,580452,0.03825451964960141,780+,>100%,30-36%,IN,Purchase,Primary,Condo,Servicer_A,2020-10,180
LOAN_00004509,258099,0.05354815902893098,660-699,70-80%,>50%,NY,Purchase,Primary,SFR,Servicer_D,2022-11,360
LOAN_00004510,161531,0.061116832284126815,620-659,<60%,43-50%,TN,Refinance,Primary,SFR,Servicer_A,2020-11,180
LOAN_00004511,554790,0.05395426166198815,660-699,90-100%,43-50%,MO,Purchase,Primary,Manufactured,Servicer_C,2021-07,360
LOAN_00004512,230482,0.040803925572148084,740-779,70-80%,36-43%,CA,Refinance,Primary,SFR,Servicer_A,2020-05,180
LOAN_00004513,350565,0.026358360317877826,780+,80-90%,>50%,AZ,Refinance,Primary,SFR,Servicer_A,2022-09,360
LOAN_00004514,451670,0.07327918155404031,<620,90-100%,36-43%,MI,Purchase,Primary,Condo,Servicer_C,2022-09,240
LOAN_00004515,375876,0.0579764584228159,620-659,80-90%,20-30%,WA,Refinance,Investment,SFR,Servicer_C,2022-05,360
LOAN_00004516,98881,0.06900161263349366,<620,<60%,30-36%,PA,Purchase,Second Home,SFR,Servicer_B,2021-01,360
LOAN_00004517,419860,0.06614402919232538,<620,90-100%,30-36%,IL,Purchase,Primary,SFR,Servicer_B,2020-03,180
LOAN_00004518,282008,0.062162161913434946,620-659,70-80%,20-30%,PA,Cash-out Refinance,Primary,SFR,Servicer_A,2022-02,180
LOAN_00004519,251572,0.05114395173823519,700-739,70-80%,20-30%,NY,Purchase,Primary,SFR,Servicer_C,2021-04,360
LOAN_00004520,280818,0.060877203107669545,620-659,70-80%,20-30%,NC,Purchase,Primary,2-4 Unit,Servicer_C,2022-12,360
LOAN_00004521,132585,0.0721904433564487,<620,<60%,20-30%,MO,Refinance,Primary,SFR,Servicer_E,2022-02,360
LOAN_00004522,326467,0.05599613113928509,660-699,80-90%,20-30%,TN,Purchase,Investment,Manufactured,Servicer_C,2021-08,360
LOAN_00004523,149912,0.07782041253279029,<620,<60%,>50%,NY,Purchase,Investment,SFR,Servicer_C,2022-12,360
LOAN_00004524,257063,0.03700693736239773,780+,70-80%,20-30%,VA,Cash-out Refinance,Primary,2-4 Unit,Servicer_E,2022-05,180
LOAN_00004525,320658,0.03571709666485064,780+,80-90%,43-50%,TX,Purchase,Primary,2-4 Unit,Servicer_E,2021-05,360
LOAN_00004526,507381,0.06685690257423273,<620,90-100%,<20%,TX,Purchase,Primary,SFR,Servicer_C,2020-01,360
LOAN_00004527,196849,0.04517508476174946,740-779,60-70%,>50%,WA,Purchase,Primary,SFR,Servicer_B,2020-04,360
LOAN_00004528,612799,0.07952004304514534,<620,>100%,43-50%,OH,Refinance,Primary,Condo,Servicer_B,2021-04,360
LOAN_00004529,476120,0.07104809645479532,<620,90-100%,>50%,MA,Purchase,Investment,SFR,Servicer_B,2021-09,360
LOAN_00004530,239257,0.0740508580810965,<620,70-80%,30-36%,NY,Cash-out Refinance,Second Home,2-4 Unit,Servicer_C,2020-02,180
LOAN_00004531,170352,0.065613235666615,<620,<60%,36-43%,FL,Purchase,Second Home,SFR,Servicer_A,2020-05,240
LOAN_00004532,144075,0.04394099651595647,740-779,<60%,30-36%,MA,Refinance,Primary,2-4 Unit,Servicer_C,2022-02,240
LOAN_00004533,339719,0.035087900798377696,780+,80-90%,30-36%,IL,Cash-out Refinance,Primary,SFR,Servicer_A,2022-04,180
LOAN_00004534,205121,0.07294353603026826,<620,60-70%,43-50%,TX,Refinance,Primary,SFR,Servicer_E,2020-02,240
LOAN_00004535,540191,0.03700518152785531,780+,90-100%,<20%,TN,Refinance,Primary,SFR,Servicer_A,2021-07,360
LOAN_00004536,211131,0.07401862825273024,<620,60-70%,<20%,MA,Purchase,Primary,SFR,Servicer_E,2020-03,180
LOAN_00004537,189030,0.06303537712275226,620-659,60-70%,43-50%,MD,Purchase,Primary,SFR,Servicer_E,2022-03,360
LOAN_00004538,333304,0.05408496815415878,660-699,80-90%,<20%,VA,Purchase,Primary,SFR,Servicer_E,2022-07,360
LOAN_00004539,210444,0.06030457221202373,620-659,60-70%,36-43%,MI,Purchase,Primary,Condo,Servicer_C,2022-08,360
LOAN_00004540,297829,0.0605834912253892,620-659,80-90%,20-30%,AZ,Purchase,Investment,SFR,Servicer_D,2021-10,360
LOAN_00004541,485529,0.052571075336955035,660-699,90-100%,30-36%,TN,Refinance,Primary,SFR,Servicer_E,2021-11,240
LOAN_00004542,314460,0.07210824681903177,<620,80-90%,20-30%,WA,Purchase,Primary,2-4 Unit,Servicer_E,2022-10,180
LOAN_00004543,315048,0.07169681032719441,<620,80-90%,30-36%,OH,Cash-out Refinance,Primary,2-4 Unit,Servicer_E,2021-11,240
LOAN_00004544,328592,0.05686791162185129,620-659,80-90%,43-50%,MO,Refinance,Primary,Condo,Servicer_C,2021-05,360
LOAN_00004545,127191,0.04780006735959635,700-739,<60%,43-50%,MA,Purchase,Primary,SFR,Servicer_D,2022-04,360
LOAN_00004546,360742,0.0706714485328515,<620,80-90%,20-30%,MO,Purchase,Primary,2-4 Unit,Servicer_B,2021-10,360
LOAN_00004547,321247,0.030729275438334168,780+,80-90%,20-30%,VA,Refinance,Primary,SFR,Servicer_E,2022-07,360
LOAN_00004548,463447,0.06032671128413587,620-659,90-100%,43-50%,NC,Purchase,Second Home,SFR,Servicer_C,2021-07,360
LOAN_00004549,401476,0.06387490129850706,<620,90-100%,<20%,IN,Purchase,Primary,2-4 Unit,Servicer_B,2022-08,360
LOAN_00004550,268075,0.04505977798266385,740-779,70-80%,<20%,WA,Refinance,Primary,SFR,Servicer_B,2020-02,360
LOAN_00004551,496926,0.06668542584925176,<620,90-100%,30-36%,TN,Refinance,Second Home,SFR,Servicer_E,2020-02,240
LOAN_00004552,256192,0.05468336966420048,660-699,70-80%,43-50%,MO,Purchase,Primary,SFR,Servicer_A,2020-04,360
LOAN_00004553,335567,0.04845159853661059,700-739,80-90%,20-30%,PA,Purchase,Investment,SFR,Servicer_D,2021-09,360
LOAN_00004554,253831,0.06655868007596406,<620,70-80%,<20%,NY,Purchase,Primary,SFR,Servicer_B,2022-02,180
LOAN_00004555,373576,0.04197178685562701,740-779,80-90%,>50%,FL,Purchase,Primary,Condo,Servicer_C,2020-08,360
LOAN_00004556,245672,0.06543032003876656,<620,70-80%,>50%,VA,Purchase,Primary,2-4 Unit,Servicer_C,2020-06,360
LOAN_00004557,675883,0.031211845434168932,780+,>100%,36-43%,IN,Refinance,Primary,Manufactured,Servicer_D,2022-07,180
LOAN_00004558,813158,0.05842845336077436,620-659,>100%,36-43%,WI,Refinance,Primary,SFR,Servicer_B,2022-04,360
LOAN_00004559,459075,0.05552612747456193,660-699,90-100%,>50%,CA,Purchase,Primary,SFR,Servicer_E,2021-12,360
LOAN_00004560,640912,0.048523650797610875,700-739,>100%,36-43%,CA,Cash-out Refinance,Primary,2-4 Unit,Servicer_E,2021-06,240
LOAN_00004561,137364,0.059675498414668134,620-659,<60%,43-50%,AZ,Refinance,Primary,SFR,Servicer_E,2021-04,180
LOAN_00004562,145700,0.05404515844758655,660-699,<60%,30-36%,PA,Purchase,Second Home,SFR,Servicer_C,2020-01,360
LOAN_00004563,252513,0.06765634752766655,<620,70-80%,20-30%,MI,Cash-out Refinance,Primary,SFR,Servicer_A,2020-07,180
LOAN_00004564,302735,0.06172181186564122,620-659,80-90%,43-50%,TX,Refinance,Primary,SFR,Servicer_C,2022-09,360
LOAN_00004565,268577,0.06043233079449223,620-659,70-80%,36-43%,TX,Refinance,Primary,SFR,Servicer_A,2021-01,360
LOAN_00004566,130474,0.05850233444272246,620-659,<60%,20-30%,NJ,Purchase,Primary,Condo,Servicer_D,2022-02,360
LOAN_00004567,527442,0.049334002521435494,700-739,90-100%,36-43%,AZ,Cash-out Refinance,Primary,SFR,Servicer_B,2022-02,360
LOAN_00004568,870740,0.05137835740029163,700-739,>100%,43-50%,MO,Purchase,Primary,SFR,Servicer_A,2020-12,360
LOAN_00004569,562695,0.057978590082650674,620-659,>100%,20-30%,MI,Purchase,Primary,SFR,Servicer_E,2020-08,360
LOAN_00004570,510303,0.05291968615471437,660-699,90-100%,43-50%,WA,Cash-out Refinance,Primary,SFR,Servicer_D,2022-01,360
LOAN_00004571,332056,0.06833743396519595,<620,80-90%,<20%,MO,Cash-out Refinance,Primary,SFR,Servicer_A,2020-04,240
LOAN_00004572,194561,0.056121402274525035,660-699,60-70%,36-43%,NC,Refinance,Primary,2-4 Unit,Servicer_E,2021-06,360
LOAN_00004573,307510,0.059511599293901575,620-659,80-90%,>50%,IL,Purchase,Primary,SFR,Servicer_D,2022-08,360
LOAN_00004574,849832,0.03816779279325327,780+,>100%,43-50%,IN,Purchase,Primary,Condo,Servicer_B,2022-02,360
LOAN_00004575,248700,0.06631876326472452,<620,70-80%,43-50%,CA,Cash-out Refinance,Primary,SFR,Servicer_B,2022-04,360
LOAN_00004576,236220,0.048025916875907876,700-739,70-80%,36-43%,PA,Refinance,Primary,SFR,Servicer_C,2020-03,240
LOAN_00004577,515891,0.04248815701243944,740-779,90-100%,30-36%,FL,Cash-out Refinance,Primary,2-4 Unit,Servicer_E,2020-08,360
LOAN_00004578,533301,0.07475423210935087,<620,90-100%,36-43%,WA,Purchase,Primary,SFR,Servicer_C,2020-10,180
LOAN_00004579,194084,0.0633714582691911,<620,60-70%,20-30%,PA,Cash-out Refinance,Primary,SFR,Servicer_E,2020-11,360
LOAN_00004580,260213,0.0667251486267013,<620,70-80%,36-43%,OH,Purchase,Primary,Condo,Servicer_A,2020-07,360
LOAN_00004581,230740,0.06045395419488781,620-659,70-80%,30-36%,AZ,Purchase,Primary,SFR,Servicer_C,2022-11,360
LOAN_00004582,307074,0.053882190449155466,660-699,80-90%,30-36%,PA,Cash-out Refinance,Second Home,2-4 Unit,Servicer_A,2020-06,360
LOAN_00004583,514959,0.05164475190332484,700-739,90-100%,30-36%,GA,Purchase,Primary,Manufactured,Servicer_B,2022-02,240
LOAN_00004584,198389,0.06434932222548004,<620,60-70%,30-36%,MI,Refinance,Primary,SFR,Servicer_C,2021-10,360
LOAN_00004585,511361,0.06859022850685952,<620,90-100%,20-30%,FL,Refinance,Primary,SFR,Servicer_E,2021-10,360
LOAN_00004586,312020,0.05418179502488985,660-699,80-90%,20-30%,MD,Cash-out Refinance,Primary,SFR,Servicer_B,2020-08,360
LOAN_00004587,948935,0.07987051437640962,<620,>100%,30-36%,WI,Purchase,Investment,SFR,Servicer_B,2020-12,360
LOAN_00004588,347811,0.05263217740347029,660-699,80-90%,<20%,MA,Purchase,Primary,SFR,Servicer_E,2021-10,240
LOAN_00004589,282530,0.03827189866132033,780+,70-80%,>50%,FL,Refinance,Second Home,SFR,Servicer_C,2020-11,360
LOAN_00004590,395283,0.034341727108072276,780+,90-100%,<20%,MI,Cash-out Refinance,Primary,2-4 Unit,Servicer_D,2022-01,360
LOAN_00004591,250553,0.03474669558544807,780+,70-80%,43-50%,GA,Cash-out Refinance,Primary,2-4 Unit,Servicer_E,2020-02,360
LOAN_00004592,120857,0.05003425848913006,700-739,<60%,20-30%,NY,Purchase,Primary,SFR,Servicer_A,2020-03,360
LOAN_00004593,262955,0.05221578374664661,660-699,70-80%,43-50%,MO,Refinance,Primary,SFR,Servicer_D,2022-03,360
LOAN_00004594,260889,0.0631911956521587,620-659,70-80%,36-43%,NC,Purchase,Second Home,Manufactured,Servicer_A,2021-11,360
LOAN_00004595,133765,0.05465670357695474,660-699,<60%,>50%,AZ,Purchase,Primary,SFR,Servicer_E,2020-02,360
LOAN_00004596,285924,0.06512045241561022,<620,70-80%,43-50%,AZ,Purchase,Primary,SFR,Servicer_C,2022-09,360
LOAN_00004597,105497,0.05553871399147393,660-699,<60%,36-43%,OH,Purchase,Primary,SFR,Servicer_C,2020-01,360
LOAN_00004598,249236,0.05516225711352239,660-699,70-80%,20-30%,OH,Purchase,Primary,SFR,Servicer_A,2022-11,240
LOAN_00004599,334970,0.04806982151189863,700-739,80-90%,30-36%,WI,Purchase,Primary,SFR,Servicer_D,2022-03,180
LOAN_00004600,311295,0.07207106152477376,<620,80-90%,20-30%,IN,Purchase,Primary,SFR,Servicer_C,2022-12,360
LOAN_00004601,241461,0.03662218844106406,780+,70-80%,43-50%,NJ,Cash-out Refinance,Primary,SFR,Servicer_E,2022-11,360
LOAN_00004602,284143,0.058615723488566585,620-659,70-80%,43-50%,NJ,Purchase,Second Home,Condo,Servicer_A,2020-12,360
LOAN_00004603,200379,0.0528201944590092,660-699,60-70%,20-30%,CA,Cash-out Refinance,Investment,SFR,Servicer_D,2022-04,180
LOAN_00004604,298166,0.064381055170054,<620,80-90%,36-43%,IL,Cash-out Refinance,Primary,Condo,Servicer_E,2020-08,360
LOAN_00004605,305297,0.05475004718612981,660-699,80-90%,20-30%,CA,Purchase,Primary,SFR,Servicer_E,2021-05,180
LOAN_00004606,189070,0.05510372446739078,660-699,60-70%,36-43%,IN,Refinance,Primary,SFR,Servicer_D,2020-09,360
LOAN_00004607,339031,0.05180032453228346,700-739,80-90%,36-43%,MD,Purchase,Primary,Manufactured,Servicer_E,2021-06,360
LOAN_00004608,337974,0.07171907684958397,<620,80-90%,30-36%,NY,Purchase,Primary,SFR,Servicer_A,2022-08,360
LOAN_00004609,272909,0.05502887062072348,660-699,70-80%,43-50%,PA,Refinance,Investment,SFR,Servicer_A,2021-04,180
LOAN_00004610,995025,0.07863581453936166,<620,>100%,20-30%,GA,Refinance,Primary,SFR,Servicer_D,2020-04,360
LOAN_00004611,276412,0.05826696497953043,620-659,70-80%,43-50%,IN,Purchase,Primary,SFR,Servicer_B,2020-12,360
LOAN_00004612,257914,0.05526111808956793,660-699,70-80%,36-43%,NC,Cash-out Refinance,Primary,SFR,Servicer_D,2022-05,360
LOAN_00004613,240098,0.053256076481746746,660-699,70-80%,20-30%,CA,Refinance,Primary,2-4 Unit,Servicer_D,2021-07,360
LOAN_00004614,182504,0.06177096279622214,620-659,60-70%,30-36%,VA,Purchase,Second Home,2-4 Unit,Servicer_D,2021-09,360
LOAN_00004615,417879,0.04793927952511353,700-739,90-100%,<20%,FL,Purchase,Second Home,SFR,Servicer_E,2021-04,360
LOAN_00004616,210423,0.056748908788468444,620-659,60-70%,36-43%,WA,Cash-out Refinance,Primary,SFR,Servicer_B,2020-11,360
LOAN_00004617,223245,0.05509764416929382,660-699,60-70%,43-50%,MO,Cash-out Refinance,Primary,SFR,Servicer_E,2021-10,360
LOAN_00004618,226585,0.05890297239118228,620-659,70-80%,<20%,TX,Refinance,Second Home,SFR,Servicer_E,2021-11,240
LOAN_00004619,181231,0.05920036391514106,620-659,60-70%,<20%,WI,Refinance,Primary,SFR,Servicer_B,2022-09,360
LOAN_00004620,123557,0.059823938562206955,620-659,<60%,30-36%,AZ,Refinance,Primary,SFR,Servicer_B,2021-11,360
LOAN_00004621,235279,0.056138856954079504,660-699,70-80%,20-30%,TX,Purchase,Primary,SFR,Servicer_D,2022-12,180
LOAN_00004622,458936,0.0738273219081925,<620,90-100%,20-30%,IL,Cash-out Refinance,Primary,SFR,Servicer_E,2022-06,360
LOAN_00004623,327253,0.060070825794189806,620-659,80-90%,36-43%,NY,Refinance,Primary,SFR,Servicer_D,2020-03,360
LOAN_00004624,647120,0.08627183546031195,<620,>100%,30-36%,MO,Refinance,Primary,SFR,Servicer_A,2021-03,360
LOAN_00004625,431696,0.05559821690279047,660-699,90-100%,43-50%,MA,Refinance,Primary,SFR,Servicer_C,2021-02,360
LOAN_00004626,385378,0.0665069595094621,<620,90-100%,30-36%,GA,Refinance,Primary,2-4 Unit,Servicer_B,2020-01,360
LOAN_00004627,760190,0.04628740949950383,740-779,>100%,36-43%,NJ,Purchase,Primary,Condo,Servicer_C,2020-07,360
LOAN_00004628,282498,0.07180947106373564,<620,70-80%,30-36%,OH,Refinance,Primary,SFR,Servicer_C,2022-04,360
LOAN_00004629,306060,0.04654859275870636,740-779,80-90%,20-30%,NC,Purchase,Primary,SFR,Servicer_E,2021-01,360
LOAN_00004630,294863,0.06047053621547314,620-659,80-90%,30-36%,WA,Purchase,Primary,SFR,Servicer_E,2020-06,360
LOAN_00004631,641711,0.05182687358123048,700-739,>100%,36-43%,NY,Purchase,Primary,SFR,Servicer_C,2020-11,360
LOAN_00004632,296931,0.06042409356540259,620-659,80-90%,>50%,TN,Purchase,Primary,SFR,Servicer_A,2020-10,180
LOAN_00004633,214456,0.05218244515754212,660-699,60-70%,<20%,MD,Cash-out Refinance,Second Home,SFR,Servicer_A,2020-07,360
LOAN_00004634,397852,0.04552896527294541,740-779,90-100%,30-36%,WI,Purchase,Primary,SFR,Servicer_A,2020-04,360
LOAN_00004635,197179,0.051740892522426585,700-739,60-70%,36-43%,NY,Purchase,Second Home,SFR,Servicer_C,2022-04,360
LOAN_00004636,387215,0.07349896148969975,<620,90-100%,<20%,NC,Refinance,Investment,2-4 Unit,Servicer_A,2022-06,180
LOAN_00004637,364732,0.060607315222061774,620-659,80-90%,43-50%,PA,Cash-out Refinance,Primary,SFR,Servicer_A,2021-06,240
LOAN_00004638,269762,0.03953379964145043,780+,70-80%,20-30%,WA,Refinance,Primary,SFR,Servicer_A,2021-11,360
LOAN_00004639,393527,0.06814459241488072,<620,90-100%,43-50%,OH,Cash-out Refinance,Primary,2-4 Unit,Servicer_D,2022-10,240
LOAN_00004640,140942,0.04430182983607265,740-779,<60%,36-43%,GA,Refinance,Primary,SFR,Servicer_B,2022-07,360
LOAN_00004641,321734,0.06392031145669783,<620,80-90%,20-30%,FL,Refinance,Primary,Manufactured,Servicer_E,2020-02,360
LOAN_00004642,235300,0.06163798177115087,620-659,70-80%,36-43%,VA,Purchase,Primary,2-4 Unit,Servicer_C,2022-11,360
LOAN_00004643,1240632,0.06239572559501626,620-659,>100%,20-30%,NJ,Purchase,Primary,Condo,Servicer_D,2020-03,180
LOAN_00004644,320588,0.07723826999401816,<620,80-90%,36-43%,VA,Purchase,Primary,Condo,Servicer_C,2020-01,360
LOAN_00004645,220092,0.04505630890117582,740-779,60-70%,43-50%,OH,Refinance,Primary,2-4 Unit,Servicer_E,2021-03,360
LOAN_00004646,148873,0.06232953731064195,620-659,<60%,36-43%,TN,Refinance,Primary,SFR,Servicer_A,2022-03,360
LOAN_00004647,569607,0.07011506334918864,<620,>100%,20-30%,WA,Refinance,Primary,SFR,Servicer_D,2020-03,360
LOAN_00004648,248944,0.047279899580501536,700-739,70-80%,30-36%,NY,Refinance,Primary,SFR,Servicer_C,2020-11,360
LOAN_00004649,199650,0.04605095703382007,740-779,60-70%,30-36%,GA,Refinance,Primary,2-4 Unit,Servicer_C,2020-10,360
LOAN_00004650,350862,0.05155374953473079,700-739,80-90%,36-43%,AZ,Purchase,Primary,SFR,Servicer_D,2021-03,360
LOAN_00004651,410388,0.05889679642986481,620-659,90-100%,36-43%,FL,Purchase,Primary,Condo,Servicer_C,2022-12,360
LOAN_00004652,407166,0.03807428471246858,780+,90-100%,30-36%,GA,Refinance,Primary,SFR,Servicer_D,2020-12,360
LOAN_00004653,299501,0.061616823890299786,620-659,80-90%,43-50%,MO,Purchase,Primary,SFR,Servicer_C,2020-08,360
LOAN_00004654,321127,0.03809935909905128,780+,80-90%,43-50%,NC,Cash-out Refinance,Primary,Condo,Servicer_A,2020-05,360
LOAN_00004655,333040,0.07051996990968935,<620,80-90%,36-43%,NJ,Purchase,Primary,SFR,Servicer_B,2020-08,360
LOAN_00004656,350879,0.06116520193708148,620-659,80-90%,20-30%,AZ,Purchase,Primary,SFR,Servicer_E,2020-05,360
LOAN_00004657,366752,0.07795767846562725,<620,80-90%,30-36%,OH,Refinance,Primary,Condo,Servicer_A,2021-09,360
LOAN_00004658,512587,0.06302540512731157,620-659,90-100%,30-36%,IN,Purchase,Primary,SFR,Servicer_B,2021-04,240
LOAN_00004659,305042,0.05134287458654809,700-739,80-90%,43-50%,CA,Refinance,Primary,SFR,Servicer_D,2021-06,240
LOAN_00004660,197125,0.04541587437738804,740-779,60-70%,43-50%,MI,Purchase,Primary,SFR,Servicer_A,2022-06,360
LOAN_00004661,275916,0.05786669269693435,620-659,70-80%,43-50%,VA,Purchase,Primary,2-4 Unit,Servicer_A,2021-09,360
LOAN_00004662,432306,0.0546369929382655,660-699,90-100%,20-30%,IL,Refinance,Primary,SFR,Servicer_D,2020-06,360
LOAN_00004663,121386,0.06923366841852732,<620,<60%,36-43%,TN,Purchase,Primary,SFR,Servicer_B,2021-02,360
LOAN_00004664,121737,0.04385657420374181,740-779,<60%,43-50%,TX,Refinance,Primary,Manufactured,Servicer_B,2020-12,360
LOAN_00004665,469365,0.07925082400553174,<620,90-100%,20-30%,AZ,Purchase,Primary,Condo,Servicer_C,2022-06,360
LOAN_00004666,634163,0.07029732330057993,<620,>100%,<20%,WA,Refinance,Primary,SFR,Servicer_E,2020-12,360
LOAN_00004667,157534,0.05255771643691427,660-699,<60%,<20%,TN,Purchase,Primary,SFR,Servicer_E,2020-05,240
LOAN_00004668,311835,0.07657385077165144,<620,80-90%,36-43%,IL,Purchase,Primary,Condo,Servicer_B,2022-03,360
LOAN_00004669,242856,0.04560246285931273,740-779,70-80%,30-36%,NY,Refinance,Primary,2-4 Unit,Servicer_B,2021-04,180
LOAN_00004670,260298,0.05746707747898274,620-659,70-80%,20-30%,VA,Refinance,Primary,2-4 Unit,Servicer_C,2020-04,360
LOAN_00004671,345506,0.03968234738116415,780+,80-90%,30-36%,WI,Cash-out Refinance,Primary,SFR,Servicer_D,2022-01,360
LOAN_00004672,155370,0.07715883107561691,<620,<60%,43-50%,TN,Cash-out Refinance,Primary,Condo,Servicer_A,2020-08,360
LOAN_00004673,170483,0.03523135824302827,780+,<60%,43-50%,IL,Refinance,Primary,Condo,Servicer_C,2022-08,360
LOAN_00004674,255090,0.037714699644854105,780+,70-80%,43-50%,NC,Purchase,Second Home,Condo,Servicer_A,2022-06,360
LOAN_00004675,275767,0.04738344271526556,700-739,70-80%,43-50%,PA,Refinance,Primary,Condo,Servicer_B,2021-02,180
LOAN_00004676,168893,0.07086788409611394,<620,<60%,36-43%,TN,Refinance,Primary,SFR,Servicer_D,2021-09,180
LOAN_00004677,440129,0.06645813863294663,<620,90-100%,43-50%,NJ,Cash-out Refinance,Primary,Condo,Servicer_A,2021-09,360
LOAN_00004678,240679,0.05646460753874928,660-699,70-80%,30-36%,NC,Refinance,Primary,SFR,Servicer_E,2021-12,360
LOAN_00004679,240167,0.06722711453400754,<620,70-80%,43-50%,CA,Purchase,Primary,SFR,Servicer_A,2020-03,360
LOAN_00004680,341577,0.05361503530346621,660-699,80-90%,43-50%,WA,Cash-out Refinance,Primary,SFR,Servicer_E,2020-12,360
LOAN_00004681,278047,0.060069145351215956,620-659,70-80%,36-43%,NC,Refinance,Primary,SFR,Servicer_C,2020-07,360
LOAN_00004682,450781,0.0748207129078734,<620,90-100%,30-36%,CA,Purchase,Primary,SFR,Servicer_C,2022-02,360
LOAN_00004683,185960,0.05204057352154944,700-739,60-70%,20-30%,NY,Refinance,Primary,SFR,Servicer_C,2020-03,360
LOAN_00004684,147459,0.045803528550739527,740-779,<60%,20-30%,MA,Refinance,Investment,SFR,Servicer_B,2021-07,180
LOAN_00004685,254004,0.06064446057192389,620-659,70-80%,<20%,MA,Refinance,Primary,Manufactured,Servicer_D,2022-03,360
LOAN_00004686,305626,0.0638832916898986,<620,80-90%,<20%,MI,Cash-out Refinance,Primary,SFR,Servicer_B,2022-11,360
LOAN_00004687,159471,0.05632537284574334,660-699,<60%,30-36%,TN,Purchase,Primary,SFR,Servicer_A,2020-11,360
LOAN_00004688,148171,0.0670405757644724,<620,<60%,<20%,MA,Purchase,Primary,SFR,Servicer_A,2020-01,240
LOAN_00004689,324859,0.05258489036519785,660-699,80-90%,43-50%,WA,Purchase,Primary,Condo,Servicer_B,2022-03,360
LOAN_00004690,203030,0.0565305521150019,660-699,60-70%,36-43%,IL,Cash-out Refinance,Primary,SFR,Servicer_B,2020-01,360
LOAN_00004691,143450,0.05949489859076332,620-659,<60%,43-50%,NC,Purchase,Primary,SFR,Servicer_A,2020-03,360
LOAN_00004692,480542,0.058448332456449335,620-659,90-100%,30-36%,IN,Refinance,Investment,SFR,Servicer_A,2022-12,360
LOAN_00004693,216231,0.07435925955146619,<620,60-70%,20-30%,OH,Refinance,Primary,SFR,Servicer_E,2022-08,360
LOAN_00004694,526973,0.05943467500000399,620-659,90-100%,20-30%,AZ,Cash-out Refinance,Primary,Condo,Servicer_C,2022-02,360
LOAN_00004695,300810,0.05135317438094379,700-739,80-90%,43-50%,IN,Purchase,Primary,Condo,Servicer_B,2022-07,360
LOAN_00004696,343650,0.061335780417892144,620-659,80-90%,<20%,NJ,Purchase,Primary,SFR,Servicer_E,2020-03,180
LOAN_00004697,266798,0.06710621008324151,<620,70-80%,36-43%,NJ,Cash-out Refinance,Primary,SFR,Servicer_C,2020-04,360
LOAN_00004698,78622,0.06429082529822555,<620,<60%,20-30%,NY,Refinance,Primary,SFR,Servicer_A,2020-11,360
LOAN_00004699,167981,0.06362569085395575,<620,<60%,30-36%,MI,Purchase,Second Home,Manufactured,Servicer_D,2020-01,360
LOAN_00004700,278492,0.03702339827783158,780+,70-80%,<20%,CA,Purchase,Primary,Condo,Servicer_D,2022-08,360
LOAN_00004701,355885,0.025089848597916072,780+,80-90%,30-36%,FL,Cash-out Refinance,Primary,Condo,Servicer_B,2020-03,360
LOAN_00004702,121195,0.07030317446344748,<620,<60%,<20%,NJ,Cash-out Refinance,Primary,Manufactured,Servicer_D,2021-08,180
LOAN_00004703,288716,0.06026628935447358,620-659,70-80%,43-50%,IL,Refinance,Primary,SFR,Servicer_A,2022-07,360
LOAN_00004704,169205,0.05474107100061676,660-699,<60%,<20%,OH,Purchase,Primary,SFR,Servicer_E,2022-03,360
LOAN_00004705,333470,0.06333175633336185,620-659,80-90%,20-30%,GA,Refinance,Primary,Condo,Servicer_C,2020-09,360
LOAN_00004706,293695,0.07812771922799097,<620,80-90%,<20%,MI,Purchase,Primary,SFR,Servicer_B,2021-05,360
LOAN_00004707,430090,0.07196237399015692,<620,90-100%,>50%,AZ,Cash-out Refinance,Primary,SFR,Servicer_E,2021-08,180
LOAN_00004708,505554,0.0665466468736235,<620,90-100%,36-43%,NC,Purchase,Primary,Condo,Servicer_C,2022-04,240
LOAN_00004709,373060,0.04435929240600828,740-779,80-90%,36-43%,IN,Purchase,Investment,SFR,Servicer_E,2021-04,360
LOAN_00004710,455976,0.04591851036436148,740-779,90-100%,30-36%,MI,Purchase,Second Home,SFR,Servicer_A,2020-11,360
LOAN_00004711,248905,0.026363143823587516,780+,70-80%,43-50%,WI,Purchase,Primary,SFR,Servicer_B,2022-05,360
LOAN_00004712,1216585,0.06260216168661904,620-659,>100%,<20%,WI,Purchase,Primary,SFR,Servicer_C,2022-08,360
LOAN_00004713,161230,0.06830352636953399,<620,<60%,43-50%,NC,Refinance,Primary,SFR,Servicer_B,2021-06,360
LOAN_00004714,227776,0.06928213655429814,<620,70-80%,43-50%,TN,Purchase,Investment,SFR,Servicer_C,2020-02,360
LOAN_00004715,465412,0.06310516565532132,620-659,90-100%,<20%,MI,Refinance,Primary,SFR,Servicer_B,2021-07,180
LOAN_00004716,432077,0.05315119770127223,660-699,90-100%,<20%,MO,Purchase,Primary,Manufactured,Servicer_E,2022-09,360
LOAN_00004717,378395,0.04822867045707827,700-739,80-90%,30-36%,TN,Purchase,Primary,SFR,Servicer_B,2022-12,360
LOAN_00004718,415675,0.04509562244691082,740-779,90-100%,<20%,OH,Refinance,Investment,2-4 Unit,Servicer_A,2021-03,360
LOAN_00004719,104633,0.05303890181001761,660-699,<60%,20-30%,OH,Refinance,Investment,Manufactured,Servicer_E,2020-06,240
LOAN_00004720,656481,0.04326608495324262,740-779,>100%,30-36%,MO,Purchase,Primary,SFR,Servicer_D,2021-09,240
LOAN_00004721,267815,0.07607144878010305,<620,70-80%,20-30%,NJ,Cash-out Refinance,Primary,SFR,Servicer_A,2022-06,240
LOAN_00004722,552908,0.03937154136321279,780+,90-100%,36-43%,AZ,Purchase,Primary,2-4 Unit,Servicer_E,2022-11,360
LOAN_00004723,107284,0.052635360677329324,660-699,<60%,30-36%,AZ,Purchase,Primary,SFR,Servicer_A,2020-02,180
LOAN_00004724,337150,0.03176537903882951,780+,80-90%,36-43%,NY,Purchase,Primary,SFR,Servicer_D,2020-11,360
LOAN_00004725,223741,0.05855865833557678,620-659,60-70%,30-36%,IL,Refinance,Primary,SFR,Servicer_A,2021-06,180
LOAN_00004726,394770,0.05497139548291444,660-699,90-100%,30-36%,MD,Purchase,Primary,Condo,Servicer_B,2020-04,180
LOAN_00004727,347505,0.05071851575632553,700-739,80-90%,30-36%,PA,Purchase,Primary,Condo,Servicer_E,2022-08,360
LOAN_00004728,356120,0.04380660080763935,740-779,80-90%,43-50%,MO,Purchase,Primary,SFR,Servicer_A,2020-05,240
LOAN_00004729,174648,0.0550295420270514,660-699,60-70%,30-36%,GA,Purchase,Second Home,SFR,Servicer_C,2021-12,360
LOAN_00004730,288230,0.04846646931982915,700-739,70-80%,36-43%,IN,Purchase,Investment,SFR,Servicer_B,2022-10,360
LOAN_00004731,271011,0.05335758532759997,660-699,70-80%,43-50%,VA,Refinance,Primary,SFR,Servicer_B,2022-01,240
LOAN_00004732,379896,0.07848916002301591,<620,90-100%,36-43%,TX,Refinance,Second Home,SFR,Servicer_A,2022-04,240
LOAN_00004733,486332,0.05706612659071083,620-659,90-100%,20-30%,PA,Purchase,Primary,2-4 Unit,Servicer_B,2020-10,360
LOAN_00004734,319731,0.06139440649568839,620-659,80-90%,<20%,WI,Purchase,Primary,SFR,Servicer_B,2022-06,360
LOAN_00004735,156672,0.04942642269183406,700-739,<60%,36-43%,IL,Purchase,Primary,SFR,Servicer_A,2021-04,360
LOAN_00004736,312947,0.04558677388390286,740-779,80-90%,36-43%,IL,Cash-out Refinance,Primary,SFR,Servicer_D,2020-03,360
LOAN_00004737,1094204,0.054724507438616225,660-699,>100%,43-50%,FL,Refinance,Investment,SFR,Servicer_A,2021-02,360
LOAN_00004738,675361,0.0850471120582267,<620,>100%,36-43%,WA,Purchase,Primary,2-4 Unit,Servicer_B,2021-01,360
LOAN_00004739,67023,0.051550867661272474,700-739,<60%,<20%,IN,Cash-out Refinance,Primary,SFR,Servicer_E,2021-07,360
LOAN_00004740,306101,0.05933725364037787,620-659,80-90%,43-50%,MD,Purchase,Primary,SFR,Servicer_B,2020-10,360
LOAN_00004741,472626,0.04505921781891352,740-779,90-100%,36-43%,MO,Purchase,Primary,Manufactured,Servicer_D,2021-05,360
LOAN_00004742,270718,0.021936735539178992,780+,70-80%,>50%,MO,Cash-out Refinance,Primary,SFR,Servicer_C,2021-04,360
LOAN_00004743,235615,0.04552202401682013,740-779,70-80%,43-50%,MD,Refinance,Primary,2-4 Unit,Servicer_D,2020-12,360
LOAN_00004744,259501,0.08356851432824514,<620,70-80%,30-36%,VA,Refinance,Second Home,Manufactured,Servicer_D,2022-02,360
LOAN_00004745,390856,0.06214468353669719,620-659,90-100%,36-43%,IN,Refinance,Primary,Condo,Servicer_C,2020-11,360
LOAN_00004746,167002,0.07469109041264142,<620,<60%,36-43%,WA,Cash-out Refinance,Primary,SFR,Servicer_D,2022-04,360
LOAN_00004747,537317,0.05082733318081629,700-739,90-100%,20-30%,FL,Purchase,Primary,SFR,Servicer_C,2020-10,240
LOAN_00004748,288371,0.026718026754920066,780+,70-80%,30-36%,CA,Purchase,Primary,SFR,Servicer_B,2022-08,360
LOAN_00004749,185811,0.04169549195845065,740-779,60-70%,20-30%,TX,Purchase,Primary,SFR,Servicer_D,2021-02,360
LOAN_00004750,520307,0.05976429713253002,620-659,90-100%,<20%,OH,Cash-out Refinance,Primary,SFR,Servicer_B,2020-02,360
LOAN_00004751,136958,0.05785136633123741,620-659,<60%,36-43%,MI,Purchase,Primary,SFR,Servicer_A,2020-06,360
LOAN_00004752,224671,0.054874914441061254,660-699,60-70%,30-36%,WA,Purchase,Primary,Manufactured,Servicer_B,2022-06,360
LOAN_00004753,222829,0.048637011850764175,700-739,60-70%,43-50%,NJ,Purchase,Second Home,SFR,Servicer_D,2022-08,360
LOAN_00004754,866286,0.06627658824163893,<620,>100%,30-36%,GA,Purchase,Investment,SFR,Servicer_D,2020-08,360
LOAN_00004755,210552,0.04898383991198846,700-739,60-70%,43-50%,MA,Refinance,Primary,SFR,Servicer_C,2021-10,180
LOAN_00004756,100963,0.0586938024419524,620-659,<60%,36-43%,MO,Purchase,Primary,SFR,Servicer_C,2021-09,360
LOAN_00004757,221702,0.057343937980391245,620-659,60-70%,43-50%,IL,Cash-out Refinance,Primary,SFR,Servicer_B,2020-05,360
LOAN_00004758,372419,0.05057797067965345,700-739,80-90%,30-36%,PA,Refinance,Primary,SFR,Servicer_A,2021-05,360
LOAN_00004759,438906,0.04442444738752524,740-779,90-100%,>50%,MD,Purchase,Primary,SFR,Servicer_B,2022-01,180
LOAN_00004760,925667,0.04987203895932447,700-739,>100%,30-36%,WI,Cash-out Refinance,Primary,Condo,Servicer_E,2022-11,360
LOAN_00004761,599258,0.07748346139237297,<620,>100%,43-50%,OH,Purchase,Primary,SFR,Servicer_E,2022-07,360
LOAN_00004762,325774,0.06834937435919414,<620,80-90%,30-36%,NJ,Refinance,Primary,2-4 Unit,Servicer_A,2020-04,360
LOAN_00004763,189907,0.06724466477538374,<620,60-70%,20-30%,VA,Refinance,Primary,SFR,Servicer_E,2020-09,180
LOAN_00004764,667980,0.04556243551870222,740-779,>100%,36-43%,WA,Purchase,Primary,SFR,Servicer_D,2021-04,360
LOAN_00004765,246648,0.03774772872439733,780+,70-80%,30-36%,MO,Purchase,Primary,SFR,Servicer_A,2020-06,180
LOAN_00004766,213399,0.06815793058910345,<620,60-70%,20-30%,FL,Refinance,Primary,SFR,Servicer_C,2021-09,360
LOAN_00004767,240737,0.06585720712539933,<620,70-80%,30-36%,NJ,Refinance,Second Home,SFR,Servicer_A,2020-01,360
LOAN_00004768,158554,0.056646987720190625,620-659,<60%,20-30%,IL,Refinance,Primary,SFR,Servicer_D,2020-05,360
LOAN_00004769,235035,0.05055352134899847,700-739,70-80%,>50%,TN,Purchase,Primary,2-4 Unit,Servicer_D,2020-02,360
LOAN_00004770,263931,0.03743266414917962,780+,70-80%,36-43%,VA,Purchase,Primary,SFR,Servicer_B,2020-11,360
LOAN_00004771,427337,0.06540880533254202,<620,90-100%,20-30%,MA,Cash-out Refinance,Primary,SFR,Servicer_D,2022-04,360
LOAN_00004772,244252,0.06923362137959091,<620,70-80%,43-50%,MD,Purchase,Primary,SFR,Servicer_B,2020-07,180
LOAN_00004773,157356,0.04685089085810566,740-779,<60%,36-43%,TN,Cash-out Refinance,Second Home,SFR,Servicer_C,2022-12,240
LOAN_00004774,133001,0.04584880479112453,740-779,<60%,36-43%,MO,Refinance,Investment,2-4 Unit,Servicer_A,2020-10,360
LOAN_00004775,329319,0.06989274310010564,<620,80-90%,36-43%,IN,Refinance,Investment,SFR,Servicer_E,2020-02,360
LOAN_00004776,307525,0.04729762644527822,700-739,80-90%,<20%,WA,Purchase,Primary,SFR,Servicer_A,2021-01,360
LOAN_00004777,224772,0.07634872249427659,<620,60-70%,20-30%,GA,Cash-out Refinance,Primary,Condo,Servicer_E,2022-03,360
LOAN_00004778,234748,0.05369137890561148,660-699,70-80%,43-50%,OH,Cash-out Refinance,Primary,SFR,Servicer_E,2020-04,360
LOAN_00004779,360138,0.050361259517600204,700-739,80-90%,43-50%,GA,Refinance,Second Home,SFR,Servicer_A,2020-03,360
LOAN_00004780,594379,0.05554129601456076,660-699,>100%,43-50%,WA,Refinance,Primary,SFR,Servicer_A,2022-07,360
LOAN_00004781,200772,0.05036041918763176,700-739,60-70%,<20%,IN,Purchase,Primary,2-4 Unit,Servicer_A,2021-10,180
LOAN_00004782,310038,0.06851454863617218,<620,80-90%,43-50%,GA,Purchase,Investment,SFR,Servicer_E,2021-01,240
LOAN_00004783,478846,0.06562972167490465,<620,90-100%,30-36%,VA,Cash-out Refinance,Primary,SFR,Servicer_A,2022-04,180
LOAN_00004784,201177,0.06805727551300998,<620,60-70%,36-43%,NC,Purchase,Primary,SFR,Servicer_D,2022-07,360
LOAN_00004785,294249,0.05721423688832875,620-659,80-90%,20-30%,WA,Purchase,Primary,SFR,Servicer_E,2021-01,360
LOAN_00004786,290977,0.049523746020299644,700-739,80-90%,43-50%,IN,Purchase,Primary,SFR,Servicer_B,2021-09,360
LOAN_00004787,153945,0.05489123191086721,660-699,<60%,>50%,NC,Refinance,Primary,2-4 Unit,Servicer_C,2020-01,180
LOAN_00004788,322626,0.04989163850115671,700-739,80-90%,20-30%,GA,Refinance,Primary,SFR,Servicer_A,2020-12,360
LOAN_00004789,301273,0.07259915815819551,<620,80-90%,43-50%,IL,Refinance,Primary,SFR,Servicer_E,2021-10,240
LOAN_00004790,391422,0.06702728468558322,<620,90-100%,36-43%,MI,Purchase,Investment,SFR,Servicer_D,2020-08,360
LOAN_00004791,163825,0.05390172319771348,660-699,<60%,20-30%,MI,Purchase,Primary,SFR,Servicer_D,2022-12,360
LOAN_00004792,298040,0.043882300518744755,740-779,80-90%,20-30%,NY,Purchase,Primary,SFR,Servicer_B,2022-11,360
LOAN_00004793,591766,0.07349007625844581,<620,>100%,36-43%,WI,Cash-out Refinance,Investment,SFR,Servicer_D,2020-10,180
LOAN_00004794,837980,0.05664020962653161,620-659,>100%,20-30%,MO,Purchase,Primary,Condo,Servicer_D,2021-03,360
LOAN_00004795,562454,0.05343799047763919,660-699,>100%,<20%,PA,Cash-out Refinance,Primary,SFR,Servicer_A,2020-07,360
LOAN_00004796,164631,0.0735958326366275,<620,<60%,43-50%,MD,Purchase,Investment,SFR,Servicer_C,2021-07,360
LOAN_00004797,371582,0.04888061423946319,700-739,80-90%,36-43%,PA,Cash-out Refinance,Primary,SFR,Servicer_A,2020-05,180
LOAN_00004798,232914,0.05117287718404558,700-739,70-80%,43-50%,NC,Refinance,Primary,SFR,Servicer_D,2021-03,360
LOAN_00004799,341789,0.05223089261949083,660-699,80-90%,36-43%,FL,Cash-out Refinance,Primary,SFR,Servicer_E,2021-08,360
LOAN_00004800,201569,0.0392011699402979,780+,60-70%,30-36%,WA,Refinance,Primary,SFR,Servicer_E,2021-11,360
LOAN_00004801,125902,0.05878882438511138,620-659,<60%,43-50%,MI,Refinance,Primary,Condo,Servicer_C,2021-10,360
LOAN_00004802,249631,0.04585186306385859,740-779,70-80%,<20%,PA,Refinance,Primary,SFR,Servicer_E,2020-08,360
LOAN_00004803,425619,0.048151339212266525,700-739,90-100%,20-30%,PA,Purchase,Primary,SFR,Servicer_E,2022-05,360
LOAN_00004804,342490,0.04654677424718003,740-779,80-90%,36-43%,MD,Cash-out Refinance,Primary,SFR,Servicer_C,2022-01,360
LOAN_00004805,362751,0.04795515756035268,700-739,80-90%,>50%,AZ,Refinance,Primary,SFR,Servicer_B,2022-04,360
LOAN_00004806,330438,0.04493302643181023,740-779,80-90%,30-36%,NY,Purchase,Primary,Condo,Servicer_A,2021-05,180
LOAN_00004807,363038,0.05796657013143966,620-659,80-90%,>50%,FL,Purchase,Primary,SFR,Servicer_D,2022-09,360
LOAN_00004808,386449,0.05313288289017143,660-699,90-100%,43-50%,TX,Refinance,Primary,SFR,Servicer_B,2021-03,180
LOAN_00004809,258502,0.05557609765849739,660-699,70-80%,30-36%,IL,Cash-out Refinance,Primary,2-4 Unit,Servicer_C,2022-06,360
LOAN_00004810,309107,0.08324545691754776,<620,80-90%,30-36%,MA,Refinance,Primary,SFR,Servicer_E,2020-08,360
LOAN_00004811,709013,0.053133265826809634,660-699,>100%,<20%,TX,Purchase,Investment,SFR,Servicer_A,2020-09,360
LOAN_00004812,318384,0.0622593714668364,620-659,80-90%,36-43%,IL,Refinance,Primary,Condo,Servicer_B,2021-07,360
LOAN_00004813,302937,0.06362499519203174,<620,80-90%,<20%,CA,Purchase,Primary,SFR,Servicer_C,2021-09,360
LOAN_00004814,312213,0.054245720507628714,660-699,80-90%,30-36%,WA,Purchase,Primary,SFR,Servicer_D,2022-03,360
LOAN_00004815,265945,0.05828558957854046,620-659,70-80%,20-30%,IN,Cash-out Refinance,Primary,SFR,Servicer_E,2020-11,240
LOAN_00004816,238547,0.05524837828314911,660-699,70-80%,>50%,NJ,Purchase,Primary,SFR,Servicer_E,2022-08,360
LOAN_00004817,329173,0.05743070074853774,620-659,80-90%,30-36%,MD,Purchase,Primary,SFR,Servicer_C,2020-12,360
LOAN_00004818,230300,0.047961798527822355,700-739,70-80%,30-36%,AZ,Purchase,Second Home,Condo,Servicer_C,2021-08,360
LOAN_00004819,275747,0.049069464285042115,700-739,70-80%,30-36%,TN,Purchase,Investment,SFR,Servicer_C,2022-10,360
LOAN_00004820,199734,0.05520306703939692,660-699,60-70%,<20%,OH,Purchase,Primary,2-4 Unit,Servicer_A,2021-08,180
LOAN_00004821,313014,0.03133715627378808,780+,80-90%,30-36%,MO,Purchase,Primary,SFR,Servicer_D,2022-01,180
LOAN_00004822,397161,0.07295287347718389,<620,90-100%,43-50%,WA,Purchase,Primary,SFR,Servicer_E,2022-09,360
LOAN_00004823,266743,0.08093029621598956,<620,70-80%,36-43%,TX,Cash-out Refinance,Primary,SFR,Servicer_D,2022-12,360
LOAN_00004824,108641,0.057044203119096575,620-659,<60%,30-36%,TX,Purchase,Primary,SFR,Servicer_B,2021-06,360
LOAN_00004825,398389,0.06298563012701205,620-659,90-100%,43-50%,MO,Cash-out Refinance,Primary,SFR,Servicer_E,2021-04,360
LOAN_00004826,314925,0.06797269204060596,<620,80-90%,<20%,PA,Refinance,Primary,SFR,Servicer_B,2020-08,360
LOAN_00004827,180481,0.03910396312506077,780+,60-70%,43-50%,MI,Purchase,Primary,SFR,Servicer_C,2021-08,360
LOAN_00004828,436539,0.06613933534341308,<620,90-100%,<20%,TN,Purchase,Primary,SFR,Servicer_B,2022-10,360
LOAN_00004829,147382,0.0498827224667893,700-739,<60%,43-50%,TN,Purchase,Primary,SFR,Servicer_C,2021-06,360
LOAN_00004830,500170,0.08248869075780213,<620,90-100%,>50%,CA,Refinance,Primary,SFR,Servicer_E,2021-01,240
LOAN_00004831,288173,0.05274088516001566,660-699,70-80%,43-50%,WA,Refinance,Primary,SFR,Servicer_C,2020-04,360
LOAN_00004832,95374,0.06589818667805993,<620,<60%,<20%,MD,Purchase,Primary,SFR,Servicer_D,2021-03,360
LOAN_00004833,324215,0.0528590448356784,660-699,80-90%,30-36%,OH,Purchase,Primary,SFR,Servicer_E,2020-09,360
LOAN_00004834,242051,0.08136031307596536,<620,70-80%,43-50%,NJ,Purchase,Primary,Manufactured,Servicer_A,2022-12,360
LOAN_00004835,224487,0.048851797395533136,700-739,60-70%,30-36%,PA,Refinance,Second Home,SFR,Servicer_E,2021-07,360
LOAN_00004836,205076,0.06898106544792867,<620,60-70%,30-36%,MA,Purchase,Primary,SFR,Servicer_A,2020-05,360
LOAN_00004837,278282,0.06252013458942336,620-659,70-80%,30-36%,FL,Refinance,Second Home,SFR,Servicer_D,2020-03,360
LOAN_00004838,232676,0.05985171953996993,620-659,70-80%,<20%,NJ,Refinance,Primary,SFR,Servicer_C,2022-07,180
LOAN_00004839,117202,0.05774808881253727,620-659,<60%,30-36%,NC,Refinance,Primary,SFR,Servicer_B,2022-10,360
LOAN_00004840,560191,0.04699584978763764,740-779,>100%,<20%,WA,Purchase,Primary,2-4 Unit,Servicer_D,2022-04,360
LOAN_00004841,262451,0.023967324274791073,780+,70-80%,36-43%,MI,Purchase,Primary,SFR,Servicer_E,2020-05,360
LOAN_00004842,205670,0.06789270530153937,<620,60-70%,30-36%,WI,Purchase,Primary,2-4 Unit,Servicer_A,2020-04,360
LOAN_00004843,168684,0.04913393067586859,700-739,<60%,20-30%,WI,Cash-out Refinance,Primary,Condo,Servicer_A,2020-08,180
LOAN_00004844,435986,0.06903520172418436,<620,90-100%,<20%,PA,Purchase,Primary,Condo,Servicer_C,2022-04,360
LOAN_00004845,154938,0.05922037321498798,620-659,<60%,>50%,CA,Purchase,Primary,SFR,Servicer_A,2022-04,360
LOAN_00004846,317106,0.06940308137224145,<620,80-90%,36-43%,MI,Purchase,Primary,SFR,Servicer_B,2022-07,360
LOAN_00004847,221499,0.06462271024131369,<620,60-70%,36-43%,VA,Refinance,Primary,Condo,Servicer_C,2020-04,360
LOAN_00004848,228043,0.025423657834249592,780+,70-80%,43-50%,TN,Refinance,Second Home,Condo,Servicer_C,2020-06,360
LOAN_00004849,170795,0.06237874739497597,620-659,<60%,36-43%,NJ,Refinance,Primary,SFR,Servicer_D,2022-09,180
LOAN_00004850,217475,0.05087589417262619,700-739,60-70%,30-36%,VA,Refinance,Primary,SFR,Servicer_C,2022-10,180
LOAN_00004851,297868,0.06898013424721812,<620,80-90%,36-43%,CA,Cash-out Refinance,Second Home,SFR,Servicer_A,2022-03,240
LOAN_00004852,333586,0.0620944899416416,620-659,80-90%,20-30%,TN,Cash-out Refinance,Primary,SFR,Servicer_D,2020-04,360
LOAN_00004853,200226,0.062235628455587284,620-659,60-70%,36-43%,OH,Purchase,Primary,SFR,Servicer_B,2020-03,360
LOAN_00004854,283376,0.051733086451500994,700-739,70-80%,20-30%,GA,Purchase,Primary,SFR,Servicer_A,2020-03,360
LOAN_00004855,462419,0.044048725694706505,740-779,90-100%,>50%,NC,Cash-out Refinance,Primary,2-4 Unit,Servicer_D,2022-01,360
LOAN_00004856,129144,0.049805356492353695,700-739,<60%,30-36%,TX,Refinance,Primary,SFR,Servicer_C,2022-07,360
LOAN_00004857,295630,0.033401292861628615,780+,80-90%,20-30%,MI,Cash-out Refinance,Primary,SFR,Servicer_D,2021-11,180
LOAN_00004858,184353,0.04791587518544026,700-739,60-70%,36-43%,GA,Purchase,Primary,Condo,Servicer_D,2020-10,360
LOAN_00004859,175195,0.03743009080552681,780+,60-70%,<20%,IL,Cash-out Refinance,Primary,SFR,Servicer_A,2022-04,360
LOAN_00004860,337900,0.03774711035490627,780+,80-90%,30-36%,IL,Purchase,Primary,SFR,Servicer_E,2020-03,360
LOAN_00004861,225793,0.056397746166714516,660-699,60-70%,43-50%,CA,Refinance,Primary,Condo,Servicer_B,2022-06,360
LOAN_00004862,161393,0.06140858727404753,620-659,<60%,43-50%,MO,Purchase,Primary,SFR,Servicer_D,2022-09,360
LOAN_00004863,575009,0.05461847823789741,660-699,>100%,36-43%,PA,Purchase,Investment,2-4 Unit,Servicer_D,2022-02,360
LOAN_00004864,469791,0.049014514031939176,700-739,90-100%,30-36%,MO,Purchase,Primary,SFR,Servicer_A,2022-08,240
LOAN_00004865,112853,0.04363110205313289,740-779,<60%,30-36%,IN,Purchase,Primary,SFR,Servicer_A,2021-10,180
LOAN_00004866,141886,0.05119368409162347,700-739,<60%,<20%,MI,Purchase,Primary,SFR,Servicer_E,2021-05,240
LOAN_00004867,399004,0.04513332350526705,740-779,90-100%,36-43%,IN,Cash-out Refinance,Primary,SFR,Servicer_A,2020-12,360
LOAN_00004868,257188,0.05424603109454427,660-699,70-80%,36-43%,IL,Cash-out Refinance,Primary,SFR,Servicer_B,2022-10,360
LOAN_00004869,627994,0.03674161871105314,780+,>100%,<20%,NY,Cash-out Refinance,Investment,SFR,Servicer_E,2022-02,360
LOAN_00004870,403595,0.06341581093846874,<620,90-100%,<20%,MO,Cash-out Refinance,Primary,Condo,Servicer_A,2020-07,360
LOAN_00004871,344459,0.04819562653509169,700-739,80-90%,<20%,WA,Cash-out Refinance,Primary,SFR,Servicer_D,2022-11,360
LOAN_00004872,177916,0.05951508280338806,620-659,60-70%,20-30%,AZ,Cash-out Refinance,Primary,SFR,Servicer_B,2020-03,360
LOAN_00004873,379162,0.0656466639475743,<620,80-90%,<20%,MD,Purchase,Primary,Condo,Servicer_C,2021-10,360
LOAN_00004874,156704,0.058934450583172,620-659,<60%,30-36%,CA,Purchase,Primary,SFR,Servicer_A,2020-07,360
LOAN_00004875,569561,0.06458952147517699,<620,>100%,30-36%,NY,Cash-out Refinance,Primary,2-4 Unit,Servicer_C,2021-12,180
LOAN_00004876,366249,0.030200328845751145,780+,80-90%,30-36%,WI,Purchase,Primary,SFR,Servicer_B,2021-03,180
LOAN_00004877,196336,0.049085720035553365,700-739,60-70%,20-30%,FL,Refinance,Second Home,SFR,Servicer_D,2021-04,360
LOAN_00004878,443449,0.06823692000146901,<620,90-100%,30-36%,NC,Refinance,Primary,SFR,Servicer_D,2022-01,360
LOAN_00004879,909602,0.06111075445979466,620-659,>100%,43-50%,CA,Purchase,Primary,2-4 Unit,Servicer_C,2022-04,360
LOAN_00004880,265984,0.07718155918661755,<620,70-80%,20-30%,OH,Purchase,Primary,Condo,Servicer_A,2021-02,360
LOAN_00004881,390509,0.07545256575960421,<620,90-100%,20-30%,NY,Refinance,Primary,Condo,Servicer_D,2022-12,360
LOAN_00004882,238968,0.05859510561340764,620-659,70-80%,30-36%,PA,Refinance,Primary,SFR,Servicer_C,2021-06,360
LOAN_00004883,309488,0.05197625657338232,700-739,80-90%,20-30%,IN,Purchase,Primary,SFR,Servicer_D,2020-06,180
LOAN_00004884,139578,0.04349873544319612,740-779,<60%,20-30%,PA,Refinance,Primary,SFR,Servicer_D,2020-01,180
LOAN_00004885,296480,0.049290297213577035,700-739,80-90%,30-36%,IN,Purchase,Primary,SFR,Servicer_A,2020-08,360
LOAN_00004886,303091,0.050101037098127604,700-739,80-90%,30-36%,MO,Purchase,Second Home,SFR,Servicer_A,2022-01,360
LOAN_00004887,729050,0.047881009691419424,700-739,>100%,43-50%,NJ,Refinance,Primary,SFR,Servicer_C,2021-08,180
LOAN_00004888,120873,0.04397994702710745,740-779,<60%,43-50%,NJ,Purchase,Primary,2-4 Unit,Servicer_E,2021-01,180
LOAN_00004889,257701,0.05981891905026454,620-659,70-80%,30-36%,OH,Cash-out Refinance,Primary,SFR,Servicer_B,2021-06,240
LOAN_00004890,564704,0.0753596761377068,<620,>100%,30-36%,AZ,Purchase,Investment,SFR,Servicer_C,2022-07,360
LOAN_00004891,262790,0.06619908121876311,<620,70-80%,>50%,IN,Cash-out Refinance,Primary,SFR,Servicer_D,2021-09,180
LOAN_00004892,272210,0.05113095930075612,700-739,70-80%,30-36%,MO,Cash-out Refinance,Primary,SFR,Servicer_E,2020-03,240
LOAN_00004893,195510,0.06716834617120851,<620,60-70%,>50%,NY,Cash-out Refinance,Primary,SFR,Servicer_D,2020-02,360
LOAN_00004894,186036,0.05915981040206659,620-659,60-70%,43-50%,AZ,Refinance,Primary,SFR,Servicer_E,2021-06,360
LOAN_00004895,119023,0.054511547788757886,660-699,<60%,20-30%,FL,Refinance,Primary,Condo,Servicer_E,2021-03,360
LOAN_00004896,216510,0.053762527292231146,660-699,60-70%,20-30%,MI,Refinance,Primary,SFR,Servicer_A,2022-07,360
LOAN_00004897,180831,0.05260071834414083,660-699,60-70%,20-30%,TX,Refinance,Primary,SFR,Servicer_C,2021-09,360
LOAN_00004898,314588,0.06281279347284724,620-659,80-90%,43-50%,VA,Purchase,Primary,SFR,Servicer_D,2022-04,360
LOAN_00004899,200018,0.05667604098731706,620-659,60-70%,20-30%,MO,Purchase,Primary,Condo,Servicer_C,2021-10,360
LOAN_00004900,233328,0.04625892642907612,740-779,70-80%,36-43%,IN,Purchase,Second Home,SFR,Servicer_A,2021-01,360
LOAN_00004901,236545,0.04567777469079578,740-779,70-80%,30-36%,MA,Refinance,Primary,SFR,Servicer_D,2021-12,360
LOAN_00004902,289501,0.058670847775380015,620-659,70-80%,43-50%,VA,Purchase,Primary,SFR,Servicer_A,2021-11,360
LOAN_00004903,227689,0.060143814588199306,620-659,70-80%,43-50%,WA,Refinance,Primary,Condo,Servicer_B,2022-02,360
LOAN_00004904,174400,0.05124240826819859,700-739,60-70%,<20%,TX,Purchase,Primary,SFR,Servicer_E,2020-07,360
LOAN_00004905,309552,0.04141593252704507,740-779,80-90%,20-30%,MA,Purchase,Primary,SFR,Servicer_E,2021-12,180
LOAN_00004906,505721,0.07001158140502159,<620,90-100%,30-36%,AZ,Refinance,Primary,SFR,Servicer_A,2020-11,360
LOAN_00004907,316232,0.0674632553143252,<620,80-90%,43-50%,FL,Cash-out Refinance,Investment,Condo,Servicer_B,2022-05,360
LOAN_00004908,218619,0.031151481988318023,780+,60-70%,36-43%,WA,Purchase,Primary,2-4 Unit,Servicer_B,2022-05,360
LOAN_00004909,278849,0.07107499507976237,<620,70-80%,30-36%,GA,Cash-out Refinance,Second Home,Manufactured,Servicer_C,2021-11,240
LOAN_00004910,106370,0.05249229043200383,660-699,<60%,43-50%,NJ,Purchase,Primary,SFR,Servicer_E,2022-11,360
LOAN_00004911,276591,0.05727984496032571,620-659,70-80%,30-36%,IN,Purchase,Primary,SFR,Servicer_E,2021-08,360
LOAN_00004912,242758,0.06865867672063153,<620,70-80%,<20%,OH,Purchase,Primary,SFR,Servicer_A,2020-01,180
LOAN_00004913,185956,0.07483046543954865,<620,60-70%,43-50%,MD,Purchase,Primary,SFR,Servicer_D,2021-10,360
LOAN_00004914,203607,0.06703438342054636,<620,60-70%,30-36%,NC,Purchase,Primary,SFR,Servicer_A,2022-04,360
LOAN_00004915,241562,0.05789236598740671,620-659,70-80%,43-50%,NJ,Purchase,Primary,SFR,Servicer_C,2020-04,360
LOAN_00004916,487102,0.03849231176436402,780+,90-100%,30-36%,CA,Refinance,Primary,Manufactured,Servicer_C,2020-04,240
LOAN_00004917,511974,0.03068521811218314,780+,90-100%,36-43%,FL,Refinance,Primary,SFR,Servicer_C,2020-10,360
LOAN_00004918,186453,0.06553790726829405,<620,60-70%,20-30%,PA,Purchase,Primary,SFR,Servicer_E,2022-07,360
LOAN_00004919,228881,0.07110436414893372,<620,70-80%,30-36%,WI,Cash-out Refinance,Primary,SFR,Servicer_D,2021-07,180
LOAN_00004920,231817,0.04522426166994342,740-779,70-80%,<20%,PA,Refinance,Investment,SFR,Servicer_E,2022-12,180
LOAN_00004921,444529,0.05176264042313524,700-739,90-100%,36-43%,GA,Purchase,Second Home,SFR,Servicer_C,2022-08,240
LOAN_00004922,318938,0.04831280933937454,700-739,80-90%,20-30%,MO,Purchase,Second Home,SFR,Servicer_C,2021-08,360
LOAN_00004923,310641,0.04799319911813196,700-739,80-90%,20-30%,OH,Purchase,Primary,SFR,Servicer_C,2022-01,360
LOAN_00004924,387755,0.06789953420670358,<620,90-100%,30-36%,IN,Cash-out Refinance,Primary,Condo,Servicer_B,2020-12,360
LOAN_00004925,220090,0.05762047759304371,620-659,60-70%,30-36%,FL,Purchase,Primary,SFR,Servicer_D,2020-04,240
LOAN_00004926,586508,0.05224986026325197,660-699,>100%,36-43%,FL,Purchase,Primary,Condo,Servicer_B,2021-03,360
LOAN_00004927,296299,0.08689024024612446,<620,80-90%,36-43%,CA,Purchase,Primary,Condo,Servicer_A,2021-10,240
LOAN_00004928,193308,0.03778694921190928,780+,60-70%,36-43%,FL,Purchase,Primary,SFR,Servicer_C,2020-07,360
LOAN_00004929,264389,0.06157493297794943,620-659,70-80%,30-36%,WA,Purchase,Investment,SFR,Servicer_D,2020-08,360
LOAN_00004930,549060,0.04241226057793366,740-779,90-100%,30-36%,TX,Refinance,Primary,2-4 Unit,Servicer_C,2020-01,360
LOAN_00004931,239768,0.0531107575360691,660-699,70-80%,<20%,WA,Cash-out Refinance,Primary,SFR,Servicer_A,2022-03,360
LOAN_00004932,476764,0.05678366061355208,620-659,90-100%,30-36%,VA,Purchase,Investment,SFR,Servicer_A,2022-09,360
LOAN_00004933,216929,0.0651351486356211,<620,60-70%,43-50%,IL,Purchase,Primary,SFR,Servicer_D,2022-06,180
LOAN_00004934,202231,0.05186581725806773,700-739,60-70%,30-36%,CA,Purchase,Primary,2-4 Unit,Servicer_E,2021-02,180
LOAN_00004935,412420,0.0505966228264379,700-739,90-100%,>50%,NY,Purchase,Primary,SFR,Servicer_B,2021-10,360
LOAN_00004936,191570,0.051650978826237905,700-739,60-70%,20-30%,FL,Refinance,Primary,SFR,Servicer_E,2022-11,180
LOAN_00004937,447427,0.04204056776438589,740-779,90-100%,36-43%,NJ,Cash-out Refinance,Primary,SFR,Servicer_C,2021-10,360
LOAN_00004938,353561,0.06258771762510024,620-659,80-90%,36-43%,MD,Refinance,Primary,SFR,Servicer_A,2020-11,240
LOAN_00004939,191607,0.0583760124493829,620-659,60-70%,36-43%,NC,Purchase,Primary,SFR,Servicer_B,2021-01,360
LOAN_00004940,286152,0.0602220240557806,620-659,70-80%,36-43%,WA,Cash-out Refinance,Primary,SFR,Servicer_E,2022-03,360
LOAN_00004941,225395,0.05416548396960303,660-699,60-70%,<20%,OH,Cash-out Refinance,Primary,SFR,Servicer_B,2021-05,360
LOAN_00004942,353093,0.05268546448131888,660-699,80-90%,36-43%,TX,Purchase,Primary,SFR,Servicer_E,2022-07,360
LOAN_00004943,762150,0.06910720405877022,<620,>100%,30-36%,IL,Cash-out Refinance,Second Home,SFR,Servicer_D,2022-08,240
LOAN_00004944,246384,0.06726143764188419,<620,70-80%,30-36%,MI,Refinance,Primary,SFR,Servicer_E,2020-02,180
LOAN_00004945,387274,0.07197760703421266,<620,90-100%,<20%,MO,Refinance,Primary,SFR,Servicer_C,2022-03,360
LOAN_00004946,300204,0.059471132217950445,620-659,80-90%,20-30%,IL,Purchase,Investment,SFR,Servicer_A,2021-02,360
LOAN_00004947,300147,0.07123196913586503,<620,80-90%,>50%,WI,Purchase,Primary,SFR,Servicer_C,2021-07,360
LOAN_00004948,273046,0.05000700832335503,700-739,70-80%,20-30%,WA,Refinance,Primary,SFR,Servicer_E,2020-10,360
LOAN_00004949,193163,0.05258977856630403,660-699,60-70%,30-36%,GA,Purchase,Primary,SFR,Servicer_E,2021-02,360
LOAN_00004950,350659,0.06934120904418353,<620,80-90%,20-30%,WA,Cash-out Refinance,Second Home,SFR,Servicer_C,2020-12,240
LOAN_00004951,256691,0.06512105845912286,<620,70-80%,36-43%,AZ,Purchase,Primary,SFR,Servicer_A,2020-02,360
LOAN_00004952,188640,0.05151459511702124,700-739,60-70%,36-43%,AZ,Purchase,Primary,Condo,Servicer_B,2022-05,360
LOAN_00004953,492419,0.04244490116776347,740-779,90-100%,>50%,MO,Refinance,Primary,SFR,Servicer_B,2020-06,360
LOAN_00004954,311609,0.05255242951609033,660-699,80-90%,36-43%,AZ,Refinance,Primary,Condo,Servicer_E,2021-02,360
LOAN_00004955,264593,0.046781578704675586,740-779,70-80%,20-30%,CA,Purchase,Primary,SFR,Servicer_C,2020-07,360
LOAN_00004956,579562,0.0756940417898641,<620,>100%,<20%,GA,Refinance,Primary,SFR,Servicer_C,2020-06,360
LOAN_00004957,118416,0.06412048772223701,<620,<60%,20-30%,MD,Refinance,Primary,SFR,Servicer_E,2021-02,360
LOAN_00004958,560402,0.04580892907135881,740-779,>100%,36-43%,IL,Refinance,Primary,SFR,Servicer_A,2022-10,180
LOAN_00004959,190976,0.04246010847201985,740-779,60-70%,>50%,MI,Purchase,Primary,Condo,Servicer_B,2022-10,360
LOAN_00004960,329643,0.04566024071458533,740-779,80-90%,<20%,NJ,Refinance,Primary,SFR,Servicer_D,2021-02,360
LOAN_00004961,221011,0.04829409713840399,700-739,60-70%,30-36%,VA,Refinance,Primary,Manufactured,Servicer_B,2021-07,360
LOAN_00004962,186931,0.05299959527443367,660-699,60-70%,36-43%,MO,Refinance,Primary,SFR,Servicer_C,2022-12,180
LOAN_00004963,572028,0.06837455789057065,<620,>100%,36-43%,NJ,Refinance,Primary,SFR,Servicer_E,2020-09,360
LOAN_00004964,750209,0.04340179730376396,740-779,>100%,36-43%,CA,Purchase,Investment,Manufactured,Servicer_D,2022-11,360
LOAN_00004965,265504,0.0824744469381586,<620,70-80%,30-36%,IL,Purchase,Primary,SFR,Servicer_C,2020-04,180
LOAN_00004966,350717,0.04368039715805615,740-779,80-90%,20-30%,WA,Purchase,Primary,Condo,Servicer_A,2020-09,240
LOAN_00004967,305130,0.038091427226864816,780+,80-90%,30-36%,TN,Purchase,Primary,SFR,Servicer_E,2021-01,240
LOAN_00004968,704506,0.07525965790388164,<620,>100%,30-36%,WA,Refinance,Primary,SFR,Servicer_A,2020-02,360
LOAN_00004969,103096,0.07085506719804346,<620,<60%,36-43%,MA,Refinance,Primary,SFR,Servicer_A,2022-06,360
LOAN_00004970,358097,0.05281181442692458,660-699,80-90%,20-30%,IL,Cash-out Refinance,Investment,Condo,Servicer_B,2022-07,240
LOAN_00004971,206165,0.05957598778149432,620-659,60-70%,30-36%,TX,Refinance,Primary,SFR,Servicer_B,2021-02,360
LOAN_00004972,91310,0.059878829429224165,620-659,<60%,>50%,MD,Refinance,Primary,SFR,Servicer_D,2022-07,360
LOAN_00004973,247640,0.056640549144922704,620-659,70-80%,30-36%,VA,Refinance,Primary,2-4 Unit,Servicer_C,2022-04,360
LOAN_00004974,747152,0.03944224553835432,780+,>100%,20-30%,MA,Purchase,Primary,SFR,Servicer_E,2022-05,360
LOAN_00004975,213624,0.025216393808004972,780+,60-70%,>50%,WI,Refinance,Primary,Manufactured,Servicer_A,2022-05,360
LOAN_00004976,440375,0.044863285812119,740-779,90-100%,20-30%,NY,Purchase,Investment,SFR,Servicer_E,2021-09,360
LOAN_00004977,540006,0.07679385293645137,<620,90-100%,43-50%,MO,Purchase,Primary,Condo,Servicer_C,2020-04,360
LOAN_00004978,294681,0.07726496203271987,<620,80-90%,<20%,GA,Cash-out Refinance,Primary,SFR,Servicer_C,2022-10,360
LOAN_00004979,314968,0.0518579564260923,700-739,80-90%,43-50%,WA,Refinance,Investment,Condo,Servicer_A,2021-10,360
LOAN_00004980,125724,0.043504429329715946,740-779,<60%,20-30%,GA,Purchase,Primary,2-4 Unit,Servicer_D,2022-09,360
LOAN_00004981,207299,0.058337454636752564,620-659,60-70%,30-36%,NY,Refinance,Primary,SFR,Servicer_C,2022-11,360
LOAN_00004982,466728,0.060267774345604305,620-659,90-100%,>50%,MO,Cash-out Refinance,Primary,Condo,Servicer_D,2020-07,360
LOAN_00004983,305693,0.06220863423152869,620-659,80-90%,36-43%,OH,Purchase,Primary,Manufactured,Servicer_E,2021-03,360
LOAN_00004984,356350,0.02467565580594883,780+,80-90%,20-30%,CA,Cash-out Refinance,Primary,Condo,Servicer_B,2020-07,360
LOAN_00004985,316975,0.09289307420590195,<620,80-90%,<20%,NY,Cash-out Refinance,Second Home,Manufactured,Servicer_E,2020-02,360
LOAN_00004986,887356,0.0685896960165236,<620,>100%,<20%,WI,Refinance,Investment,Condo,Servicer_C,2022-11,360
LOAN_00004987,239124,0.052625635555124,660-699,70-80%,20-30%,IN,Purchase,Primary,SFR,Servicer_B,2022-10,180
LOAN_00004988,661790,0.04637826843806976,740-779,>100%,30-36%,AZ,Purchase,Investment,Condo,Servicer_D,2022-10,240
LOAN_00004989,317029,0.06684766832895525,<620,80-90%,30-36%,TN,Purchase,Primary,SFR,Servicer_A,2022-08,180
LOAN_00004990,691832,0.0609447353804145,620-659,>100%,>50%,WA,Purchase,Primary,SFR,Servicer_D,2021-12,360
LOAN_00004991,160734,0.056105769856414134,660-699,<60%,43-50%,MD,Refinance,Primary,SFR,Servicer_E,2021-07,360
LOAN_00004992,325242,0.06050001560368974,620-659,80-90%,>50%,TX,Cash-out Refinance,Primary,SFR,Servicer_B,2022-12,360
LOAN_00004993,243569,0.05364736474930463,660-699,70-80%,30-36%,TX,Purchase,Primary,Condo,Servicer_C,2021-08,180
LOAN_00004994,317977,0.05982234718860763,620-659,80-90%,30-36%,AZ,Purchase,Primary,Condo,Servicer_D,2021-12,360
LOAN_00004995,546444,0.06371635421144205,<620,90-100%,36-43%,WI,Refinance,Investment,Condo,Servicer_C,2020-08,360
LOAN_00004996,358399,0.059119802488984324,620-659,80-90%,30-36%,VA,Purchase,Primary,SFR,Servicer_E,2022-03,360
LOAN_00004997,545900,0.058491062779863025,620-659,90-100%,20-30%,WI,Refinance,Primary,SFR,Servicer_E,2022-06,360
LOAN_00004998,212116,0.07171432159853418,<620,60-70%,43-50%,NC,Cash-out Refinance,Primary,SFR,Servicer_B,2022-01,360
LOAN_00004999,196532,0.03583471456697852,780+,60-70%,36-43%,AZ,Purchase,Primary,SFR,Servicer_B,2021-06,180
